timestamp,model_name,model_tier,model_params,provider,item_id,item_text,gold_label,category,difficulty,run_number,prediction,correct,latency_ms,raw_output,error
2026-09-19T16:27:12.571384,Llama-3.2-3B,SLM,3B,ollama,1,Shared Mailbox Access - [AWS_ACCESS_KEY] - [EMAIL],Support general,it_ticket_classification,unspecified,1,Fileservice,False,27623,Fileservice,
2026-09-19T16:27:16.841749,Llama-3.2-3B,SLM,3B,ollama,1,Shared Mailbox Access - [AWS_ACCESS_KEY] - [EMAIL],Support general,it_ticket_classification,unspecified,2,Fileservice,False,2524,Fileservice,
2026-09-19T16:27:20.995295,Llama-3.2-3B,SLM,3B,ollama,1,Shared Mailbox Access - [AWS_ACCESS_KEY] - [EMAIL],Support general,it_ticket_classification,unspecified,3,Fileservice,False,2464,Fileservice,
2026-09-19T16:27:26.530808,Llama-3.2-3B,SLM,3B,ollama,2,[TICKET ID] - A Support Ticket was forwarded to your role  -[LOCATION]Wiedereinr...,Software,it_ticket_classification,unspecified,1,Fileservice,False,3816,Fileservice,
2026-09-19T16:27:30.682239,Llama-3.2-3B,SLM,3B,ollama,2,[TICKET ID] - A Support Ticket was forwarded to your role  -[LOCATION]Wiedereinr...,Software,it_ticket_classification,unspecified,2,Fileservice,False,2499,Fileservice,
2026-09-19T16:27:34.878631,Llama-3.2-3B,SLM,3B,ollama,2,[TICKET ID] - A Support Ticket was forwarded to your role  -[LOCATION]Wiedereinr...,Software,it_ticket_classification,unspecified,3,Fileservice,False,2469,Fileservice,
2026-09-19T16:27:40.416044,Llama-3.2-3B,SLM,3B,ollama,3,File Share Access - [TICKET ID] - [NAME] ([COMPANY]A. [LOCATION]),Fileservice,it_ticket_classification,unspecified,1,Fileservice,True,3856,Fileservice,
2026-09-19T16:27:44.579142,Llama-3.2-3B,SLM,3B,ollama,3,File Share Access - [TICKET ID] - [NAME] ([COMPANY]A. [LOCATION]),Fileservice,it_ticket_classification,unspecified,2,Fileservice,True,2469,Fileservice,
2026-09-19T16:27:48.717461,Llama-3.2-3B,SLM,3B,ollama,3,File Share Access - [TICKET ID] - [NAME] ([COMPANY]A. [LOCATION]),Fileservice,it_ticket_classification,unspecified,3,Fileservice,True,2453,Fileservice,
2026-09-19T16:27:52.868228,Llama-3.2-3B,SLM,3B,ollama,4,File Share Access - [TICKET ID] - [NAME] ([COMPANY]A. [LOCATION]),Fileservice,it_ticket_classification,unspecified,1,Fileservice,True,2494,Fileservice,
2026-09-19T16:27:56.981529,Llama-3.2-3B,SLM,3B,ollama,4,File Share Access - [TICKET ID] - [NAME] ([COMPANY]A. [LOCATION]),Fileservice,it_ticket_classification,unspecified,2,Fileservice,True,2456,Fileservice,
2026-09-19T16:28:01.119948,Llama-3.2-3B,SLM,3B,ollama,4,File Share Access - [TICKET ID] - [NAME] ([COMPANY]A. [LOCATION]),Fileservice,it_ticket_classification,unspecified,3,Fileservice,True,2455,Fileservice,
2026-09-19T16:28:05.821793,Llama-3.2-3B,SLM,3B,ollama,5,Local admin rights needed for [SERVER],Active Directory,it_ticket_classification,unspecified,1,Fileservice,False,3042,Fileservice,
2026-09-19T16:28:10.008647,Llama-3.2-3B,SLM,3B,ollama,5,Local admin rights needed for [SERVER],Active Directory,it_ticket_classification,unspecified,2,Fileservice,False,2499,Fileservice,
2026-09-19T16:28:14.111649,Llama-3.2-3B,SLM,3B,ollama,5,Local admin rights needed for [SERVER],Active Directory,it_ticket_classification,unspecified,3,Fileservice,False,2429,Fileservice,
2026-09-19T16:28:19.460996,Llama-3.2-3B,SLM,3B,ollama,6,File Share Access - [TICKET ID] - Knoll. Natali ([COMPANY]. [LOCATION]),Fileservice,it_ticket_classification,unspecified,1,Fileservice,True,3668,Fileservice,
2026-09-19T16:28:23.485259,Llama-3.2-3B,SLM,3B,ollama,6,File Share Access - [TICKET ID] - Knoll. Natali ([COMPANY]. [LOCATION]),Fileservice,it_ticket_classification,unspecified,2,Fileservice,True,2409,Fileservice,
2026-09-19T16:28:27.581010,Llama-3.2-3B,SLM,3B,ollama,6,File Share Access - [TICKET ID] - Knoll. Natali ([COMPANY]. [LOCATION]),Fileservice,it_ticket_classification,unspecified,3,Fileservice,True,2454,Fileservice,
2026-09-19T16:28:32.400198,Llama-3.2-3B,SLM,3B,ollama,7,File Share Access - [TICKET ID] - [NAME] ([COMPANY]. [LOCATION]),Fileservice,it_ticket_classification,unspecified,1,Fileservice,True,3218,Fileservice,
2026-09-19T16:28:36.587810,Llama-3.2-3B,SLM,3B,ollama,7,File Share Access - [TICKET ID] - [NAME] ([COMPANY]. [LOCATION]),Fileservice,it_ticket_classification,unspecified,2,Fileservice,True,2558,Fileservice,
2026-09-19T16:28:40.637875,Llama-3.2-3B,SLM,3B,ollama,7,File Share Access - [TICKET ID] - [NAME] ([COMPANY]. [LOCATION]),Fileservice,it_ticket_classification,unspecified,3,Fileservice,True,2391,Fileservice,
2026-09-19T16:28:46.378255,Llama-3.2-3B,SLM,3B,ollama,8,[TICKET ID] - New Support Ticket received  - Basis User - [USERNAME] - [NAME] ([...,Support general,it_ticket_classification,unspecified,1,Support general,True,4014,Support general,
2026-09-19T16:28:50.882623,Llama-3.2-3B,SLM,3B,ollama,8,[TICKET ID] - New Support Ticket received  - Basis User - [USERNAME] - [NAME] ([...,Support general,it_ticket_classification,unspecified,2,Support general,True,2858,Support general,
2026-09-19T16:28:54.961788,Llama-3.2-3B,SLM,3B,ollama,8,[TICKET ID] - New Support Ticket received  - Basis User - [USERNAME] - [NAME] ([...,Support general,it_ticket_classification,unspecified,3,Support general,True,2433,Support general,
2026-09-19T16:28:59.732798,Llama-3.2-3B,SLM,3B,ollama,9,INstalar a Impresso do adm 2 no meu computador,Computer-Services,it_ticket_classification,unspecified,1,Software,False,3102,Software,
2026-09-19T16:29:03.719873,Llama-3.2-3B,SLM,3B,ollama,9,INstalar a Impresso do adm 2 no meu computador,Computer-Services,it_ticket_classification,unspecified,2,Software,False,2324,Software,
2026-09-19T16:29:07.719045,Llama-3.2-3B,SLM,3B,ollama,9,INstalar a Impresso do adm 2 no meu computador,Computer-Services,it_ticket_classification,unspecified,3,Software,False,2331,Software,
2026-09-19T16:29:12.884086,Llama-3.2-3B,SLM,3B,ollama,10,[TICKET ID] - New Support Ticket received  - Instalação software para ponto elet...,Software,it_ticket_classification,unspecified,1,Software,True,3471,Software,
2026-09-19T16:29:16.882392,Llama-3.2-3B,SLM,3B,ollama,10,[TICKET ID] - New Support Ticket received  - Instalação software para ponto elet...,Software,it_ticket_classification,unspecified,2,Software,True,2310,Software,
2026-09-19T16:29:20.833216,Llama-3.2-3B,SLM,3B,ollama,10,[TICKET ID] - New Support Ticket received  - Instalação software para ponto elet...,Software,it_ticket_classification,unspecified,3,Software,True,2316,Software,
2026-09-19T16:29:26.301473,Llama-3.2-3B,SLM,3B,ollama,11,File Share Access - [TICKET ID] - [NAME] ([COMPANY]A. [LOCATION]),Fileservice,it_ticket_classification,unspecified,1,Fileservice,True,3746,Fileservice,
2026-09-19T16:29:30.474546,Llama-3.2-3B,SLM,3B,ollama,11,File Share Access - [TICKET ID] - [NAME] ([COMPANY]A. [LOCATION]),Fileservice,it_ticket_classification,unspecified,2,Fileservice,True,2455,Fileservice,
2026-09-19T16:29:34.589003,Llama-3.2-3B,SLM,3B,ollama,11,File Share Access - [TICKET ID] - [NAME] ([COMPANY]A. [LOCATION]),Fileservice,it_ticket_classification,unspecified,3,Fileservice,True,2428,Fileservice,
2026-09-19T16:29:39.288510,Llama-3.2-3B,SLM,3B,ollama,12,File Share Access - [TICKET ID] - [NAME] ([COMPANY]!![COMPANY] Srbija. [LOCATION...,Fileservice,it_ticket_classification,unspecified,1,Fileservice,True,3049,Fileservice,
2026-09-19T16:29:43.563756,Llama-3.2-3B,SLM,3B,ollama,12,File Share Access - [TICKET ID] - [NAME] ([COMPANY]!![COMPANY] Srbija. [LOCATION...,Fileservice,it_ticket_classification,unspecified,2,Fileservice,True,2645,Fileservice,
2026-09-19T16:29:47.970690,Llama-3.2-3B,SLM,3B,ollama,12,File Share Access - [TICKET ID] - [NAME] ([COMPANY]!![COMPANY] Srbija. [LOCATION...,Fileservice,it_ticket_classification,unspecified,3,Fileservice,True,2773,Fileservice,
2026-09-19T16:29:52.711936,Llama-3.2-3B,SLM,3B,ollama,13,Synchronisierung Sharepoint funktioniert nicht,Software,it_ticket_classification,unspecified,1,Fileservice,False,3100,Fileservice,
2026-09-19T16:29:56.865688,Llama-3.2-3B,SLM,3B,ollama,13,Synchronisierung Sharepoint funktioniert nicht,Software,it_ticket_classification,unspecified,2,Fileservice,False,2450,Fileservice,
2026-09-19T16:30:00.950002,Llama-3.2-3B,SLM,3B,ollama,13,Synchronisierung Sharepoint funktioniert nicht,Software,it_ticket_classification,unspecified,3,Fileservice,False,2422,Fileservice,
2026-09-19T16:30:06.468667,Llama-3.2-3B,SLM,3B,ollama,14,[TICKET ID] - New Support Ticket received  - Acceso a carpeta compartida COMEX,Fileservice,it_ticket_classification,unspecified,1,Fileservice,True,3837,Fileservice,
2026-09-19T16:30:10.613467,Llama-3.2-3B,SLM,3B,ollama,14,[TICKET ID] - New Support Ticket received  - Acceso a carpeta compartida COMEX,Fileservice,it_ticket_classification,unspecified,2,Fileservice,True,2466,Fileservice,
2026-09-19T16:30:14.745973,Llama-3.2-3B,SLM,3B,ollama,14,[TICKET ID] - New Support Ticket received  - Acceso a carpeta compartida COMEX,Fileservice,it_ticket_classification,unspecified,3,Fileservice,True,2405,Fileservice,
2026-09-19T16:30:20.306405,Llama-3.2-3B,SLM,3B,ollama,15,File Share Access - [TICKET ID] - Defrancq. [NAME] ([COMPANY]. [LOCATION]),Fileservice,it_ticket_classification,unspecified,1,Fileservice,True,3918,Fileservice,
2026-09-19T16:30:24.714991,Llama-3.2-3B,SLM,3B,ollama,15,File Share Access - [TICKET ID] - Defrancq. [NAME] ([COMPANY]. [LOCATION]),Fileservice,it_ticket_classification,unspecified,2,Fileservice,True,2748,Fileservice,
2026-09-19T16:30:29.358781,Llama-3.2-3B,SLM,3B,ollama,15,File Share Access - [TICKET ID] - Defrancq. [NAME] ([COMPANY]. [LOCATION]),Fileservice,it_ticket_classification,unspecified,3,Fileservice,True,2816,Fileservice,
2026-09-19T16:30:35.028525,Llama-3.2-3B,SLM,3B,ollama,16,Remove File Share Access - [TICKET ID] - [NAME] ([COMPANY]A. [LOCATION]),Fileservice,it_ticket_classification,unspecified,1,Fileservice,True,3959,Fileservice,
2026-09-19T16:30:39.996351,Llama-3.2-3B,SLM,3B,ollama,16,Remove File Share Access - [TICKET ID] - [NAME] ([COMPANY]A. [LOCATION]),Fileservice,it_ticket_classification,unspecified,2,Fileservice,True,3281,Fileservice,
2026-09-19T16:30:45.543185,Llama-3.2-3B,SLM,3B,ollama,16,Remove File Share Access - [TICKET ID] - [NAME] ([COMPANY]A. [LOCATION]),Fileservice,it_ticket_classification,unspecified,3,Fileservice,True,3827,Fileservice,
2026-09-19T16:30:50.498594,Llama-3.2-3B,SLM,3B,ollama,17,Shared Mailbox Access - [TICKET ID] - [EMAIL],Support general,it_ticket_classification,unspecified,1,Support general,True,3301,Support general,
2026-09-19T16:30:54.588221,Llama-3.2-3B,SLM,3B,ollama,17,Shared Mailbox Access - [TICKET ID] - [EMAIL],Support general,it_ticket_classification,unspecified,2,Support general,True,2463,Support general,
2026-09-19T16:30:58.664522,Llama-3.2-3B,SLM,3B,ollama,17,Shared Mailbox Access - [TICKET ID] - [EMAIL],Support general,it_ticket_classification,unspecified,3,Support general,True,2417,Support general,
2026-09-19T16:31:07.328097,Llama-3.2-3B,SLM,3B,ollama,18,File Share Access - [TICKET ID] - [USERNAME] ([COMPANY]. [LOCATION])Service Requ...,Fileservice,it_ticket_classification,unspecified,1,Fileservice,True,6948,Fileservice,
2026-09-19T16:31:11.423588,Llama-3.2-3B,SLM,3B,ollama,18,File Share Access - [TICKET ID] - [USERNAME] ([COMPANY]. [LOCATION])Service Requ...,Fileservice,it_ticket_classification,unspecified,2,Fileservice,True,2436,Fileservice,
2026-09-19T16:31:15.544827,Llama-3.2-3B,SLM,3B,ollama,18,File Share Access - [TICKET ID] - [USERNAME] ([COMPANY]. [LOCATION])Service Requ...,Fileservice,it_ticket_classification,unspecified,3,Fileservice,True,2449,Fileservice,
2026-09-19T16:31:20.180984,Llama-3.2-3B,SLM,3B,ollama,19,File Share Access - [TICKET ID] - [NAME] ([COMPANY]A. [LOCATION]),Fileservice,it_ticket_classification,unspecified,1,Fileservice,True,3021,Fileservice,
2026-09-19T16:31:24.282259,Llama-3.2-3B,SLM,3B,ollama,19,File Share Access - [TICKET ID] - [NAME] ([COMPANY]A. [LOCATION]),Fileservice,it_ticket_classification,unspecified,2,Fileservice,True,2432,Fileservice,
2026-09-19T16:31:28.404719,Llama-3.2-3B,SLM,3B,ollama,19,File Share Access - [TICKET ID] - [NAME] ([COMPANY]A. [LOCATION]),Fileservice,it_ticket_classification,unspecified,3,Fileservice,True,2453,Fileservice,
2026-09-19T16:31:33.781626,Llama-3.2-3B,SLM,3B,ollama,20,Emails undeliverableEmails sent to [EMAIL] mailto:[EMAIL] are not working.,O365,it_ticket_classification,unspecified,1,Fileservice,False,3734,Fileservice,
2026-09-19T16:31:39.470188,Llama-3.2-3B,SLM,3B,ollama,20,Emails undeliverableEmails sent to [EMAIL] mailto:[EMAIL] are not working.,O365,it_ticket_classification,unspecified,2,Fileservice,False,4051,Fileservice,
2026-09-19T16:31:43.656406,Llama-3.2-3B,SLM,3B,ollama,20,Emails undeliverableEmails sent to [EMAIL] mailto:[EMAIL] are not working.,O365,it_ticket_classification,unspecified,3,Fileservice,False,2514,Fileservice,
2026-09-19T16:31:48.587888,Llama-3.2-3B,SLM,3B,ollama,21,Create Shared Mailbox - [EMAIL] - AR-[COMPANY],Support general,it_ticket_classification,unspecified,1,Fileservice,False,3303,Fileservice,
2026-09-19T16:31:52.652713,Llama-3.2-3B,SLM,3B,ollama,21,Create Shared Mailbox - [EMAIL] - AR-[COMPANY],Support general,it_ticket_classification,unspecified,2,Fileservice,False,2415,Fileservice,
2026-09-19T16:31:57.236294,Llama-3.2-3B,SLM,3B,ollama,21,Create Shared Mailbox - [EMAIL] - AR-[COMPANY],Support general,it_ticket_classification,unspecified,3,Fileservice,False,2836,Fileservice,
2026-09-19T16:32:02.540786,Llama-3.2-3B,SLM,3B,ollama,22,Shared Mailbox Access - [ADDRESS] - [EMAIL],Support general,it_ticket_classification,unspecified,1,O365,False,3307,O365,
2026-09-19T16:32:08.228221,Llama-3.2-3B,SLM,3B,ollama,22,Shared Mailbox Access - [ADDRESS] - [EMAIL],Support general,it_ticket_classification,unspecified,2,O365,False,4020,O365,
2026-09-19T16:32:13.347319,Llama-3.2-3B,SLM,3B,ollama,22,Shared Mailbox Access - [ADDRESS] - [EMAIL],Support general,it_ticket_classification,unspecified,3,O365,False,3471,O365,
2026-09-19T16:32:18.257277,Llama-3.2-3B,SLM,3B,ollama,23,[TICKET ID] - New Support Ticket received  - Skype Malfunction,O365,it_ticket_classification,unspecified,1,Support general,False,3299,Support general,
2026-09-19T16:32:22.408084,Llama-3.2-3B,SLM,3B,ollama,23,[TICKET ID] - New Support Ticket received  - Skype Malfunction,O365,it_ticket_classification,unspecified,2,Support general,False,2508,Support general,
2026-09-19T16:32:26.482096,Llama-3.2-3B,SLM,3B,ollama,23,[TICKET ID] - New Support Ticket received  - Skype Malfunction,O365,it_ticket_classification,unspecified,3,Support general,False,2456,Support general,
2026-09-19T16:32:32.006007,Llama-3.2-3B,SLM,3B,ollama,24,Acesso pastas e emails Crysmara,Fileservice,it_ticket_classification,unspecified,1,Fileservice,True,3878,Fileservice,
2026-09-19T16:32:38.515893,Llama-3.2-3B,SLM,3B,ollama,24,Acesso pastas e emails Crysmara,Fileservice,it_ticket_classification,unspecified,2,Fileservice,True,4028,Fileservice,
2026-09-19T16:32:42.750376,Llama-3.2-3B,SLM,3B,ollama,24,Acesso pastas e emails Crysmara,Fileservice,it_ticket_classification,unspecified,3,Fileservice,True,2548,Fileservice,
2026-09-19T16:32:52.283511,Llama-3.2-3B,SLM,3B,ollama,25,File Share Access - [TICKET ID] - [NAME] ([COMPANY]. [LOCATION])Service Request:...,Fileservice,it_ticket_classification,unspecified,1,Fileservice,True,7840,Fileservice,
2026-09-19T16:32:56.533282,Llama-3.2-3B,SLM,3B,ollama,25,File Share Access - [TICKET ID] - [NAME] ([COMPANY]. [LOCATION])Service Request:...,Fileservice,it_ticket_classification,unspecified,2,Fileservice,True,2526,Fileservice,
2026-09-19T16:33:02.689934,Llama-3.2-3B,SLM,3B,ollama,25,File Share Access - [TICKET ID] - [NAME] ([COMPANY]. [LOCATION])Service Request:...,Fileservice,it_ticket_classification,unspecified,3,Fileservice,True,4512,Fileservice,
2026-09-19T16:33:09.510336,Llama-3.2-3B,SLM,3B,ollama,26,[TICKET ID] - A Support Ticket was forwarded to your role  - AW: Order Provision...,Support general,it_ticket_classification,unspecified,1,Support general,True,5045,Support general,
2026-09-19T16:33:13.658704,Llama-3.2-3B,SLM,3B,ollama,26,[TICKET ID] - A Support Ticket was forwarded to your role  - AW: Order Provision...,Support general,it_ticket_classification,unspecified,2,Support general,True,2453,Support general,
2026-09-19T16:33:17.920770,Llama-3.2-3B,SLM,3B,ollama,26,[TICKET ID] - A Support Ticket was forwarded to your role  - AW: Order Provision...,Support general,it_ticket_classification,unspecified,3,Support general,True,2496,Support general,
2026-09-19T16:33:22.988353,Llama-3.2-3B,SLM,3B,ollama,27,[TICKET ID] - New Support Ticket received  - Work phone does not connect to [COM...,Support general,it_ticket_classification,unspecified,1,Support general,True,3405,Support general,
2026-09-19T16:33:27.164352,Llama-3.2-3B,SLM,3B,ollama,27,[TICKET ID] - New Support Ticket received  - Work phone does not connect to [COM...,Support general,it_ticket_classification,unspecified,2,Support general,True,2471,Support general,
2026-09-19T16:33:31.385935,Llama-3.2-3B,SLM,3B,ollama,27,[TICKET ID] - New Support Ticket received  - Work phone does not connect to [COM...,Support general,it_ticket_classification,unspecified,3,Support general,True,2492,Support general,
2026-09-19T16:33:51.567249,Llama-3.2-3B,SLM,3B,ollama,28,Team-Mailadresse/Kalender in Outlook einbinden[NAME] liebe [NAME].             w...,O365,it_ticket_classification,unspecified,1,Fileservice,False,18439,Fileservice,
2026-09-19T16:33:56.016194,Llama-3.2-3B,SLM,3B,ollama,28,Team-Mailadresse/Kalender in Outlook einbinden[NAME] liebe [NAME].             w...,O365,it_ticket_classification,unspecified,2,Fileservice,False,2609,Fileservice,
2026-09-19T16:34:00.436479,Llama-3.2-3B,SLM,3B,ollama,28,Team-Mailadresse/Kalender in Outlook einbinden[NAME] liebe [NAME].             w...,O365,it_ticket_classification,unspecified,3,Fileservice,False,2705,Fileservice,
2026-09-19T16:34:05.301721,Llama-3.2-3B,SLM,3B,ollama,29,Missing connection to all securitytools on system [SERVER],Software,it_ticket_classification,unspecified,1,Computer-Services,False,3203,Computer-Services,
2026-09-19T16:34:09.577454,Llama-3.2-3B,SLM,3B,ollama,29,Missing connection to all securitytools on system [SERVER],Software,it_ticket_classification,unspecified,2,Computer-Services,False,2599,Computer-Services,
2026-09-19T16:34:13.780813,Llama-3.2-3B,SLM,3B,ollama,29,Missing connection to all securitytools on system [SERVER],Software,it_ticket_classification,unspecified,3,Computer-Services,False,2517,Computer-Services,
2026-09-19T16:34:18.974372,Llama-3.2-3B,SLM,3B,ollama,30,Initiated by GIT: Missing connection to AV. Directory and inventory-Vendor on sy...,Software,it_ticket_classification,unspecified,1,Computer-Services,False,3432,Computer-Services,
2026-09-19T16:34:23.207979,Llama-3.2-3B,SLM,3B,ollama,30,Initiated by GIT: Missing connection to AV. Directory and inventory-Vendor on sy...,Software,it_ticket_classification,unspecified,2,Computer-Services,False,2544,Computer-Services,
2026-09-19T16:34:27.410778,Llama-3.2-3B,SLM,3B,ollama,30,Initiated by GIT: Missing connection to AV. Directory and inventory-Vendor on sy...,Software,it_ticket_classification,unspecified,3,Computer-Services,False,2517,Computer-Services,
2026-09-19T17:21:28.230001,Phi4-Mini,SLM,3.8B,ollama,1,Shared Mailbox Access - [AWS_ACCESS_KEY] - [EMAIL],Support general,it_ticket_classification,unspecified,1,Fileservice,False,27315,Fileservice,
2026-09-19T17:21:32.845444,Phi4-Mini,SLM,3.8B,ollama,1,Shared Mailbox Access - [AWS_ACCESS_KEY] - [EMAIL],Support general,it_ticket_classification,unspecified,2,Fileservice,False,2846,Fileservice,
2026-09-19T17:21:37.090935,Phi4-Mini,SLM,3.8B,ollama,1,Shared Mailbox Access - [AWS_ACCESS_KEY] - [EMAIL],Support general,it_ticket_classification,unspecified,3,Fileservice,False,2632,Fileservice,
2026-09-19T17:21:43.125177,Phi4-Mini,SLM,3.8B,ollama,2,[TICKET ID] - A Support Ticket was forwarded to your role  -[LOCATION]Wiedereinr...,Software,it_ticket_classification,unspecified,1,Fileservice,False,4252,Fileservice,
2026-09-19T17:21:47.327597,Phi4-Mini,SLM,3.8B,ollama,2,[TICKET ID] - A Support Ticket was forwarded to your role  -[LOCATION]Wiedereinr...,Software,it_ticket_classification,unspecified,2,Fileservice,False,2549,Fileservice,
2026-09-19T17:21:51.523186,Phi4-Mini,SLM,3.8B,ollama,2,[TICKET ID] - A Support Ticket was forwarded to your role  -[LOCATION]Wiedereinr...,Software,it_ticket_classification,unspecified,3,Fileservice,False,2565,Fileservice,
2026-09-19T17:21:57.092604,Phi4-Mini,SLM,3.8B,ollama,3,File Share Access - [TICKET ID] - [NAME] ([COMPANY]A. [LOCATION]),Fileservice,it_ticket_classification,unspecified,1,Fileservice,True,3922,Fileservice,
2026-09-19T17:22:01.188521,Phi4-Mini,SLM,3.8B,ollama,3,File Share Access - [TICKET ID] - [NAME] ([COMPANY]A. [LOCATION]),Fileservice,it_ticket_classification,unspecified,2,Fileservice,True,2493,Fileservice,
2026-09-19T17:22:05.403224,Phi4-Mini,SLM,3.8B,ollama,3,File Share Access - [TICKET ID] - [NAME] ([COMPANY]A. [LOCATION]),Fileservice,it_ticket_classification,unspecified,3,Fileservice,True,2576,Fileservice,
2026-09-19T17:22:09.642102,Phi4-Mini,SLM,3.8B,ollama,4,File Share Access - [TICKET ID] - [NAME] ([COMPANY]A. [LOCATION]),Fileservice,it_ticket_classification,unspecified,1,Fileservice,True,2590,Fileservice,
2026-09-19T17:22:14.147726,Phi4-Mini,SLM,3.8B,ollama,4,File Share Access - [TICKET ID] - [NAME] ([COMPANY]A. [LOCATION]),Fileservice,it_ticket_classification,unspecified,2,Fileservice,True,2850,Fileservice,
2026-09-19T17:22:18.780402,Phi4-Mini,SLM,3.8B,ollama,4,File Share Access - [TICKET ID] - [NAME] ([COMPANY]A. [LOCATION]),Fileservice,it_ticket_classification,unspecified,3,Fileservice,True,2626,Fileservice,
2026-09-19T17:22:23.939162,Phi4-Mini,SLM,3.8B,ollama,5,Local admin rights needed for [SERVER],Active Directory,it_ticket_classification,unspecified,1,Computer-Services,False,3345,Computer-Services,
2026-09-19T17:22:28.232775,Phi4-Mini,SLM,3.8B,ollama,5,Local admin rights needed for [SERVER],Active Directory,it_ticket_classification,unspecified,2,Computer-Services,False,2672,Computer-Services,
2026-09-19T17:22:32.798588,Phi4-Mini,SLM,3.8B,ollama,5,Local admin rights needed for [SERVER],Active Directory,it_ticket_classification,unspecified,3,Computer-Services,False,2908,Computer-Services,
2026-09-19T17:22:38.518412,Phi4-Mini,SLM,3.8B,ollama,6,File Share Access - [TICKET ID] - Knoll. Natali ([COMPANY]. [LOCATION]),Fileservice,it_ticket_classification,unspecified,1,Fileservice,True,4041,Fileservice,
2026-09-19T17:22:42.754746,Phi4-Mini,SLM,3.8B,ollama,6,File Share Access - [TICKET ID] - Knoll. Natali ([COMPANY]. [LOCATION]),Fileservice,it_ticket_classification,unspecified,2,Fileservice,True,2577,Fileservice,
2026-09-19T17:22:47.338066,Phi4-Mini,SLM,3.8B,ollama,6,File Share Access - [TICKET ID] - Knoll. Natali ([COMPANY]. [LOCATION]),Fileservice,it_ticket_classification,unspecified,3,Fileservice,True,2915,Fileservice,
2026-09-19T17:22:52.162382,Phi4-Mini,SLM,3.8B,ollama,7,File Share Access - [TICKET ID] - [NAME] ([COMPANY]. [LOCATION]),Fileservice,it_ticket_classification,unspecified,1,Fileservice,True,3201,Fileservice,
2026-09-19T17:22:56.331449,Phi4-Mini,SLM,3.8B,ollama,7,File Share Access - [TICKET ID] - [NAME] ([COMPANY]. [LOCATION]),Fileservice,it_ticket_classification,unspecified,2,Fileservice,True,2544,Fileservice,
2026-09-19T17:23:00.935252,Phi4-Mini,SLM,3.8B,ollama,7,File Share Access - [TICKET ID] - [NAME] ([COMPANY]. [LOCATION]),Fileservice,it_ticket_classification,unspecified,3,Fileservice,True,2956,Fileservice,
2026-09-19T17:23:06.848394,Phi4-Mini,SLM,3.8B,ollama,8,[TICKET ID] - New Support Ticket received  - Basis User - [USERNAME] - [NAME] ([...,Support general,it_ticket_classification,unspecified,1,Support general,True,4259,Support general,
2026-09-19T17:23:11.066506,Phi4-Mini,SLM,3.8B,ollama,8,[TICKET ID] - New Support Ticket received  - Basis User - [USERNAME] - [NAME] ([...,Support general,it_ticket_classification,unspecified,2,Support general,True,2584,Support general,
2026-09-19T17:23:15.260962,Phi4-Mini,SLM,3.8B,ollama,8,[TICKET ID] - New Support Ticket received  - Basis User - [USERNAME] - [NAME] ([...,Support general,it_ticket_classification,unspecified,3,Support general,True,2521,Support general,
2026-09-19T17:23:20.540793,Phi4-Mini,SLM,3.8B,ollama,9,INstalar a Impresso do adm 2 no meu computador,Computer-Services,it_ticket_classification,unspecified,1,Fileservice,False,3629,Fileservice,
2026-09-19T17:23:25.103059,Phi4-Mini,SLM,3.8B,ollama,9,INstalar a Impresso do adm 2 no meu computador,Computer-Services,it_ticket_classification,unspecified,2,Fileservice,False,2939,Fileservice,
2026-09-19T17:23:29.250066,Phi4-Mini,SLM,3.8B,ollama,9,INstalar a Impresso do adm 2 no meu computador,Computer-Services,it_ticket_classification,unspecified,3,Fileservice,False,2540,Fileservice,
2026-09-19T17:23:34.360510,Phi4-Mini,SLM,3.8B,ollama,10,[TICKET ID] - New Support Ticket received  - Instalação software para ponto elet...,Software,it_ticket_classification,unspecified,1,Software,True,3494,Software,
2026-09-19T17:23:38.351788,Phi4-Mini,SLM,3.8B,ollama,10,[TICKET ID] - New Support Ticket received  - Instalação software para ponto elet...,Software,it_ticket_classification,unspecified,2,Software,True,2374,Software,
2026-09-19T17:23:42.403010,Phi4-Mini,SLM,3.8B,ollama,10,[TICKET ID] - New Support Ticket received  - Instalação software para ponto elet...,Software,it_ticket_classification,unspecified,3,Software,True,2393,Software,
2026-09-19T17:23:47.868338,Phi4-Mini,SLM,3.8B,ollama,11,File Share Access - [TICKET ID] - [NAME] ([COMPANY]A. [LOCATION]),Fileservice,it_ticket_classification,unspecified,1,Fileservice,True,3805,Fileservice,
2026-09-19T17:23:52.501571,Phi4-Mini,SLM,3.8B,ollama,11,File Share Access - [TICKET ID] - [NAME] ([COMPANY]A. [LOCATION]),Fileservice,it_ticket_classification,unspecified,2,Fileservice,True,2871,Fileservice,
2026-09-19T17:23:56.613408,Phi4-Mini,SLM,3.8B,ollama,11,File Share Access - [TICKET ID] - [NAME] ([COMPANY]A. [LOCATION]),Fileservice,it_ticket_classification,unspecified,3,Fileservice,True,2516,Fileservice,
2026-09-19T17:24:01.494839,Phi4-Mini,SLM,3.8B,ollama,12,File Share Access - [TICKET ID] - [NAME] ([COMPANY]!![COMPANY] Srbija. [LOCATION...,Fileservice,it_ticket_classification,unspecified,1,Fileservice,True,3225,Fileservice,
2026-09-19T17:24:05.681872,Phi4-Mini,SLM,3.8B,ollama,12,File Share Access - [TICKET ID] - [NAME] ([COMPANY]!![COMPANY] Srbija. [LOCATION...,Fileservice,it_ticket_classification,unspecified,2,Fileservice,True,2531,Fileservice,
2026-09-19T17:24:09.852521,Phi4-Mini,SLM,3.8B,ollama,12,File Share Access - [TICKET ID] - [NAME] ([COMPANY]!![COMPANY] Srbija. [LOCATION...,Fileservice,it_ticket_classification,unspecified,3,Fileservice,True,2520,Fileservice,
2026-09-19T17:24:14.409356,Phi4-Mini,SLM,3.8B,ollama,13,Synchronisierung Sharepoint funktioniert nicht,Software,it_ticket_classification,unspecified,1,Fileservice,False,2899,Fileservice,
2026-09-19T17:24:18.907088,Phi4-Mini,SLM,3.8B,ollama,13,Synchronisierung Sharepoint funktioniert nicht,Software,it_ticket_classification,unspecified,2,Fileservice,False,2851,Fileservice,
2026-09-19T17:24:23.083234,Phi4-Mini,SLM,3.8B,ollama,13,Synchronisierung Sharepoint funktioniert nicht,Software,it_ticket_classification,unspecified,3,Fileservice,False,2501,Fileservice,
2026-09-19T17:24:28.412984,Phi4-Mini,SLM,3.8B,ollama,14,[TICKET ID] - New Support Ticket received  - Acceso a carpeta compartida COMEX,Fileservice,it_ticket_classification,unspecified,1,Fileservice,True,3667,Fileservice,
2026-09-19T17:24:32.606376,Phi4-Mini,SLM,3.8B,ollama,14,[TICKET ID] - New Support Ticket received  - Acceso a carpeta compartida COMEX,Fileservice,it_ticket_classification,unspecified,2,Fileservice,True,2537,Fileservice,
2026-09-19T17:24:36.768307,Phi4-Mini,SLM,3.8B,ollama,14,[TICKET ID] - New Support Ticket received  - Acceso a carpeta compartida COMEX,Fileservice,it_ticket_classification,unspecified,3,Fileservice,True,2526,Fileservice,
2026-09-19T17:24:42.393050,Phi4-Mini,SLM,3.8B,ollama,15,File Share Access - [TICKET ID] - Defrancq. [NAME] ([COMPANY]. [LOCATION]),Fileservice,it_ticket_classification,unspecified,1,Fileservice,True,3981,Fileservice,
2026-09-19T17:24:46.542381,Phi4-Mini,SLM,3.8B,ollama,15,File Share Access - [TICKET ID] - Defrancq. [NAME] ([COMPANY]. [LOCATION]),Fileservice,it_ticket_classification,unspecified,2,Fileservice,True,2525,Fileservice,
2026-09-19T17:24:51.004685,Phi4-Mini,SLM,3.8B,ollama,15,File Share Access - [TICKET ID] - Defrancq. [NAME] ([COMPANY]. [LOCATION]),Fileservice,it_ticket_classification,unspecified,3,Fileservice,True,2879,Fileservice,
2026-09-19T17:24:56.491312,Phi4-Mini,SLM,3.8B,ollama,16,Remove File Share Access - [TICKET ID] - [NAME] ([COMPANY]A. [LOCATION]),Fileservice,it_ticket_classification,unspecified,1,Fileservice,True,3852,Fileservice,
2026-09-19T17:25:00.611732,Phi4-Mini,SLM,3.8B,ollama,16,Remove File Share Access - [TICKET ID] - [NAME] ([COMPANY]A. [LOCATION]),Fileservice,it_ticket_classification,unspecified,2,Fileservice,True,2500,Fileservice,
2026-09-19T17:25:04.790981,Phi4-Mini,SLM,3.8B,ollama,16,Remove File Share Access - [TICKET ID] - [NAME] ([COMPANY]A. [LOCATION]),Fileservice,it_ticket_classification,unspecified,3,Fileservice,True,2512,Fileservice,
2026-09-19T17:25:09.792198,Phi4-Mini,SLM,3.8B,ollama,17,Shared Mailbox Access - [TICKET ID] - [EMAIL],Support general,it_ticket_classification,unspecified,1,Fileservice,False,3339,Fileservice,
2026-09-19T17:25:13.949960,Phi4-Mini,SLM,3.8B,ollama,17,Shared Mailbox Access - [TICKET ID] - [EMAIL],Support general,it_ticket_classification,unspecified,2,Fileservice,False,2517,Fileservice,
2026-09-19T17:25:18.144420,Phi4-Mini,SLM,3.8B,ollama,17,Shared Mailbox Access - [TICKET ID] - [EMAIL],Support general,it_ticket_classification,unspecified,3,Fileservice,False,2542,Fileservice,
2026-09-19T17:25:28.017210,Phi4-Mini,SLM,3.8B,ollama,18,File Share Access - [TICKET ID] - [USERNAME] ([COMPANY]. [LOCATION])Service Requ...,Fileservice,it_ticket_classification,unspecified,1,Fileservice,True,8167,Fileservice,
2026-09-19T17:25:32.350025,Phi4-Mini,SLM,3.8B,ollama,18,File Share Access - [TICKET ID] - [USERNAME] ([COMPANY]. [LOCATION])Service Requ...,Fileservice,it_ticket_classification,unspecified,2,Fileservice,True,2616,Fileservice,
2026-09-19T17:25:37.074195,Phi4-Mini,SLM,3.8B,ollama,18,File Share Access - [TICKET ID] - [USERNAME] ([COMPANY]. [LOCATION])Service Requ...,Fileservice,it_ticket_classification,unspecified,3,Fileservice,True,3004,Fileservice,
2026-09-19T17:25:41.888347,Phi4-Mini,SLM,3.8B,ollama,19,File Share Access - [TICKET ID] - [NAME] ([COMPANY]A. [LOCATION]),Fileservice,it_ticket_classification,unspecified,1,Fileservice,True,3160,Fileservice,
2026-09-19T17:25:46.082926,Phi4-Mini,SLM,3.8B,ollama,19,File Share Access - [TICKET ID] - [NAME] ([COMPANY]A. [LOCATION]),Fileservice,it_ticket_classification,unspecified,2,Fileservice,True,2519,Fileservice,
2026-09-19T17:25:50.293809,Phi4-Mini,SLM,3.8B,ollama,19,File Share Access - [TICKET ID] - [NAME] ([COMPANY]A. [LOCATION]),Fileservice,it_ticket_classification,unspecified,3,Fileservice,True,2571,Fileservice,
2026-09-19T17:25:56.095180,Phi4-Mini,SLM,3.8B,ollama,20,Emails undeliverableEmails sent to [EMAIL] mailto:[EMAIL] are not working.,O365,it_ticket_classification,unspecified,1,Fileservice,False,4089,Fileservice,
2026-09-19T17:26:00.481025,Phi4-Mini,SLM,3.8B,ollama,20,Emails undeliverableEmails sent to [EMAIL] mailto:[EMAIL] are not working.,O365,it_ticket_classification,unspecified,2,Fileservice,False,2699,Fileservice,
2026-09-19T17:26:04.672872,Phi4-Mini,SLM,3.8B,ollama,20,Emails undeliverableEmails sent to [EMAIL] mailto:[EMAIL] are not working.,O365,it_ticket_classification,unspecified,3,Fileservice,False,2544,Fileservice,
2026-09-19T17:26:10.233642,Phi4-Mini,SLM,3.8B,ollama,21,Create Shared Mailbox - [EMAIL] - AR-[COMPANY],Support general,it_ticket_classification,unspecified,1,Fileservice,False,3812,Fileservice,
2026-09-19T17:26:14.464970,Phi4-Mini,SLM,3.8B,ollama,21,Create Shared Mailbox - [EMAIL] - AR-[COMPANY],Support general,it_ticket_classification,unspecified,2,Fileservice,False,2568,Fileservice,
2026-09-19T17:26:18.874923,Phi4-Mini,SLM,3.8B,ollama,21,Create Shared Mailbox - [EMAIL] - AR-[COMPANY],Support general,it_ticket_classification,unspecified,3,Fileservice,False,2653,Fileservice,
2026-09-19T17:26:24.025551,Phi4-Mini,SLM,3.8B,ollama,22,Shared Mailbox Access - [ADDRESS] - [EMAIL],Support general,it_ticket_classification,unspecified,1,Fileservice,False,3422,Fileservice,
2026-09-19T17:26:28.270220,Phi4-Mini,SLM,3.8B,ollama,22,Shared Mailbox Access - [ADDRESS] - [EMAIL],Support general,it_ticket_classification,unspecified,2,Fileservice,False,2556,Fileservice,
2026-09-19T17:26:32.553040,Phi4-Mini,SLM,3.8B,ollama,22,Shared Mailbox Access - [ADDRESS] - [EMAIL],Support general,it_ticket_classification,unspecified,3,Fileservice,False,2581,Fileservice,
2026-09-19T17:26:37.517988,Phi4-Mini,SLM,3.8B,ollama,23,[TICKET ID] - New Support Ticket received  - Skype Malfunction,O365,it_ticket_classification,unspecified,1,Support general,False,3345,Support general,
2026-09-19T17:26:41.661743,Phi4-Mini,SLM,3.8B,ollama,23,[TICKET ID] - New Support Ticket received  - Skype Malfunction,O365,it_ticket_classification,unspecified,2,Support general,False,2525,Support general,
2026-09-19T17:26:45.816791,Phi4-Mini,SLM,3.8B,ollama,23,[TICKET ID] - New Support Ticket received  - Skype Malfunction,O365,it_ticket_classification,unspecified,3,Support general,False,2527,Support general,
2026-09-19T17:26:50.557959,Phi4-Mini,SLM,3.8B,ollama,24,Acesso pastas e emails Crysmara,Fileservice,it_ticket_classification,unspecified,1,Fileservice,True,3159,Fileservice,
2026-09-19T17:26:54.999371,Phi4-Mini,SLM,3.8B,ollama,24,Acesso pastas e emails Crysmara,Fileservice,it_ticket_classification,unspecified,2,Fileservice,True,2831,Fileservice,
2026-09-19T17:26:59.447438,Phi4-Mini,SLM,3.8B,ollama,24,Acesso pastas e emails Crysmara,Fileservice,it_ticket_classification,unspecified,3,Fileservice,True,2843,Fileservice,
2026-09-19T17:27:09.463990,Phi4-Mini,SLM,3.8B,ollama,25,File Share Access - [TICKET ID] - [NAME] ([COMPANY]. [LOCATION])Service Request:...,Fileservice,it_ticket_classification,unspecified,1,Fileservice,True,8415,Fileservice,
2026-09-19T17:27:13.713710,Phi4-Mini,SLM,3.8B,ollama,25,File Share Access - [TICKET ID] - [NAME] ([COMPANY]. [LOCATION])Service Request:...,Fileservice,it_ticket_classification,unspecified,2,Fileservice,True,2594,Fileservice,
2026-09-19T17:27:18.224487,Phi4-Mini,SLM,3.8B,ollama,25,File Share Access - [TICKET ID] - [NAME] ([COMPANY]. [LOCATION])Service Request:...,Fileservice,it_ticket_classification,unspecified,3,Fileservice,True,2861,Fileservice,
2026-09-19T17:27:24.447006,Phi4-Mini,SLM,3.8B,ollama,26,[TICKET ID] - A Support Ticket was forwarded to your role  - AW: Order Provision...,Support general,it_ticket_classification,unspecified,1,Fileservice,False,4624,Fileservice,
2026-09-19T17:27:28.912700,Phi4-Mini,SLM,3.8B,ollama,26,[TICKET ID] - A Support Ticket was forwarded to your role  - AW: Order Provision...,Support general,it_ticket_classification,unspecified,2,Fileservice,False,2861,Fileservice,
2026-09-19T17:27:33.378146,Phi4-Mini,SLM,3.8B,ollama,26,[TICKET ID] - A Support Ticket was forwarded to your role  - AW: Order Provision...,Support general,it_ticket_classification,unspecified,3,Fileservice,False,2854,Fileservice,
2026-09-19T17:27:38.750367,Phi4-Mini,SLM,3.8B,ollama,27,[TICKET ID] - New Support Ticket received  - Work phone does not connect to [COM...,Support general,it_ticket_classification,unspecified,1,Fileservice,False,3770,Fileservice,
2026-09-19T17:27:43.182327,Phi4-Mini,SLM,3.8B,ollama,27,[TICKET ID] - New Support Ticket received  - Work phone does not connect to [COM...,Support general,it_ticket_classification,unspecified,2,Fileservice,False,2830,Fileservice,
2026-09-19T17:27:47.637559,Phi4-Mini,SLM,3.8B,ollama,27,[TICKET ID] - New Support Ticket received  - Work phone does not connect to [COM...,Support general,it_ticket_classification,unspecified,3,Fileservice,False,2853,Fileservice,
2026-09-19T17:28:03.859615,Phi4-Mini,SLM,3.8B,ollama,28,Team-Mailadresse/Kalender in Outlook einbinden[NAME] liebe [NAME].             w...,O365,it_ticket_classification,unspecified,1,Fileservice,False,14619,Fileservice,
2026-09-19T17:28:08.174199,Phi4-Mini,SLM,3.8B,ollama,28,Team-Mailadresse/Kalender in Outlook einbinden[NAME] liebe [NAME].             w...,O365,it_ticket_classification,unspecified,2,Fileservice,False,2695,Fileservice,
2026-09-19T17:28:12.776071,Phi4-Mini,SLM,3.8B,ollama,28,Team-Mailadresse/Kalender in Outlook einbinden[NAME] liebe [NAME].             w...,O365,it_ticket_classification,unspecified,3,Fileservice,False,2936,Fileservice,
2026-09-19T17:28:17.952863,Phi4-Mini,SLM,3.8B,ollama,29,Missing connection to all securitytools on system [SERVER],Software,it_ticket_classification,unspecified,1,Fileservice,False,3574,Fileservice,
2026-09-19T17:28:22.372538,Phi4-Mini,SLM,3.8B,ollama,29,Missing connection to all securitytools on system [SERVER],Software,it_ticket_classification,unspecified,2,Fileservice,False,2814,Fileservice,
2026-09-19T17:28:26.816213,Phi4-Mini,SLM,3.8B,ollama,29,Missing connection to all securitytools on system [SERVER],Software,it_ticket_classification,unspecified,3,Fileservice,False,2835,Fileservice,
2026-09-19T17:28:32.684122,Phi4-Mini,SLM,3.8B,ollama,30,Initiated by GIT: Missing connection to AV. Directory and inventory-Vendor on sy...,Software,it_ticket_classification,unspecified,1,Fileservice,False,4240,Fileservice,
2026-09-19T17:28:37.118416,Phi4-Mini,SLM,3.8B,ollama,30,Initiated by GIT: Missing connection to AV. Directory and inventory-Vendor on sy...,Software,it_ticket_classification,unspecified,2,Fileservice,False,2829,Fileservice,
2026-09-19T17:28:41.628766,Phi4-Mini,SLM,3.8B,ollama,30,Initiated by GIT: Missing connection to AV. Directory and inventory-Vendor on sy...,Software,it_ticket_classification,unspecified,3,Fileservice,False,2858,Fileservice,
2026-09-19T17:29:14.605374,Gemma3-4B,SLM,4B,ollama,1,Shared Mailbox Access - [AWS_ACCESS_KEY] - [EMAIL],Support general,it_ticket_classification,unspecified,1,O365,False,25923,"O365
",
2026-09-19T17:29:19.926093,Gemma3-4B,SLM,4B,ollama,1,Shared Mailbox Access - [AWS_ACCESS_KEY] - [EMAIL],Support general,it_ticket_classification,unspecified,2,O365,False,3613,"O365
",
2026-09-19T17:29:25.554291,Gemma3-4B,SLM,4B,ollama,1,Shared Mailbox Access - [AWS_ACCESS_KEY] - [EMAIL],Support general,it_ticket_classification,unspecified,3,O365,False,3969,"O365
",
2026-09-19T17:29:34.464655,Gemma3-4B,SLM,4B,ollama,2,[TICKET ID] - A Support Ticket was forwarded to your role  -[LOCATION]Wiedereinr...,Software,it_ticket_classification,unspecified,1,Support general,False,7308,"Support general
",
2026-09-19T17:29:39.627848,Gemma3-4B,SLM,4B,ollama,2,[TICKET ID] - A Support Ticket was forwarded to your role  -[LOCATION]Wiedereinr...,Software,it_ticket_classification,unspecified,2,Support general,False,3563,"Support general
",
2026-09-19T17:29:44.634897,Gemma3-4B,SLM,4B,ollama,2,[TICKET ID] - A Support Ticket was forwarded to your role  -[LOCATION]Wiedereinr...,Software,it_ticket_classification,unspecified,3,Support general,False,3407,"Support general
",
2026-09-19T17:29:53.478849,Gemma3-4B,SLM,4B,ollama,3,File Share Access - [TICKET ID] - [NAME] ([COMPANY]A. [LOCATION]),Fileservice,it_ticket_classification,unspecified,1,Fileservice,True,7247,"Fileservice
",
2026-09-19T17:29:58.517646,Gemma3-4B,SLM,4B,ollama,3,File Share Access - [TICKET ID] - [NAME] ([COMPANY]A. [LOCATION]),Fileservice,it_ticket_classification,unspecified,2,Fileservice,True,3447,"Fileservice
",
2026-09-19T17:30:03.860316,Gemma3-4B,SLM,4B,ollama,3,File Share Access - [TICKET ID] - [NAME] ([COMPANY]A. [LOCATION]),Fileservice,it_ticket_classification,unspecified,3,Fileservice,True,3728,"Fileservice
",
2026-09-19T17:30:08.883394,Gemma3-4B,SLM,4B,ollama,4,File Share Access - [TICKET ID] - [NAME] ([COMPANY]A. [LOCATION]),Fileservice,it_ticket_classification,unspecified,1,Fileservice,True,3413,"Fileservice
",
2026-09-19T17:30:14.109693,Gemma3-4B,SLM,4B,ollama,4,File Share Access - [TICKET ID] - [NAME] ([COMPANY]A. [LOCATION]),Fileservice,it_ticket_classification,unspecified,2,Fileservice,True,3620,"Fileservice
",
2026-09-19T17:30:19.534023,Gemma3-4B,SLM,4B,ollama,4,File Share Access - [TICKET ID] - [NAME] ([COMPANY]A. [LOCATION]),Fileservice,it_ticket_classification,unspecified,3,Fileservice,True,3490,"Fileservice
",
2026-09-19T17:30:28.038994,Gemma3-4B,SLM,4B,ollama,5,Local admin rights needed for [SERVER],Active Directory,it_ticket_classification,unspecified,1,Active Directory,True,6822,Active Directory,
2026-09-19T17:30:32.888821,Gemma3-4B,SLM,4B,ollama,5,Local admin rights needed for [SERVER],Active Directory,it_ticket_classification,unspecified,2,Active Directory,True,3181,Active Directory,
2026-09-19T17:30:37.721417,Gemma3-4B,SLM,4B,ollama,5,Local admin rights needed for [SERVER],Active Directory,it_ticket_classification,unspecified,3,Active Directory,True,3197,Active Directory,
2026-09-19T17:30:46.411665,Gemma3-4B,SLM,4B,ollama,6,File Share Access - [TICKET ID] - Knoll. Natali ([COMPANY]. [LOCATION]),Fileservice,it_ticket_classification,unspecified,1,Fileservice,True,7082,"Fileservice
",
2026-09-19T17:30:51.440036,Gemma3-4B,SLM,4B,ollama,6,File Share Access - [TICKET ID] - Knoll. Natali ([COMPANY]. [LOCATION]),Fileservice,it_ticket_classification,unspecified,2,Fileservice,True,3412,"Fileservice
",
2026-09-19T17:30:56.551947,Gemma3-4B,SLM,4B,ollama,6,File Share Access - [TICKET ID] - Knoll. Natali ([COMPANY]. [LOCATION]),Fileservice,it_ticket_classification,unspecified,3,Fileservice,True,3500,"Fileservice
",
2026-09-19T17:31:05.248892,Gemma3-4B,SLM,4B,ollama,7,File Share Access - [TICKET ID] - [NAME] ([COMPANY]. [LOCATION]),Fileservice,it_ticket_classification,unspecified,1,Fileservice,True,7057,"Fileservice
",
2026-09-19T17:31:10.335100,Gemma3-4B,SLM,4B,ollama,7,File Share Access - [TICKET ID] - [NAME] ([COMPANY]. [LOCATION]),Fileservice,it_ticket_classification,unspecified,2,Fileservice,True,3478,"Fileservice
",
2026-09-19T17:31:15.344744,Gemma3-4B,SLM,4B,ollama,7,File Share Access - [TICKET ID] - [NAME] ([COMPANY]. [LOCATION]),Fileservice,it_ticket_classification,unspecified,3,Fileservice,True,3410,"Fileservice
",
2026-09-19T17:31:24.443046,Gemma3-4B,SLM,4B,ollama,8,[TICKET ID] - New Support Ticket received  - Basis User - [USERNAME] - [NAME] ([...,Support general,it_ticket_classification,unspecified,1,Support general,True,7493,"Support general
",
2026-09-19T17:31:29.468569,Gemma3-4B,SLM,4B,ollama,8,[TICKET ID] - New Support Ticket received  - Basis User - [USERNAME] - [NAME] ([...,Support general,it_ticket_classification,unspecified,2,Support general,True,3419,"Support general
",
2026-09-19T17:31:34.502194,Gemma3-4B,SLM,4B,ollama,8,[TICKET ID] - New Support Ticket received  - Basis User - [USERNAME] - [NAME] ([...,Support general,it_ticket_classification,unspecified,3,Support general,True,3441,"Support general
",
2026-09-19T17:31:43.077498,Gemma3-4B,SLM,4B,ollama,9,INstalar a Impresso do adm 2 no meu computador,Computer-Services,it_ticket_classification,unspecified,1,Software,False,6968,"Software
",
2026-09-19T17:31:47.856055,Gemma3-4B,SLM,4B,ollama,9,INstalar a Impresso do adm 2 no meu computador,Computer-Services,it_ticket_classification,unspecified,2,Software,False,3186,"Software
",
2026-09-19T17:31:52.564815,Gemma3-4B,SLM,4B,ollama,9,INstalar a Impresso do adm 2 no meu computador,Computer-Services,it_ticket_classification,unspecified,3,Software,False,3117,"Software
",
2026-09-19T17:32:01.323428,Gemma3-4B,SLM,4B,ollama,10,[TICKET ID] - New Support Ticket received  - Instalação software para ponto elet...,Software,it_ticket_classification,unspecified,1,Software,True,7126,"Software
",
2026-09-19T17:32:06.046346,Gemma3-4B,SLM,4B,ollama,10,[TICKET ID] - New Support Ticket received  - Instalação software para ponto elet...,Software,it_ticket_classification,unspecified,2,Software,True,3127,"Software
",
2026-09-19T17:32:10.893741,Gemma3-4B,SLM,4B,ollama,10,[TICKET ID] - New Support Ticket received  - Instalação software para ponto elet...,Software,it_ticket_classification,unspecified,3,Software,True,3188,"Software
",
2026-09-19T17:32:19.578965,Gemma3-4B,SLM,4B,ollama,11,File Share Access - [TICKET ID] - [NAME] ([COMPANY]A. [LOCATION]),Fileservice,it_ticket_classification,unspecified,1,Fileservice,True,7074,"Fileservice
",
2026-09-19T17:32:24.678890,Gemma3-4B,SLM,4B,ollama,11,File Share Access - [TICKET ID] - [NAME] ([COMPANY]A. [LOCATION]),Fileservice,it_ticket_classification,unspecified,2,Fileservice,True,3377,"Fileservice
",
2026-09-19T17:32:29.724110,Gemma3-4B,SLM,4B,ollama,11,File Share Access - [TICKET ID] - [NAME] ([COMPANY]A. [LOCATION]),Fileservice,it_ticket_classification,unspecified,3,Fileservice,True,3447,"Fileservice
",
2026-09-19T17:32:38.771803,Gemma3-4B,SLM,4B,ollama,12,File Share Access - [TICKET ID] - [NAME] ([COMPANY]!![COMPANY] Srbija. [LOCATION...,Fileservice,it_ticket_classification,unspecified,1,Fileservice,True,7451,"Fileservice
",
2026-09-19T17:32:43.774572,Gemma3-4B,SLM,4B,ollama,12,File Share Access - [TICKET ID] - [NAME] ([COMPANY]!![COMPANY] Srbija. [LOCATION...,Fileservice,it_ticket_classification,unspecified,2,Fileservice,True,3404,"Fileservice
",
2026-09-19T17:32:48.821366,Gemma3-4B,SLM,4B,ollama,12,File Share Access - [TICKET ID] - [NAME] ([COMPANY]!![COMPANY] Srbija. [LOCATION...,Fileservice,it_ticket_classification,unspecified,3,Fileservice,True,3449,"Fileservice
",
2026-09-19T17:32:57.380542,Gemma3-4B,SLM,4B,ollama,13,Synchronisierung Sharepoint funktioniert nicht,Software,it_ticket_classification,unspecified,1,O365,False,6953,"O365
",
2026-09-19T17:33:03.086884,Gemma3-4B,SLM,4B,ollama,13,Synchronisierung Sharepoint funktioniert nicht,Software,it_ticket_classification,unspecified,2,O365,False,4055,"O365
",
2026-09-19T17:33:08.629034,Gemma3-4B,SLM,4B,ollama,13,Synchronisierung Sharepoint funktioniert nicht,Software,it_ticket_classification,unspecified,3,O365,False,3936,"O365
",
2026-09-19T17:33:17.479315,Gemma3-4B,SLM,4B,ollama,14,[TICKET ID] - New Support Ticket received  - Acceso a carpeta compartida COMEX,Fileservice,it_ticket_classification,unspecified,1,Fileservice,True,7250,"Fileservice
",
2026-09-19T17:33:22.483294,Gemma3-4B,SLM,4B,ollama,14,[TICKET ID] - New Support Ticket received  - Acceso a carpeta compartida COMEX,Fileservice,it_ticket_classification,unspecified,2,Fileservice,True,3391,"Fileservice
",
2026-09-19T17:33:27.511955,Gemma3-4B,SLM,4B,ollama,14,[TICKET ID] - New Support Ticket received  - Acceso a carpeta compartida COMEX,Fileservice,it_ticket_classification,unspecified,3,Fileservice,True,3409,"Fileservice
",
2026-09-19T17:33:36.347684,Gemma3-4B,SLM,4B,ollama,15,File Share Access - [TICKET ID] - Defrancq. [NAME] ([COMPANY]. [LOCATION]),Fileservice,it_ticket_classification,unspecified,1,Fileservice,True,7239,"Fileservice
",
2026-09-19T17:33:41.356448,Gemma3-4B,SLM,4B,ollama,15,File Share Access - [TICKET ID] - Defrancq. [NAME] ([COMPANY]. [LOCATION]),Fileservice,it_ticket_classification,unspecified,2,Fileservice,True,3420,"Fileservice
",
2026-09-19T17:33:46.443594,Gemma3-4B,SLM,4B,ollama,15,File Share Access - [TICKET ID] - Defrancq. [NAME] ([COMPANY]. [LOCATION]),Fileservice,it_ticket_classification,unspecified,3,Fileservice,True,3488,"Fileservice
",
2026-09-19T17:33:55.424562,Gemma3-4B,SLM,4B,ollama,16,Remove File Share Access - [TICKET ID] - [NAME] ([COMPANY]A. [LOCATION]),Fileservice,it_ticket_classification,unspecified,1,Fileservice,True,7372,"Fileservice
",
2026-09-19T17:34:00.493338,Gemma3-4B,SLM,4B,ollama,16,Remove File Share Access - [TICKET ID] - [NAME] ([COMPANY]A. [LOCATION]),Fileservice,it_ticket_classification,unspecified,2,Fileservice,True,3471,"Fileservice
",
2026-09-19T17:34:05.473185,Gemma3-4B,SLM,4B,ollama,16,Remove File Share Access - [TICKET ID] - [NAME] ([COMPANY]A. [LOCATION]),Fileservice,it_ticket_classification,unspecified,3,Fileservice,True,3374,"Fileservice
",
2026-09-19T17:34:14.156450,Gemma3-4B,SLM,4B,ollama,17,Shared Mailbox Access - [TICKET ID] - [EMAIL],Support general,it_ticket_classification,unspecified,1,O365,False,7083,"O365
",
2026-09-19T17:34:19.676894,Gemma3-4B,SLM,4B,ollama,17,Shared Mailbox Access - [TICKET ID] - [EMAIL],Support general,it_ticket_classification,unspecified,2,O365,False,3921,"O365
",
2026-09-19T17:34:25.284023,Gemma3-4B,SLM,4B,ollama,17,Shared Mailbox Access - [TICKET ID] - [EMAIL],Support general,it_ticket_classification,unspecified,3,O365,False,4010,"O365
",
2026-09-19T17:34:37.463674,Gemma3-4B,SLM,4B,ollama,18,File Share Access - [TICKET ID] - [USERNAME] ([COMPANY]. [LOCATION])Service Requ...,Fileservice,it_ticket_classification,unspecified,1,Fileservice,True,10577,"Fileservice
",
2026-09-19T17:34:42.524306,Gemma3-4B,SLM,4B,ollama,18,File Share Access - [TICKET ID] - [USERNAME] ([COMPANY]. [LOCATION])Service Requ...,Fileservice,it_ticket_classification,unspecified,2,Fileservice,True,3467,"Fileservice
",
2026-09-19T17:34:47.590616,Gemma3-4B,SLM,4B,ollama,18,File Share Access - [TICKET ID] - [USERNAME] ([COMPANY]. [LOCATION])Service Requ...,Fileservice,it_ticket_classification,unspecified,3,Fileservice,True,3468,"Fileservice
",
2026-09-19T17:34:56.496983,Gemma3-4B,SLM,4B,ollama,19,File Share Access - [TICKET ID] - [NAME] ([COMPANY]A. [LOCATION]),Fileservice,it_ticket_classification,unspecified,1,Fileservice,True,7307,"Fileservice
",
2026-09-19T17:35:01.518605,Gemma3-4B,SLM,4B,ollama,19,File Share Access - [TICKET ID] - [NAME] ([COMPANY]A. [LOCATION]),Fileservice,it_ticket_classification,unspecified,2,Fileservice,True,3427,"Fileservice
",
2026-09-19T17:35:06.643367,Gemma3-4B,SLM,4B,ollama,19,File Share Access - [TICKET ID] - [NAME] ([COMPANY]A. [LOCATION]),Fileservice,it_ticket_classification,unspecified,3,Fileservice,True,3522,"Fileservice
",
2026-09-19T17:35:15.760785,Gemma3-4B,SLM,4B,ollama,20,Emails undeliverableEmails sent to [EMAIL] mailto:[EMAIL] are not working.,O365,it_ticket_classification,unspecified,1,O365,True,7513,"O365
",
2026-09-19T17:35:21.320187,Gemma3-4B,SLM,4B,ollama,20,Emails undeliverableEmails sent to [EMAIL] mailto:[EMAIL] are not working.,O365,it_ticket_classification,unspecified,2,O365,True,3908,"O365
",
2026-09-19T17:35:26.476710,Gemma3-4B,SLM,4B,ollama,20,Emails undeliverableEmails sent to [EMAIL] mailto:[EMAIL] are not working.,O365,it_ticket_classification,unspecified,3,O365,True,3341,"O365
",
2026-09-19T17:44:50.322839,Gemma3-4B,SLM,4B,ollama,21,Create Shared Mailbox - [EMAIL] - AR-[COMPANY],Support general,it_ticket_classification,unspecified,1,O365,False,562115,"O365
",
2026-09-19T17:44:55.532561,Gemma3-4B,SLM,4B,ollama,21,Create Shared Mailbox - [EMAIL] - AR-[COMPANY],Support general,it_ticket_classification,unspecified,2,O365,False,3392,"O365
",
2026-09-19T17:45:00.627247,Gemma3-4B,SLM,4B,ollama,21,Create Shared Mailbox - [EMAIL] - AR-[COMPANY],Support general,it_ticket_classification,unspecified,3,O365,False,3403,"O365
",
2026-09-19T17:45:08.965097,Gemma3-4B,SLM,4B,ollama,22,Shared Mailbox Access - [ADDRESS] - [EMAIL],Support general,it_ticket_classification,unspecified,1,Fileservice,False,6691,"Fileservice
",
2026-09-19T17:45:13.829234,Gemma3-4B,SLM,4B,ollama,22,Shared Mailbox Access - [ADDRESS] - [EMAIL],Support general,it_ticket_classification,unspecified,2,O365,False,3271,"O365
",
2026-09-19T17:45:19.539155,Gemma3-4B,SLM,4B,ollama,22,Shared Mailbox Access - [ADDRESS] - [EMAIL],Support general,it_ticket_classification,unspecified,3,O365,False,4066,"O365
",
2026-09-19T17:45:27.753504,Gemma3-4B,SLM,4B,ollama,23,[TICKET ID] - New Support Ticket received  - Skype Malfunction,O365,it_ticket_classification,unspecified,1,Software,False,6593,"Software
",
2026-09-19T17:45:32.757678,Gemma3-4B,SLM,4B,ollama,23,[TICKET ID] - New Support Ticket received  - Skype Malfunction,O365,it_ticket_classification,unspecified,2,Software,False,3358,"Software
",
2026-09-19T17:45:37.667437,Gemma3-4B,SLM,4B,ollama,23,[TICKET ID] - New Support Ticket received  - Skype Malfunction,O365,it_ticket_classification,unspecified,3,Software,False,3250,"Software
",
2026-09-19T17:45:46.327259,Gemma3-4B,SLM,4B,ollama,24,Acesso pastas e emails Crysmara,Fileservice,it_ticket_classification,unspecified,1,O365,False,7044,"O365
",
2026-09-19T17:45:51.990421,Gemma3-4B,SLM,4B,ollama,24,Acesso pastas e emails Crysmara,Fileservice,it_ticket_classification,unspecified,2,O365,False,4036,"O365
",
2026-09-19T17:45:57.603926,Gemma3-4B,SLM,4B,ollama,24,Acesso pastas e emails Crysmara,Fileservice,it_ticket_classification,unspecified,3,O365,False,4001,"O365
",
2026-09-19T17:46:09.312994,Gemma3-4B,SLM,4B,ollama,25,File Share Access - [TICKET ID] - [NAME] ([COMPANY]. [LOCATION])Service Request:...,Fileservice,it_ticket_classification,unspecified,1,Fileservice,True,10092,Fileservice,
2026-09-19T17:46:14.167735,Gemma3-4B,SLM,4B,ollama,25,File Share Access - [TICKET ID] - [NAME] ([COMPANY]. [LOCATION])Service Request:...,Fileservice,it_ticket_classification,unspecified,2,Fileservice,True,3241,Fileservice,
2026-09-19T17:46:19.015573,Gemma3-4B,SLM,4B,ollama,25,File Share Access - [TICKET ID] - [NAME] ([COMPANY]. [LOCATION])Service Request:...,Fileservice,it_ticket_classification,unspecified,3,Fileservice,True,3230,Fileservice,
2026-09-19T17:46:28.535868,Gemma3-4B,SLM,4B,ollama,26,[TICKET ID] - A Support Ticket was forwarded to your role  - AW: Order Provision...,Support general,it_ticket_classification,unspecified,1,Computer-Services,False,7845,"Computer-Services
",
2026-09-19T17:46:33.889920,Gemma3-4B,SLM,4B,ollama,26,[TICKET ID] - A Support Ticket was forwarded to your role  - AW: Order Provision...,Support general,it_ticket_classification,unspecified,2,Computer-Services,False,3740,"Computer-Services
",
2026-09-19T17:46:39.389085,Gemma3-4B,SLM,4B,ollama,26,[TICKET ID] - A Support Ticket was forwarded to your role  - AW: Order Provision...,Support general,it_ticket_classification,unspecified,3,Computer-Services,False,3799,"Computer-Services
",
2026-09-19T17:46:48.699044,Gemma3-4B,SLM,4B,ollama,27,[TICKET ID] - New Support Ticket received  - Work phone does not connect to [COM...,Support general,it_ticket_classification,unspecified,1,Computer-Services,False,7692,"Computer-Services
",
2026-09-19T17:46:54.042242,Gemma3-4B,SLM,4B,ollama,27,[TICKET ID] - New Support Ticket received  - Work phone does not connect to [COM...,Support general,it_ticket_classification,unspecified,2,Computer-Services,False,3723,"Computer-Services
",
2026-09-19T17:46:59.353384,Gemma3-4B,SLM,4B,ollama,27,[TICKET ID] - New Support Ticket received  - Work phone does not connect to [COM...,Support general,it_ticket_classification,unspecified,3,Computer-Services,False,3698,"Computer-Services
",
2026-09-19T17:47:18.123399,Gemma3-4B,SLM,4B,ollama,28,Team-Mailadresse/Kalender in Outlook einbinden[NAME] liebe [NAME].             w...,O365,it_ticket_classification,unspecified,1,O365,True,17152,O365,
2026-09-19T17:47:23.857201,Gemma3-4B,SLM,4B,ollama,28,Team-Mailadresse/Kalender in Outlook einbinden[NAME] liebe [NAME].             w...,O365,it_ticket_classification,unspecified,2,O365,True,4119,O365,
2026-09-19T17:47:28.875198,Gemma3-4B,SLM,4B,ollama,28,Team-Mailadresse/Kalender in Outlook einbinden[NAME] liebe [NAME].             w...,O365,it_ticket_classification,unspecified,3,O365,True,3397,O365,
2026-09-19T17:48:27.179938,Gemma3-4B,SLM,4B,ollama,29,Missing connection to all securitytools on system [SERVER],Software,it_ticket_classification,unspecified,1,Computer-Services,False,56706,"Computer-Services
",
2026-09-19T17:48:32.757793,Gemma3-4B,SLM,4B,ollama,29,Missing connection to all securitytools on system [SERVER],Software,it_ticket_classification,unspecified,2,Computer-Services,False,3400,"Computer-Services
",
2026-09-19T17:48:37.720817,Gemma3-4B,SLM,4B,ollama,29,Missing connection to all securitytools on system [SERVER],Software,it_ticket_classification,unspecified,3,Computer-Services,False,3335,"Computer-Services
",
2026-09-19T17:48:46.523754,Gemma3-4B,SLM,4B,ollama,30,Initiated by GIT: Missing connection to AV. Directory and inventory-Vendor on sy...,Software,it_ticket_classification,unspecified,1,Computer-Services,False,7189,"Computer-Services
",
2026-09-19T17:48:51.558295,Gemma3-4B,SLM,4B,ollama,30,Initiated by GIT: Missing connection to AV. Directory and inventory-Vendor on sy...,Software,it_ticket_classification,unspecified,2,Computer-Services,False,3402,"Computer-Services
",
2026-09-19T17:48:56.944214,Gemma3-4B,SLM,4B,ollama,30,Initiated by GIT: Missing connection to AV. Directory and inventory-Vendor on sy...,Software,it_ticket_classification,unspecified,3,Computer-Services,False,3770,"Computer-Services
",
2026-09-19T17:56:58.751407,Qwen2.5-7B,SLM,7B,ollama,1,Shared Mailbox Access - [AWS_ACCESS_KEY] - [EMAIL],Support general,it_ticket_classification,unspecified,1,O365,False,74744,O365,
2026-09-19T17:57:04.516309,Qwen2.5-7B,SLM,7B,ollama,1,Shared Mailbox Access - [AWS_ACCESS_KEY] - [EMAIL],Support general,it_ticket_classification,unspecified,2,O365,False,3871,O365,
2026-09-19T17:57:10.458511,Qwen2.5-7B,SLM,7B,ollama,1,Shared Mailbox Access - [AWS_ACCESS_KEY] - [EMAIL],Support general,it_ticket_classification,unspecified,3,O365,False,4326,O365,
2026-09-19T17:57:18.354035,Qwen2.5-7B,SLM,7B,ollama,2,[TICKET ID] - A Support Ticket was forwarded to your role  -[LOCATION]Wiedereinr...,Software,it_ticket_classification,unspecified,1,Support general,False,6189,Support general,
2026-09-19T17:57:23.553375,Qwen2.5-7B,SLM,7B,ollama,2,[TICKET ID] - A Support Ticket was forwarded to your role  -[LOCATION]Wiedereinr...,Software,it_ticket_classification,unspecified,2,Support general,False,3532,Support general,
2026-09-19T17:57:28.773575,Qwen2.5-7B,SLM,7B,ollama,2,[TICKET ID] - A Support Ticket was forwarded to your role  -[LOCATION]Wiedereinr...,Software,it_ticket_classification,unspecified,3,Support general,False,3543,Support general,
2026-09-19T17:57:36.237253,Qwen2.5-7B,SLM,7B,ollama,3,File Share Access - [TICKET ID] - [NAME] ([COMPANY]A. [LOCATION]),Fileservice,it_ticket_classification,unspecified,1,Fileservice,True,5819,Fileservice,
2026-09-19T17:57:41.407373,Qwen2.5-7B,SLM,7B,ollama,3,File Share Access - [TICKET ID] - [NAME] ([COMPANY]A. [LOCATION]),Fileservice,it_ticket_classification,unspecified,2,Fileservice,True,3548,Fileservice,
2026-09-19T17:57:46.614931,Qwen2.5-7B,SLM,7B,ollama,3,File Share Access - [TICKET ID] - [NAME] ([COMPANY]A. [LOCATION]),Fileservice,it_ticket_classification,unspecified,3,Fileservice,True,3568,Fileservice,
2026-09-19T17:57:51.764419,Qwen2.5-7B,SLM,7B,ollama,4,File Share Access - [TICKET ID] - [NAME] ([COMPANY]A. [LOCATION]),Fileservice,it_ticket_classification,unspecified,1,Fileservice,True,3514,Fileservice,
2026-09-19T17:57:56.932169,Qwen2.5-7B,SLM,7B,ollama,4,File Share Access - [TICKET ID] - [NAME] ([COMPANY]A. [LOCATION]),Fileservice,it_ticket_classification,unspecified,2,Fileservice,True,3554,Fileservice,
2026-09-19T17:58:02.019094,Qwen2.5-7B,SLM,7B,ollama,4,File Share Access - [TICKET ID] - [NAME] ([COMPANY]A. [LOCATION]),Fileservice,it_ticket_classification,unspecified,3,Fileservice,True,3475,Fileservice,
2026-09-19T17:58:08.550459,Qwen2.5-7B,SLM,7B,ollama,5,Local admin rights needed for [SERVER],Active Directory,it_ticket_classification,unspecified,1,Computer-Services,False,4911,Computer-Services,
2026-09-19T17:58:14.210906,Qwen2.5-7B,SLM,7B,ollama,5,Local admin rights needed for [SERVER],Active Directory,it_ticket_classification,unspecified,2,Computer-Services,False,4016,Computer-Services,
2026-09-19T17:58:19.249340,Qwen2.5-7B,SLM,7B,ollama,5,Local admin rights needed for [SERVER],Active Directory,it_ticket_classification,unspecified,3,Computer-Services,False,3346,Computer-Services,
2026-09-19T17:58:26.250657,Qwen2.5-7B,SLM,7B,ollama,6,File Share Access - [TICKET ID] - Knoll. Natali ([COMPANY]. [LOCATION]),Fileservice,it_ticket_classification,unspecified,1,Fileservice,True,5362,Fileservice,
2026-09-19T17:58:31.439005,Qwen2.5-7B,SLM,7B,ollama,6,File Share Access - [TICKET ID] - Knoll. Natali ([COMPANY]. [LOCATION]),Fileservice,it_ticket_classification,unspecified,2,Fileservice,True,3536,Fileservice,
2026-09-19T17:58:36.208673,Qwen2.5-7B,SLM,7B,ollama,6,File Share Access - [TICKET ID] - Knoll. Natali ([COMPANY]. [LOCATION]),Fileservice,it_ticket_classification,unspecified,3,Fileservice,True,3116,Fileservice,
2026-09-19T17:58:42.347571,Qwen2.5-7B,SLM,7B,ollama,7,File Share Access - [TICKET ID] - [NAME] ([COMPANY]. [LOCATION]),Fileservice,it_ticket_classification,unspecified,1,Fileservice,True,4491,Fileservice,
2026-09-19T17:58:47.471065,Qwen2.5-7B,SLM,7B,ollama,7,File Share Access - [TICKET ID] - [NAME] ([COMPANY]. [LOCATION]),Fileservice,it_ticket_classification,unspecified,2,Fileservice,True,3500,Fileservice,
2026-09-19T17:58:52.083675,Qwen2.5-7B,SLM,7B,ollama,7,File Share Access - [TICKET ID] - [NAME] ([COMPANY]. [LOCATION]),Fileservice,it_ticket_classification,unspecified,3,Fileservice,True,2983,Fileservice,
2026-09-19T17:58:59.948868,Qwen2.5-7B,SLM,7B,ollama,8,[TICKET ID] - New Support Ticket received  - Basis User - [USERNAME] - [NAME] ([...,Support general,it_ticket_classification,unspecified,1,Support general,True,6184,Support general,
2026-09-19T17:59:05.044300,Qwen2.5-7B,SLM,7B,ollama,8,[TICKET ID] - New Support Ticket received  - Basis User - [USERNAME] - [NAME] ([...,Support general,it_ticket_classification,unspecified,2,Support general,True,3482,Support general,
2026-09-19T17:59:10.136827,Qwen2.5-7B,SLM,7B,ollama,8,[TICKET ID] - New Support Ticket received  - Basis User - [USERNAME] - [NAME] ([...,Support general,it_ticket_classification,unspecified,3,Support general,True,3475,Support general,
2026-09-19T17:59:16.490351,Qwen2.5-7B,SLM,7B,ollama,9,INstalar a Impresso do adm 2 no meu computador,Computer-Services,it_ticket_classification,unspecified,1,Software,False,4736,Software,
2026-09-19T17:59:21.166411,Qwen2.5-7B,SLM,7B,ollama,9,INstalar a Impresso do adm 2 no meu computador,Computer-Services,it_ticket_classification,unspecified,2,Software,False,3036,Software,
2026-09-19T17:59:25.878051,Qwen2.5-7B,SLM,7B,ollama,9,INstalar a Impresso do adm 2 no meu computador,Computer-Services,it_ticket_classification,unspecified,3,Software,False,3063,Software,
2026-09-19T17:59:33.029623,Qwen2.5-7B,SLM,7B,ollama,10,[TICKET ID] - New Support Ticket received  - Instalação software para ponto elet...,Software,it_ticket_classification,unspecified,1,Software,True,5539,Software,
2026-09-19T17:59:37.262535,Qwen2.5-7B,SLM,7B,ollama,10,[TICKET ID] - New Support Ticket received  - Instalação software para ponto elet...,Software,it_ticket_classification,unspecified,2,Software,True,2606,Software,
2026-09-19T17:59:41.779987,Qwen2.5-7B,SLM,7B,ollama,10,[TICKET ID] - New Support Ticket received  - Instalação software para ponto elet...,Software,it_ticket_classification,unspecified,3,Software,True,2819,Software,
2026-09-19T17:59:49.401429,Qwen2.5-7B,SLM,7B,ollama,11,File Share Access - [TICKET ID] - [NAME] ([COMPANY]A. [LOCATION]),Fileservice,it_ticket_classification,unspecified,1,Fileservice,True,5929,Fileservice,
2026-09-19T17:59:54.239019,Qwen2.5-7B,SLM,7B,ollama,11,File Share Access - [TICKET ID] - [NAME] ([COMPANY]A. [LOCATION]),Fileservice,it_ticket_classification,unspecified,2,Fileservice,True,3184,Fileservice,
2026-09-19T17:59:59.212884,Qwen2.5-7B,SLM,7B,ollama,11,File Share Access - [TICKET ID] - [NAME] ([COMPANY]A. [LOCATION]),Fileservice,it_ticket_classification,unspecified,3,Fileservice,True,3374,Fileservice,
2026-09-19T18:00:05.511869,Qwen2.5-7B,SLM,7B,ollama,12,File Share Access - [TICKET ID] - [NAME] ([COMPANY]!![COMPANY] Srbija. [LOCATION...,Fileservice,it_ticket_classification,unspecified,1,Fileservice,True,4659,Fileservice,
2026-09-19T18:00:10.645929,Qwen2.5-7B,SLM,7B,ollama,12,File Share Access - [TICKET ID] - [NAME] ([COMPANY]!![COMPANY] Srbija. [LOCATION...,Fileservice,it_ticket_classification,unspecified,2,Fileservice,True,3494,Fileservice,
2026-09-19T18:00:15.593671,Qwen2.5-7B,SLM,7B,ollama,12,File Share Access - [TICKET ID] - [NAME] ([COMPANY]!![COMPANY] Srbija. [LOCATION...,Fileservice,it_ticket_classification,unspecified,3,Fileservice,True,3203,Fileservice,
2026-09-19T18:00:22.525643,Qwen2.5-7B,SLM,7B,ollama,13,Synchronisierung Sharepoint funktioniert nicht,Software,it_ticket_classification,unspecified,1,O365,False,5319,O365,
2026-09-19T18:00:27.837832,Qwen2.5-7B,SLM,7B,ollama,13,Synchronisierung Sharepoint funktioniert nicht,Software,it_ticket_classification,unspecified,2,O365,False,3660,O365,
2026-09-19T18:00:33.313433,Qwen2.5-7B,SLM,7B,ollama,13,Synchronisierung Sharepoint funktioniert nicht,Software,it_ticket_classification,unspecified,3,O365,False,3876,O365,
2026-09-19T18:00:40.652037,Qwen2.5-7B,SLM,7B,ollama,14,[TICKET ID] - New Support Ticket received  - Acceso a carpeta compartida COMEX,Fileservice,it_ticket_classification,unspecified,1,Fileservice,True,5718,Fileservice,
2026-09-19T18:00:45.817923,Qwen2.5-7B,SLM,7B,ollama,14,[TICKET ID] - New Support Ticket received  - Acceso a carpeta compartida COMEX,Fileservice,it_ticket_classification,unspecified,2,Fileservice,True,3501,Fileservice,
2026-09-19T18:00:51.074140,Qwen2.5-7B,SLM,7B,ollama,14,[TICKET ID] - New Support Ticket received  - Acceso a carpeta compartida COMEX,Fileservice,it_ticket_classification,unspecified,3,Fileservice,True,3615,Fileservice,
2026-09-19T18:00:59.008071,Qwen2.5-7B,SLM,7B,ollama,15,File Share Access - [TICKET ID] - Defrancq. [NAME] ([COMPANY]. [LOCATION]),Fileservice,it_ticket_classification,unspecified,1,Fileservice,True,6253,Fileservice,
2026-09-19T18:01:04.159773,Qwen2.5-7B,SLM,7B,ollama,15,File Share Access - [TICKET ID] - Defrancq. [NAME] ([COMPANY]. [LOCATION]),Fileservice,it_ticket_classification,unspecified,2,Fileservice,True,3481,Fileservice,
2026-09-19T18:01:09.499081,Qwen2.5-7B,SLM,7B,ollama,15,File Share Access - [TICKET ID] - Defrancq. [NAME] ([COMPANY]. [LOCATION]),Fileservice,it_ticket_classification,unspecified,3,Fileservice,True,3731,Fileservice,
2026-09-19T18:01:17.001990,Qwen2.5-7B,SLM,7B,ollama,16,Remove File Share Access - [TICKET ID] - [NAME] ([COMPANY]A. [LOCATION]),Fileservice,it_ticket_classification,unspecified,1,Fileservice,True,5873,Fileservice,
2026-09-19T18:01:21.722543,Qwen2.5-7B,SLM,7B,ollama,16,Remove File Share Access - [TICKET ID] - [NAME] ([COMPANY]A. [LOCATION]),Fileservice,it_ticket_classification,unspecified,2,Fileservice,True,3004,Fileservice,
2026-09-19T18:01:27.097906,Qwen2.5-7B,SLM,7B,ollama,16,Remove File Share Access - [TICKET ID] - [NAME] ([COMPANY]A. [LOCATION]),Fileservice,it_ticket_classification,unspecified,3,Fileservice,True,3566,Fileservice,
2026-09-19T18:01:34.274969,Qwen2.5-7B,SLM,7B,ollama,17,Shared Mailbox Access - [TICKET ID] - [EMAIL],Support general,it_ticket_classification,unspecified,1,O365,False,5522,O365,
2026-09-19T18:03:32.069808,Qwen2.5-7B,SLM,7B,ollama,17,Shared Mailbox Access - [TICKET ID] - [EMAIL],Support general,it_ticket_classification,unspecified,2,O365,False,113786,O365,
2026-09-19T18:03:43.396718,Qwen2.5-7B,SLM,7B,ollama,17,Shared Mailbox Access - [TICKET ID] - [EMAIL],Support general,it_ticket_classification,unspecified,3,O365,False,9244,O365,
2026-09-19T18:04:01.065761,Qwen2.5-7B,SLM,7B,ollama,18,File Share Access - [TICKET ID] - [USERNAME] ([COMPANY]. [LOCATION])Service Requ...,Fileservice,it_ticket_classification,unspecified,1,Fileservice,True,15962,Fileservice,
2026-09-19T18:04:06.110294,Qwen2.5-7B,SLM,7B,ollama,18,File Share Access - [TICKET ID] - [USERNAME] ([COMPANY]. [LOCATION])Service Requ...,Fileservice,it_ticket_classification,unspecified,2,Fileservice,True,3291,Fileservice,
2026-09-19T18:04:10.695625,Qwen2.5-7B,SLM,7B,ollama,18,File Share Access - [TICKET ID] - [USERNAME] ([COMPANY]. [LOCATION])Service Requ...,Fileservice,it_ticket_classification,unspecified,3,Fileservice,True,2887,Fileservice,
2026-09-19T18:04:16.597220,Qwen2.5-7B,SLM,7B,ollama,19,File Share Access - [TICKET ID] - [NAME] ([COMPANY]A. [LOCATION]),Fileservice,it_ticket_classification,unspecified,1,Fileservice,True,4260,Fileservice,
2026-09-19T18:04:21.300405,Qwen2.5-7B,SLM,7B,ollama,19,File Share Access - [TICKET ID] - [NAME] ([COMPANY]A. [LOCATION]),Fileservice,it_ticket_classification,unspecified,2,Fileservice,True,3041,Fileservice,
2026-09-19T18:04:26.801913,Qwen2.5-7B,SLM,7B,ollama,19,File Share Access - [TICKET ID] - [NAME] ([COMPANY]A. [LOCATION]),Fileservice,it_ticket_classification,unspecified,3,Fileservice,True,3605,Fileservice,
2026-09-19T18:04:34.685585,Qwen2.5-7B,SLM,7B,ollama,20,Emails undeliverableEmails sent to [EMAIL] mailto:[EMAIL] are not working.,O365,it_ticket_classification,unspecified,1,O365,True,6222,O365,
2026-09-19T18:04:40.461394,Qwen2.5-7B,SLM,7B,ollama,20,Emails undeliverableEmails sent to [EMAIL] mailto:[EMAIL] are not working.,O365,it_ticket_classification,unspecified,2,O365,True,4148,O365,
2026-09-19T18:04:46.350131,Qwen2.5-7B,SLM,7B,ollama,20,Emails undeliverableEmails sent to [EMAIL] mailto:[EMAIL] are not working.,O365,it_ticket_classification,unspecified,3,O365,True,4249,O365,
2026-09-19T18:04:53.415182,Qwen2.5-7B,SLM,7B,ollama,21,Create Shared Mailbox - [EMAIL] - AR-[COMPANY],Support general,it_ticket_classification,unspecified,1,O365,False,5435,O365,
2026-09-19T18:04:59.296929,Qwen2.5-7B,SLM,7B,ollama,21,Create Shared Mailbox - [EMAIL] - AR-[COMPANY],Support general,it_ticket_classification,unspecified,2,O365,False,4229,O365,
2026-09-19T18:05:04.777302,Qwen2.5-7B,SLM,7B,ollama,21,Create Shared Mailbox - [EMAIL] - AR-[COMPANY],Support general,it_ticket_classification,unspecified,3,O365,False,3617,O365,
2026-09-19T18:05:11.295467,Qwen2.5-7B,SLM,7B,ollama,22,Shared Mailbox Access - [ADDRESS] - [EMAIL],Support general,it_ticket_classification,unspecified,1,O365,False,4890,O365,
2026-09-19T18:05:16.307995,Qwen2.5-7B,SLM,7B,ollama,22,Shared Mailbox Access - [ADDRESS] - [EMAIL],Support general,it_ticket_classification,unspecified,2,O365,False,3381,O365,
2026-09-19T18:05:21.915881,Qwen2.5-7B,SLM,7B,ollama,22,Shared Mailbox Access - [ADDRESS] - [EMAIL],Support general,it_ticket_classification,unspecified,3,O365,False,4005,O365,
2026-09-19T18:05:29.009421,Qwen2.5-7B,SLM,7B,ollama,23,[TICKET ID] - New Support Ticket received  - Skype Malfunction,O365,it_ticket_classification,unspecified,1,O365,True,5441,O365,
2026-09-19T18:05:34.722619,Qwen2.5-7B,SLM,7B,ollama,23,[TICKET ID] - New Support Ticket received  - Skype Malfunction,O365,it_ticket_classification,unspecified,2,O365,True,4050,O365,
2026-09-19T18:05:39.941951,Qwen2.5-7B,SLM,7B,ollama,23,[TICKET ID] - New Support Ticket received  - Skype Malfunction,O365,it_ticket_classification,unspecified,3,O365,True,3536,O365,
2026-09-19T18:05:46.175469,Qwen2.5-7B,SLM,7B,ollama,24,Acesso pastas e emails Crysmara,Fileservice,it_ticket_classification,unspecified,1,Fileservice,True,4627,Fileservice,
2026-09-19T18:05:51.234375,Qwen2.5-7B,SLM,7B,ollama,24,Acesso pastas e emails Crysmara,Fileservice,it_ticket_classification,unspecified,2,Fileservice,True,3375,Fileservice,
2026-09-19T18:05:55.838521,Qwen2.5-7B,SLM,7B,ollama,24,Acesso pastas e emails Crysmara,Fileservice,it_ticket_classification,unspecified,3,Fileservice,True,2944,Fileservice,
2026-09-19T18:06:12.267487,Qwen2.5-7B,SLM,7B,ollama,25,File Share Access - [TICKET ID] - [NAME] ([COMPANY]. [LOCATION])Service Request:...,Fileservice,it_ticket_classification,unspecified,1,Fileservice,True,14760,Fileservice,
2026-09-19T18:06:17.353418,Qwen2.5-7B,SLM,7B,ollama,25,File Share Access - [TICKET ID] - [NAME] ([COMPANY]. [LOCATION])Service Request:...,Fileservice,it_ticket_classification,unspecified,2,Fileservice,True,3409,Fileservice,
2026-09-19T18:06:22.507484,Qwen2.5-7B,SLM,7B,ollama,25,File Share Access - [TICKET ID] - [NAME] ([COMPANY]. [LOCATION])Service Request:...,Fileservice,it_ticket_classification,unspecified,3,Fileservice,True,3540,Fileservice,
2026-09-19T18:06:31.201153,Qwen2.5-7B,SLM,7B,ollama,26,[TICKET ID] - A Support Ticket was forwarded to your role  - AW: Order Provision...,Support general,it_ticket_classification,unspecified,1,Computer-Services,False,7063,Computer-Services,
2026-09-19T18:06:36.839970,Qwen2.5-7B,SLM,7B,ollama,26,[TICKET ID] - A Support Ticket was forwarded to your role  - AW: Order Provision...,Support general,it_ticket_classification,unspecified,2,Computer-Services,False,3978,Computer-Services,
2026-09-19T18:06:41.762266,Qwen2.5-7B,SLM,7B,ollama,26,[TICKET ID] - A Support Ticket was forwarded to your role  - AW: Order Provision...,Support general,it_ticket_classification,unspecified,3,Computer-Services,False,3296,Computer-Services,
2026-09-19T18:06:49.147152,Qwen2.5-7B,SLM,7B,ollama,27,[TICKET ID] - New Support Ticket received  - Work phone does not connect to [COM...,Support general,it_ticket_classification,unspecified,1,Support general,True,5674,Support general,
2026-09-19T18:06:54.003533,Qwen2.5-7B,SLM,7B,ollama,27,[TICKET ID] - New Support Ticket received  - Work phone does not connect to [COM...,Support general,it_ticket_classification,unspecified,2,Support general,True,3100,Support general,
2026-09-19T18:06:59.167781,Qwen2.5-7B,SLM,7B,ollama,27,[TICKET ID] - New Support Ticket received  - Work phone does not connect to [COM...,Support general,it_ticket_classification,unspecified,3,Support general,True,3436,Support general,
2026-09-19T18:08:11.707435,Qwen2.5-7B,SLM,7B,ollama,28,Team-Mailadresse/Kalender in Outlook einbinden[NAME] liebe [NAME].             w...,O365,it_ticket_classification,unspecified,1,O365,True,70868,O365,
2026-09-19T18:08:17.690927,Qwen2.5-7B,SLM,7B,ollama,28,Team-Mailadresse/Kalender in Outlook einbinden[NAME] liebe [NAME].             w...,O365,it_ticket_classification,unspecified,2,O365,True,4183,O365,
2026-09-19T18:08:23.148125,Qwen2.5-7B,SLM,7B,ollama,28,Team-Mailadresse/Kalender in Outlook einbinden[NAME] liebe [NAME].             w...,O365,it_ticket_classification,unspecified,3,O365,True,3791,O365,
2026-09-19T18:08:29.139152,Qwen2.5-7B,SLM,7B,ollama,29,Missing connection to all securitytools on system [SERVER],Software,it_ticket_classification,unspecified,1,Fileservice,False,4378,Fileservice,
2026-09-19T18:08:33.669568,Qwen2.5-7B,SLM,7B,ollama,29,Missing connection to all securitytools on system [SERVER],Software,it_ticket_classification,unspecified,2,Fileservice,False,2860,Fileservice,
2026-09-19T18:08:38.330798,Qwen2.5-7B,SLM,7B,ollama,29,Missing connection to all securitytools on system [SERVER],Software,it_ticket_classification,unspecified,3,Fileservice,False,2977,Fileservice,
2026-09-19T18:08:45.212036,Qwen2.5-7B,SLM,7B,ollama,30,Initiated by GIT: Missing connection to AV. Directory and inventory-Vendor on sy...,Software,it_ticket_classification,unspecified,1,Active Directory,False,5236,Active Directory,
2026-09-19T18:08:50.361240,Qwen2.5-7B,SLM,7B,ollama,30,Initiated by GIT: Missing connection to AV. Directory and inventory-Vendor on sy...,Software,it_ticket_classification,unspecified,2,Active Directory,False,3540,Active Directory,
2026-09-19T18:08:54.980358,Qwen2.5-7B,SLM,7B,ollama,30,Initiated by GIT: Missing connection to AV. Directory and inventory-Vendor on sy...,Software,it_ticket_classification,unspecified,3,Active Directory,False,3003,Active Directory,
2026-09-19T18:09:33.499064,Mistral-7B,SLM,7B,ollama,1,Shared Mailbox Access - [AWS_ACCESS_KEY] - [EMAIL],Support general,it_ticket_classification,unspecified,1,O365,False,31348, O365,
2026-09-19T18:09:39.559649,Mistral-7B,SLM,7B,ollama,1,Shared Mailbox Access - [AWS_ACCESS_KEY] - [EMAIL],Support general,it_ticket_classification,unspecified,2,O365,False,4248, O365,
2026-09-19T18:09:45.298638,Mistral-7B,SLM,7B,ollama,1,Shared Mailbox Access - [AWS_ACCESS_KEY] - [EMAIL],Support general,it_ticket_classification,unspecified,3,O365,False,4067, O365,
2026-09-19T18:09:53.766130,Mistral-7B,SLM,7B,ollama,2,[TICKET ID] - A Support Ticket was forwarded to your role  -[LOCATION]Wiedereinr...,Software,it_ticket_classification,unspecified,1,Computer-Services,False,6823, Computer-Services,
2026-09-19T18:09:58.866248,Mistral-7B,SLM,7B,ollama,2,[TICKET ID] - A Support Ticket was forwarded to your role  -[LOCATION]Wiedereinr...,Software,it_ticket_classification,unspecified,2,Computer-Services,False,3468, Computer-Services,
2026-09-19T18:10:03.905038,Mistral-7B,SLM,7B,ollama,2,[TICKET ID] - A Support Ticket was forwarded to your role  -[LOCATION]Wiedereinr...,Software,it_ticket_classification,unspecified,3,Computer-Services,False,3396, Computer-Services,
2026-09-19T18:10:11.189032,Mistral-7B,SLM,7B,ollama,3,File Share Access - [TICKET ID] - [NAME] ([COMPANY]A. [LOCATION]),Fileservice,it_ticket_classification,unspecified,1,Fileservice,True,5545, Fileservice,
2026-09-19T18:10:16.408226,Mistral-7B,SLM,7B,ollama,3,File Share Access - [TICKET ID] - [NAME] ([COMPANY]A. [LOCATION]),Fileservice,it_ticket_classification,unspecified,2,Fileservice,True,3504, Fileservice,
2026-09-19T18:10:21.565274,Mistral-7B,SLM,7B,ollama,3,File Share Access - [TICKET ID] - [NAME] ([COMPANY]A. [LOCATION]),Fileservice,it_ticket_classification,unspecified,3,Fileservice,True,3533, Fileservice,
2026-09-19T18:10:26.325009,Mistral-7B,SLM,7B,ollama,4,File Share Access - [TICKET ID] - [NAME] ([COMPANY]A. [LOCATION]),Fileservice,it_ticket_classification,unspecified,1,Fileservice,True,3021, Fileservice,
2026-09-19T18:10:31.041776,Mistral-7B,SLM,7B,ollama,4,File Share Access - [TICKET ID] - [NAME] ([COMPANY]A. [LOCATION]),Fileservice,it_ticket_classification,unspecified,2,Fileservice,True,3021, Fileservice,
2026-09-19T18:10:36.118017,Mistral-7B,SLM,7B,ollama,4,File Share Access - [TICKET ID] - [NAME] ([COMPANY]A. [LOCATION]),Fileservice,it_ticket_classification,unspecified,3,Fileservice,True,3372, Fileservice,
2026-09-19T18:10:42.048580,Mistral-7B,SLM,7B,ollama,5,Local admin rights needed for [SERVER],Active Directory,it_ticket_classification,unspecified,1,Computer-Services,False,4230, Computer-Services,
2026-09-19T18:10:47.507460,Mistral-7B,SLM,7B,ollama,5,Local admin rights needed for [SERVER],Active Directory,it_ticket_classification,unspecified,2,Computer-Services,False,3819, Computer-Services,
2026-09-19T18:10:52.408558,Mistral-7B,SLM,7B,ollama,5,Local admin rights needed for [SERVER],Active Directory,it_ticket_classification,unspecified,3,Computer-Services,False,3199, Computer-Services,
2026-09-19T18:11:00.147904,Mistral-7B,SLM,7B,ollama,6,File Share Access - [TICKET ID] - Knoll. Natali ([COMPANY]. [LOCATION]),Fileservice,it_ticket_classification,unspecified,1,Fileservice,True,6013, Fileservice,
2026-09-19T18:11:05.300090,Mistral-7B,SLM,7B,ollama,6,File Share Access - [TICKET ID] - Knoll. Natali ([COMPANY]. [LOCATION]),Fileservice,it_ticket_classification,unspecified,2,Fileservice,True,3525, Fileservice,
2026-09-19T18:22:16.364980,Mistral-7B,SLM,7B,ollama,6,File Share Access - [TICKET ID] - Knoll. Natali ([COMPANY]. [LOCATION]),Fileservice,it_ticket_classification,unspecified,3,Fileservice,True,76451, Fileservice,
2026-09-19T18:22:22.885293,Mistral-7B,SLM,7B,ollama,7,File Share Access - [TICKET ID] - [NAME] ([COMPANY]. [LOCATION]),Fileservice,it_ticket_classification,unspecified,1,Fileservice,True,4647, Fileservice,
2026-09-19T18:22:28.278458,Mistral-7B,SLM,7B,ollama,7,File Share Access - [TICKET ID] - [NAME] ([COMPANY]. [LOCATION]),Fileservice,it_ticket_classification,unspecified,2,Fileservice,True,3534, Fileservice,
2026-09-19T18:22:32.870621,Mistral-7B,SLM,7B,ollama,7,File Share Access - [TICKET ID] - [NAME] ([COMPANY]. [LOCATION]),Fileservice,it_ticket_classification,unspecified,3,Fileservice,True,2948, Fileservice,
2026-09-19T18:22:40.634931,Mistral-7B,SLM,7B,ollama,8,[TICKET ID] - New Support Ticket received  - Basis User - [USERNAME] - [NAME] ([...,Support general,it_ticket_classification,unspecified,1,Software,False,6118, Software,
2026-09-19T18:22:44.932476,Mistral-7B,SLM,7B,ollama,8,[TICKET ID] - New Support Ticket received  - Basis User - [USERNAME] - [NAME] ([...,Support general,it_ticket_classification,unspecified,2,Software,False,2654, Software,
2026-09-19T18:22:49.235461,Mistral-7B,SLM,7B,ollama,8,[TICKET ID] - New Support Ticket received  - Basis User - [USERNAME] - [NAME] ([...,Support general,it_ticket_classification,unspecified,3,Software,False,2622, Software,
2026-09-19T18:22:55.743807,Mistral-7B,SLM,7B,ollama,9,INstalar a Impresso do adm 2 no meu computador,Computer-Services,it_ticket_classification,unspecified,1,Computer-Services,True,4834, Computer-Services,
2026-09-19T18:23:00.672327,Mistral-7B,SLM,7B,ollama,9,INstalar a Impresso do adm 2 no meu computador,Computer-Services,it_ticket_classification,unspecified,2,Computer-Services,True,3231, Computer-Services,
2026-09-19T18:23:05.605317,Mistral-7B,SLM,7B,ollama,9,INstalar a Impresso do adm 2 no meu computador,Computer-Services,it_ticket_classification,unspecified,3,Computer-Services,True,3266, Computer-Services,
2026-09-19T18:23:12.693557,Mistral-7B,SLM,7B,ollama,10,[TICKET ID] - New Support Ticket received  - Instalação software para ponto elet...,Software,it_ticket_classification,unspecified,1,Software,True,5384, Software,
2026-09-19T18:23:17.421359,Mistral-7B,SLM,7B,ollama,10,[TICKET ID] - New Support Ticket received  - Instalação software para ponto elet...,Software,it_ticket_classification,unspecified,2,Software,True,3047, Software,
2026-09-19T18:23:22.115584,Mistral-7B,SLM,7B,ollama,10,[TICKET ID] - New Support Ticket received  - Instalação software para ponto elet...,Software,it_ticket_classification,unspecified,3,Software,True,3040, Software,
2026-09-19T18:23:29.527045,Mistral-7B,SLM,7B,ollama,11,File Share Access - [TICKET ID] - [NAME] ([COMPANY]A. [LOCATION]),Fileservice,it_ticket_classification,unspecified,1,Fileservice,True,5673, Fileservice,
2026-09-19T18:23:34.236975,Mistral-7B,SLM,7B,ollama,11,File Share Access - [TICKET ID] - [NAME] ([COMPANY]A. [LOCATION]),Fileservice,it_ticket_classification,unspecified,2,Fileservice,True,2991, Fileservice,
2026-09-19T18:23:39.427529,Mistral-7B,SLM,7B,ollama,11,File Share Access - [TICKET ID] - [NAME] ([COMPANY]A. [LOCATION]),Fileservice,it_ticket_classification,unspecified,3,Fileservice,True,3485, Fileservice,
2026-09-19T18:23:46.073686,Mistral-7B,SLM,7B,ollama,12,File Share Access - [TICKET ID] - [NAME] ([COMPANY]!![COMPANY] Srbija. [LOCATION...,Fileservice,it_ticket_classification,unspecified,1,Fileservice,True,4957, Fileservice,
2026-09-19T18:23:51.161775,Mistral-7B,SLM,7B,ollama,12,File Share Access - [TICKET ID] - [NAME] ([COMPANY]!![COMPANY] Srbija. [LOCATION...,Fileservice,it_ticket_classification,unspecified,2,Fileservice,True,3454, Fileservice,
2026-09-19T18:23:56.437099,Mistral-7B,SLM,7B,ollama,12,File Share Access - [TICKET ID] - [NAME] ([COMPANY]!![COMPANY] Srbija. [LOCATION...,Fileservice,it_ticket_classification,unspecified,3,Fileservice,True,3611, Fileservice,
2026-09-19T18:24:02.792275,Mistral-7B,SLM,7B,ollama,13,Synchronisierung Sharepoint funktioniert nicht,Software,it_ticket_classification,unspecified,1,Fileservice,False,4675, Fileservice,
2026-09-19T18:24:08.009991,Mistral-7B,SLM,7B,ollama,13,Synchronisierung Sharepoint funktioniert nicht,Software,it_ticket_classification,unspecified,2,Fileservice,False,3574, Fileservice,
2026-09-19T18:24:12.771710,Mistral-7B,SLM,7B,ollama,13,Synchronisierung Sharepoint funktioniert nicht,Software,it_ticket_classification,unspecified,3,Fileservice,False,2999, Fileservice,
2026-09-19T18:24:21.690690,Mistral-7B,SLM,7B,ollama,14,[TICKET ID] - New Support Ticket received  - Acceso a carpeta compartida COMEX,Fileservice,it_ticket_classification,unspecified,1,Fileservice,True,7290, Fileservice,
2026-09-19T18:24:26.862791,Mistral-7B,SLM,7B,ollama,14,[TICKET ID] - New Support Ticket received  - Acceso a carpeta compartida COMEX,Fileservice,it_ticket_classification,unspecified,2,Fileservice,True,3515, Fileservice,
2026-09-19T18:24:31.965958,Mistral-7B,SLM,7B,ollama,14,[TICKET ID] - New Support Ticket received  - Acceso a carpeta compartida COMEX,Fileservice,it_ticket_classification,unspecified,3,Fileservice,True,3466, Fileservice,
2026-09-19T18:24:39.340256,Mistral-7B,SLM,7B,ollama,15,File Share Access - [TICKET ID] - Defrancq. [NAME] ([COMPANY]. [LOCATION]),Fileservice,it_ticket_classification,unspecified,1,Fileservice,True,5783, Fileservice,
2026-09-19T18:27:17.240858,Mistral-7B,SLM,7B,ollama,15,File Share Access - [TICKET ID] - Defrancq. [NAME] ([COMPANY]. [LOCATION]),Fileservice,it_ticket_classification,unspecified,2,Fileservice,True,9505, Fileservice,
2026-09-19T18:27:21.977373,Mistral-7B,SLM,7B,ollama,15,File Share Access - [TICKET ID] - Defrancq. [NAME] ([COMPANY]. [LOCATION]),Fileservice,it_ticket_classification,unspecified,3,Fileservice,True,2951, Fileservice,
2026-09-19T18:27:29.784233,Mistral-7B,SLM,7B,ollama,16,Remove File Share Access - [TICKET ID] - [NAME] ([COMPANY]A. [LOCATION]),Fileservice,it_ticket_classification,unspecified,1,Computer-Services,False,6089, Computer-Services,
2026-09-19T18:27:34.713408,Mistral-7B,SLM,7B,ollama,16,Remove File Share Access - [TICKET ID] - [NAME] ([COMPANY]A. [LOCATION]),Fileservice,it_ticket_classification,unspecified,2,Computer-Services,False,3234, Computer-Services,
2026-09-19T18:27:39.869488,Mistral-7B,SLM,7B,ollama,16,Remove File Share Access - [TICKET ID] - [NAME] ([COMPANY]A. [LOCATION]),Fileservice,it_ticket_classification,unspecified,3,Computer-Services,False,3462, Computer-Services,
2026-09-19T18:27:48.682803,Mistral-7B,SLM,7B,ollama,17,Shared Mailbox Access - [TICKET ID] - [EMAIL],Support general,it_ticket_classification,unspecified,1,INVALID,False,6604, Shared Mailbox Access,
2026-09-19T18:27:54.055483,Mistral-7B,SLM,7B,ollama,17,Shared Mailbox Access - [TICKET ID] - [EMAIL],Support general,it_ticket_classification,unspecified,2,INVALID,False,3696, Shared Mailbox Access,
2026-09-19T18:27:59.247381,Mistral-7B,SLM,7B,ollama,17,Shared Mailbox Access - [TICKET ID] - [EMAIL],Support general,it_ticket_classification,unspecified,3,INVALID,False,3570, Shared Mailbox Access,
2026-09-19T18:28:14.233708,Mistral-7B,SLM,7B,ollama,18,File Share Access - [TICKET ID] - [USERNAME] ([COMPANY]. [LOCATION])Service Requ...,Fileservice,it_ticket_classification,unspecified,1,Fileservice,True,13284, Fileservice,
2026-09-19T18:28:19.677240,Mistral-7B,SLM,7B,ollama,18,File Share Access - [TICKET ID] - [USERNAME] ([COMPANY]. [LOCATION])Service Requ...,Fileservice,it_ticket_classification,unspecified,2,Fileservice,True,3639, Fileservice,
2026-09-19T18:28:24.882549,Mistral-7B,SLM,7B,ollama,18,File Share Access - [TICKET ID] - [USERNAME] ([COMPANY]. [LOCATION])Service Requ...,Fileservice,it_ticket_classification,unspecified,3,Fileservice,True,3499, Fileservice,
2026-09-19T18:28:31.034788,Mistral-7B,SLM,7B,ollama,19,File Share Access - [TICKET ID] - [NAME] ([COMPANY]A. [LOCATION]),Fileservice,it_ticket_classification,unspecified,1,Fileservice,True,4524, Fileservice,
2026-09-19T18:28:36.108974,Mistral-7B,SLM,7B,ollama,19,File Share Access - [TICKET ID] - [NAME] ([COMPANY]A. [LOCATION]),Fileservice,it_ticket_classification,unspecified,2,Fileservice,True,3408, Fileservice,
2026-09-19T18:28:41.054114,Mistral-7B,SLM,7B,ollama,19,File Share Access - [TICKET ID] - [NAME] ([COMPANY]A. [LOCATION]),Fileservice,it_ticket_classification,unspecified,3,Fileservice,True,3256, Fileservice,
2026-09-19T18:28:48.592493,Mistral-7B,SLM,7B,ollama,20,Emails undeliverableEmails sent to [EMAIL] mailto:[EMAIL] are not working.,O365,it_ticket_classification,unspecified,1,INVALID,False,5854, Emailservice,
2026-09-19T18:28:53.628380,Mistral-7B,SLM,7B,ollama,20,Emails undeliverableEmails sent to [EMAIL] mailto:[EMAIL] are not working.,O365,it_ticket_classification,unspecified,2,INVALID,False,3360, Emailservice,
2026-09-19T18:28:58.914202,Mistral-7B,SLM,7B,ollama,20,Emails undeliverableEmails sent to [EMAIL] mailto:[EMAIL] are not working.,O365,it_ticket_classification,unspecified,3,INVALID,False,3653, Emailservice,
2026-09-19T18:29:06.478231,Mistral-7B,SLM,7B,ollama,21,Create Shared Mailbox - [EMAIL] - AR-[COMPANY],Support general,it_ticket_classification,unspecified,1,EOL,False,5786, EOL (End of Life),
2026-09-19T18:29:12.955579,Mistral-7B,SLM,7B,ollama,21,Create Shared Mailbox - [EMAIL] - AR-[COMPANY],Support general,it_ticket_classification,unspecified,2,EOL,False,4798, EOL (End of Life),
2026-09-19T18:29:19.423829,Mistral-7B,SLM,7B,ollama,21,Create Shared Mailbox - [EMAIL] - AR-[COMPANY],Support general,it_ticket_classification,unspecified,3,EOL,False,4732, EOL (End of Life),
2026-09-19T18:29:29.664639,Mistral-7B,SLM,7B,ollama,22,Shared Mailbox Access - [ADDRESS] - [EMAIL],Support general,it_ticket_classification,unspecified,1,O365,False,8561, Shared Mailbox Access - This ticket falls under the category of O365.,
2026-09-19T18:29:38.239254,Mistral-7B,SLM,7B,ollama,22,Shared Mailbox Access - [ADDRESS] - [EMAIL],Support general,it_ticket_classification,unspecified,2,O365,False,6916, Shared Mailbox Access - This ticket falls under the category of O365.,
2026-09-19T18:29:47.651728,Mistral-7B,SLM,7B,ollama,22,Shared Mailbox Access - [ADDRESS] - [EMAIL],Support general,it_ticket_classification,unspecified,3,O365,False,7802, Shared Mailbox Access - This ticket falls under the category of O365.,
2026-09-19T18:29:53.900486,Mistral-7B,SLM,7B,ollama,23,[TICKET ID] - New Support Ticket received  - Skype Malfunction,O365,it_ticket_classification,unspecified,1,Software,False,4496, Software,
2026-09-19T18:29:58.759561,Mistral-7B,SLM,7B,ollama,23,[TICKET ID] - New Support Ticket received  - Skype Malfunction,O365,it_ticket_classification,unspecified,2,Software,False,3245, Software,
2026-09-19T18:30:03.386869,Mistral-7B,SLM,7B,ollama,23,[TICKET ID] - New Support Ticket received  - Skype Malfunction,O365,it_ticket_classification,unspecified,3,Software,False,2863, Software,
2026-09-19T18:30:10.012604,Mistral-7B,SLM,7B,ollama,24,Acesso pastas e emails Crysmara,Fileservice,it_ticket_classification,unspecified,1,Computer-Services,False,4997, Computer-Services,
2026-09-19T18:30:14.826029,Mistral-7B,SLM,7B,ollama,24,Acesso pastas e emails Crysmara,Fileservice,it_ticket_classification,unspecified,2,Computer-Services,False,3167, Computer-Services,
2026-09-19T18:30:20.062368,Mistral-7B,SLM,7B,ollama,24,Acesso pastas e emails Crysmara,Fileservice,it_ticket_classification,unspecified,3,Computer-Services,False,3583, Computer-Services,
2026-09-19T18:30:35.483509,Mistral-7B,SLM,7B,ollama,25,File Share Access - [TICKET ID] - [NAME] ([COMPANY]. [LOCATION])Service Request:...,Fileservice,it_ticket_classification,unspecified,1,Fileservice,True,13657, Fileservice,
2026-09-19T18:30:40.181149,Mistral-7B,SLM,7B,ollama,25,File Share Access - [TICKET ID] - [NAME] ([COMPANY]. [LOCATION])Service Request:...,Fileservice,it_ticket_classification,unspecified,2,Fileservice,True,3074, Fileservice,
2026-09-19T18:30:52.536016,Mistral-7B,SLM,7B,ollama,25,File Share Access - [TICKET ID] - [NAME] ([COMPANY]. [LOCATION])Service Request:...,Fileservice,it_ticket_classification,unspecified,3,Fileservice,True,5544, Fileservice,
2026-09-19T18:31:05.706773,Mistral-7B,SLM,7B,ollama,26,[TICKET ID] - A Support Ticket was forwarded to your role  - AW: Order Provision...,Support general,it_ticket_classification,unspecified,1,Software,False,11431, Software,
2026-09-19T18:31:10.339446,Mistral-7B,SLM,7B,ollama,26,[TICKET ID] - A Support Ticket was forwarded to your role  - AW: Order Provision...,Support general,it_ticket_classification,unspecified,2,Software,False,2928, Software,
2026-09-19T18:31:15.088267,Mistral-7B,SLM,7B,ollama,26,[TICKET ID] - A Support Ticket was forwarded to your role  - AW: Order Provision...,Support general,it_ticket_classification,unspecified,3,Software,False,3069, Software,
2026-09-19T18:31:22.023755,Mistral-7B,SLM,7B,ollama,27,[TICKET ID] - New Support Ticket received  - Work phone does not connect to [COM...,Support general,it_ticket_classification,unspecified,1,Computer-Services,False,5291, Computer-Services,
2026-09-19T18:31:27.530035,Mistral-7B,SLM,7B,ollama,27,[TICKET ID] - New Support Ticket received  - Work phone does not connect to [COM...,Support general,it_ticket_classification,unspecified,2,Computer-Services,False,3888, Computer-Services,
2026-09-19T18:31:32.447803,Mistral-7B,SLM,7B,ollama,27,[TICKET ID] - New Support Ticket received  - Work phone does not connect to [COM...,Support general,it_ticket_classification,unspecified,3,Computer-Services,False,3247, Computer-Services,
2026-09-19T18:32:13.910447,Mistral-7B,SLM,7B,ollama,28,Team-Mailadresse/Kalender in Outlook einbinden[NAME] liebe [NAME].             w...,O365,it_ticket_classification,unspecified,1,Software,False,39782, Software,
2026-09-19T18:32:34.666512,Mistral-7B,SLM,7B,ollama,28,Team-Mailadresse/Kalender in Outlook einbinden[NAME] liebe [NAME].             w...,O365,it_ticket_classification,unspecified,2,Software,False,19024, Software,
2026-09-19T18:32:39.328006,Mistral-7B,SLM,7B,ollama,28,Team-Mailadresse/Kalender in Outlook einbinden[NAME] liebe [NAME].             w...,O365,it_ticket_classification,unspecified,3,Software,False,3005, Software,
2026-09-19T18:32:47.442813,Mistral-7B,SLM,7B,ollama,29,Missing connection to all securitytools on system [SERVER],Software,it_ticket_classification,unspecified,1,Computer-Services,False,6438, Computer-Services,
2026-09-19T18:32:52.883368,Mistral-7B,SLM,7B,ollama,29,Missing connection to all securitytools on system [SERVER],Software,it_ticket_classification,unspecified,2,Computer-Services,False,3767, Computer-Services,
2026-09-19T18:32:58.630131,Mistral-7B,SLM,7B,ollama,29,Missing connection to all securitytools on system [SERVER],Software,it_ticket_classification,unspecified,3,Computer-Services,False,4146, Computer-Services,
2026-09-19T18:33:06.560322,Mistral-7B,SLM,7B,ollama,30,Initiated by GIT: Missing connection to AV. Directory and inventory-Vendor on sy...,Software,it_ticket_classification,unspecified,1,Computer-Services,False,6234, Computer-Services,
2026-09-19T18:33:14.134073,Mistral-7B,SLM,7B,ollama,30,Initiated by GIT: Missing connection to AV. Directory and inventory-Vendor on sy...,Software,it_ticket_classification,unspecified,2,Computer-Services,False,5901, Computer-Services,
2026-09-19T18:33:19.809491,Mistral-7B,SLM,7B,ollama,30,Initiated by GIT: Missing connection to AV. Directory and inventory-Vendor on sy...,Software,it_ticket_classification,unspecified,3,Computer-Services,False,4059, Computer-Services,
2026-09-19T18:37:11.349938,Llama-3.1-8B,SLM,8B,ollama,1,Shared Mailbox Access - [AWS_ACCESS_KEY] - [EMAIL],Support general,it_ticket_classification,unspecified,1,O365,False,20779,O365,
2026-09-19T18:37:17.089160,Llama-3.1-8B,SLM,8B,ollama,1,Shared Mailbox Access - [AWS_ACCESS_KEY] - [EMAIL],Support general,it_ticket_classification,unspecified,2,O365,False,3970,O365,
2026-09-19T18:37:22.088320,Llama-3.1-8B,SLM,8B,ollama,1,Shared Mailbox Access - [AWS_ACCESS_KEY] - [EMAIL],Support general,it_ticket_classification,unspecified,3,O365,False,3315,O365,
2026-09-19T18:37:30.129025,Llama-3.1-8B,SLM,8B,ollama,2,[TICKET ID] - A Support Ticket was forwarded to your role  -[LOCATION]Wiedereinr...,Software,it_ticket_classification,unspecified,1,Support general,False,6378,Support general,
2026-09-19T18:37:34.811494,Llama-3.1-8B,SLM,8B,ollama,2,[TICKET ID] - A Support Ticket was forwarded to your role  -[LOCATION]Wiedereinr...,Software,it_ticket_classification,unspecified,2,Support general,False,3003,Support general,
2026-09-19T18:37:39.460306,Llama-3.1-8B,SLM,8B,ollama,2,[TICKET ID] - A Support Ticket was forwarded to your role  -[LOCATION]Wiedereinr...,Software,it_ticket_classification,unspecified,3,Support general,False,2975,Support general,
2026-09-19T18:37:47.639876,Llama-3.1-8B,SLM,8B,ollama,3,File Share Access - [TICKET ID] - [NAME] ([COMPANY]A. [LOCATION]),Fileservice,it_ticket_classification,unspecified,1,Fileservice,True,5927,Fileservice,
2026-09-19T18:37:53.027238,Llama-3.1-8B,SLM,8B,ollama,3,File Share Access - [TICKET ID] - [NAME] ([COMPANY]A. [LOCATION]),Fileservice,it_ticket_classification,unspecified,2,Fileservice,True,3630,Fileservice,
2026-09-19T18:37:57.827568,Llama-3.1-8B,SLM,8B,ollama,3,File Share Access - [TICKET ID] - [NAME] ([COMPANY]A. [LOCATION]),Fileservice,it_ticket_classification,unspecified,3,Fileservice,True,3129,Fileservice,
2026-09-19T18:38:02.600454,Llama-3.1-8B,SLM,8B,ollama,4,File Share Access - [TICKET ID] - [NAME] ([COMPANY]A. [LOCATION]),Fileservice,it_ticket_classification,unspecified,1,Fileservice,True,3076,Fileservice,
2026-09-19T18:38:07.284551,Llama-3.1-8B,SLM,8B,ollama,4,File Share Access - [TICKET ID] - [NAME] ([COMPANY]A. [LOCATION]),Fileservice,it_ticket_classification,unspecified,2,Fileservice,True,3010,Fileservice,
2026-09-19T18:38:12.060941,Llama-3.1-8B,SLM,8B,ollama,4,File Share Access - [TICKET ID] - [NAME] ([COMPANY]A. [LOCATION]),Fileservice,it_ticket_classification,unspecified,3,Fileservice,True,3042,Fileservice,
2026-09-19T18:38:18.455955,Llama-3.1-8B,SLM,8B,ollama,5,Local admin rights needed for [SERVER],Active Directory,it_ticket_classification,unspecified,1,Active Directory,True,4746,Active Directory,
2026-09-19T18:38:23.218723,Llama-3.1-8B,SLM,8B,ollama,5,Local admin rights needed for [SERVER],Active Directory,it_ticket_classification,unspecified,2,Active Directory,True,3041,Active Directory,
2026-09-19T18:38:28.478197,Llama-3.1-8B,SLM,8B,ollama,5,Local admin rights needed for [SERVER],Active Directory,it_ticket_classification,unspecified,3,Active Directory,True,3636,Active Directory,
2026-09-19T18:38:36.226678,Llama-3.1-8B,SLM,8B,ollama,6,File Share Access - [TICKET ID] - Knoll. Natali ([COMPANY]. [LOCATION]),Fileservice,it_ticket_classification,unspecified,1,Fileservice,True,6069,Fileservice,
2026-09-19T18:38:41.787079,Llama-3.1-8B,SLM,8B,ollama,6,File Share Access - [TICKET ID] - Knoll. Natali ([COMPANY]. [LOCATION]),Fileservice,it_ticket_classification,unspecified,2,Fileservice,True,3945,Fileservice,
2026-09-19T18:38:46.519823,Llama-3.1-8B,SLM,8B,ollama,6,File Share Access - [TICKET ID] - Knoll. Natali ([COMPANY]. [LOCATION]),Fileservice,it_ticket_classification,unspecified,3,Fileservice,True,3016,Fileservice,
2026-09-19T18:38:53.454926,Llama-3.1-8B,SLM,8B,ollama,7,File Share Access - [TICKET ID] - [NAME] ([COMPANY]. [LOCATION]),Fileservice,it_ticket_classification,unspecified,1,Fileservice,True,5268,Fileservice,
2026-09-19T18:38:58.730483,Llama-3.1-8B,SLM,8B,ollama,7,File Share Access - [TICKET ID] - [NAME] ([COMPANY]. [LOCATION]),Fileservice,it_ticket_classification,unspecified,2,Fileservice,True,3666,Fileservice,
2026-09-19T18:39:03.483893,Llama-3.1-8B,SLM,8B,ollama,7,File Share Access - [TICKET ID] - [NAME] ([COMPANY]. [LOCATION]),Fileservice,it_ticket_classification,unspecified,3,Fileservice,True,3064,Fileservice,
2026-09-19T18:39:11.594024,Llama-3.1-8B,SLM,8B,ollama,8,[TICKET ID] - New Support Ticket received  - Basis User - [USERNAME] - [NAME] ([...,Support general,it_ticket_classification,unspecified,1,Support general,True,6454,Support general,
2026-09-19T18:39:16.911029,Llama-3.1-8B,SLM,8B,ollama,8,[TICKET ID] - New Support Ticket received  - Basis User - [USERNAME] - [NAME] ([...,Support general,it_ticket_classification,unspecified,2,Support general,True,3625,Support general,
2026-09-19T18:39:22.108452,Llama-3.1-8B,SLM,8B,ollama,8,[TICKET ID] - New Support Ticket received  - Basis User - [USERNAME] - [NAME] ([...,Support general,it_ticket_classification,unspecified,3,Support general,True,3582,Support general,
2026-09-19T18:39:28.677497,Llama-3.1-8B,SLM,8B,ollama,9,INstalar a Impresso do adm 2 no meu computador,Computer-Services,it_ticket_classification,unspecified,1,Fileservice,False,4963,Fileservice,
2026-09-19T18:39:33.329189,Llama-3.1-8B,SLM,8B,ollama,9,INstalar a Impresso do adm 2 no meu computador,Computer-Services,it_ticket_classification,unspecified,2,Fileservice,False,2981,Fileservice,
2026-09-19T18:39:38.454653,Llama-3.1-8B,SLM,8B,ollama,9,INstalar a Impresso do adm 2 no meu computador,Computer-Services,it_ticket_classification,unspecified,3,Fileservice,False,3460,Fileservice,
2026-09-19T18:39:49.504590,Llama-3.1-8B,SLM,8B,ollama,10,[TICKET ID] - New Support Ticket received  - Instalação software para ponto elet...,Software,it_ticket_classification,unspecified,1,Software,True,9346,Software,
2026-09-19T18:39:57.084629,Llama-3.1-8B,SLM,8B,ollama,10,[TICKET ID] - New Support Ticket received  - Instalação software para ponto elet...,Software,it_ticket_classification,unspecified,2,Software,True,5672,Software,
2026-09-19T18:40:03.545279,Llama-3.1-8B,SLM,8B,ollama,10,[TICKET ID] - New Support Ticket received  - Instalação software para ponto elet...,Software,it_ticket_classification,unspecified,3,Software,True,4750,Software,
2026-09-19T18:41:04.707169,Llama-3.1-8B,SLM,8B,ollama,11,File Share Access - [TICKET ID] - [NAME] ([COMPANY]A. [LOCATION]),Fileservice,it_ticket_classification,unspecified,1,Fileservice,True,59507,Fileservice,
2026-09-19T18:41:19.800541,Llama-3.1-8B,SLM,8B,ollama,11,File Share Access - [TICKET ID] - [NAME] ([COMPANY]A. [LOCATION]),Fileservice,it_ticket_classification,unspecified,2,Fileservice,True,13013,Fileservice,
2026-09-19T18:41:24.993049,Llama-3.1-8B,SLM,8B,ollama,11,File Share Access - [TICKET ID] - [NAME] ([COMPANY]A. [LOCATION]),Fileservice,it_ticket_classification,unspecified,3,Fileservice,True,3357,Fileservice,
2026-09-19T18:41:31.594114,Llama-3.1-8B,SLM,8B,ollama,12,File Share Access - [TICKET ID] - [NAME] ([COMPANY]!![COMPANY] Srbija. [LOCATION...,Fileservice,it_ticket_classification,unspecified,1,Fileservice,True,4826,Fileservice,
2026-09-19T18:41:36.434762,Llama-3.1-8B,SLM,8B,ollama,12,File Share Access - [TICKET ID] - [NAME] ([COMPANY]!![COMPANY] Srbija. [LOCATION...,Fileservice,it_ticket_classification,unspecified,2,Fileservice,True,3143,Fileservice,
2026-09-19T18:41:41.200978,Llama-3.1-8B,SLM,8B,ollama,12,File Share Access - [TICKET ID] - [NAME] ([COMPANY]!![COMPANY] Srbija. [LOCATION...,Fileservice,it_ticket_classification,unspecified,3,Fileservice,True,3059,Fileservice,
2026-09-19T18:41:49.268683,Llama-3.1-8B,SLM,8B,ollama,13,Synchronisierung Sharepoint funktioniert nicht,Software,it_ticket_classification,unspecified,1,O365,False,6387,O365,
2026-09-19T18:41:54.040578,Llama-3.1-8B,SLM,8B,ollama,13,Synchronisierung Sharepoint funktioniert nicht,Software,it_ticket_classification,unspecified,2,O365,False,3055,O365,
2026-09-19T18:41:58.883158,Llama-3.1-8B,SLM,8B,ollama,13,Synchronisierung Sharepoint funktioniert nicht,Software,it_ticket_classification,unspecified,3,O365,False,3171,O365,
2026-09-19T18:42:06.711617,Llama-3.1-8B,SLM,8B,ollama,14,[TICKET ID] - New Support Ticket received  - Acceso a carpeta compartida COMEX,Fileservice,it_ticket_classification,unspecified,1,Fileservice,True,6126,Fileservice,
2026-09-19T18:42:12.190886,Llama-3.1-8B,SLM,8B,ollama,14,[TICKET ID] - New Support Ticket received  - Acceso a carpeta compartida COMEX,Fileservice,it_ticket_classification,unspecified,2,Fileservice,True,3805,Fileservice,
2026-09-19T18:42:17.345148,Llama-3.1-8B,SLM,8B,ollama,14,[TICKET ID] - New Support Ticket received  - Acceso a carpeta compartida COMEX,Fileservice,it_ticket_classification,unspecified,3,Fileservice,True,3445,Fileservice,
2026-09-19T18:42:26.422249,Llama-3.1-8B,SLM,8B,ollama,15,File Share Access - [TICKET ID] - Defrancq. [NAME] ([COMPANY]. [LOCATION]),Fileservice,it_ticket_classification,unspecified,1,Fileservice,True,7374,Fileservice,
2026-09-19T18:42:35.191406,Llama-3.1-8B,SLM,8B,ollama,15,File Share Access - [TICKET ID] - Defrancq. [NAME] ([COMPANY]. [LOCATION]),Fileservice,it_ticket_classification,unspecified,2,Fileservice,True,7012,Fileservice,
2026-09-19T18:42:43.453429,Llama-3.1-8B,SLM,8B,ollama,15,File Share Access - [TICKET ID] - Defrancq. [NAME] ([COMPANY]. [LOCATION]),Fileservice,it_ticket_classification,unspecified,3,Fileservice,True,6528,Fileservice,
2026-09-19T18:42:51.373842,Llama-3.1-8B,SLM,8B,ollama,16,Remove File Share Access - [TICKET ID] - [NAME] ([COMPANY]A. [LOCATION]),Fileservice,it_ticket_classification,unspecified,1,Fileservice,True,6184,Fileservice,
2026-09-19T18:42:56.706163,Llama-3.1-8B,SLM,8B,ollama,16,Remove File Share Access - [TICKET ID] - [NAME] ([COMPANY]A. [LOCATION]),Fileservice,it_ticket_classification,unspecified,2,Fileservice,True,3675,Fileservice,
2026-09-19T18:43:02.633941,Llama-3.1-8B,SLM,8B,ollama,16,Remove File Share Access - [TICKET ID] - [NAME] ([COMPANY]A. [LOCATION]),Fileservice,it_ticket_classification,unspecified,3,Fileservice,True,4284,Fileservice,
2026-09-19T18:43:09.515121,Llama-3.1-8B,SLM,8B,ollama,17,Shared Mailbox Access - [TICKET ID] - [EMAIL],Support general,it_ticket_classification,unspecified,1,O365,False,5259,O365,
2026-09-19T18:43:14.577125,Llama-3.1-8B,SLM,8B,ollama,17,Shared Mailbox Access - [TICKET ID] - [EMAIL],Support general,it_ticket_classification,unspecified,2,O365,False,3280,O365,
2026-09-19T18:43:20.078440,Llama-3.1-8B,SLM,8B,ollama,17,Shared Mailbox Access - [TICKET ID] - [EMAIL],Support general,it_ticket_classification,unspecified,3,O365,False,3786,O365,
2026-09-19T18:43:34.617883,Llama-3.1-8B,SLM,8B,ollama,18,File Share Access - [TICKET ID] - [USERNAME] ([COMPANY]. [LOCATION])Service Requ...,Fileservice,it_ticket_classification,unspecified,1,Fileservice,True,12835,Fileservice,
2026-09-19T18:43:40.004608,Llama-3.1-8B,SLM,8B,ollama,18,File Share Access - [TICKET ID] - [USERNAME] ([COMPANY]. [LOCATION])Service Requ...,Fileservice,it_ticket_classification,unspecified,2,Fileservice,True,3718,Fileservice,
2026-09-19T18:43:45.285206,Llama-3.1-8B,SLM,8B,ollama,18,File Share Access - [TICKET ID] - [USERNAME] ([COMPANY]. [LOCATION])Service Requ...,Fileservice,it_ticket_classification,unspecified,3,Fileservice,True,3666,Fileservice,
2026-09-19T18:43:52.367634,Llama-3.1-8B,SLM,8B,ollama,19,File Share Access - [TICKET ID] - [NAME] ([COMPANY]A. [LOCATION]),Fileservice,it_ticket_classification,unspecified,1,Fileservice,True,5399,Fileservice,
2026-09-19T18:43:57.968442,Llama-3.1-8B,SLM,8B,ollama,19,File Share Access - [TICKET ID] - [NAME] ([COMPANY]A. [LOCATION]),Fileservice,it_ticket_classification,unspecified,2,Fileservice,True,3866,Fileservice,
2026-09-19T18:44:03.049887,Llama-3.1-8B,SLM,8B,ollama,19,File Share Access - [TICKET ID] - [NAME] ([COMPANY]A. [LOCATION]),Fileservice,it_ticket_classification,unspecified,3,Fileservice,True,3282,Fileservice,
2026-09-19T18:44:10.806599,Llama-3.1-8B,SLM,8B,ollama,20,Emails undeliverableEmails sent to [EMAIL] mailto:[EMAIL] are not working.,O365,it_ticket_classification,unspecified,1,O365,True,6050,O365,
2026-09-19T18:44:15.651886,Llama-3.1-8B,SLM,8B,ollama,20,Emails undeliverableEmails sent to [EMAIL] mailto:[EMAIL] are not working.,O365,it_ticket_classification,unspecified,2,O365,True,3196,O365,
2026-09-19T18:44:21.106248,Llama-3.1-8B,SLM,8B,ollama,20,Emails undeliverableEmails sent to [EMAIL] mailto:[EMAIL] are not working.,O365,it_ticket_classification,unspecified,3,O365,True,3796,O365,
2026-09-19T18:44:27.680848,Llama-3.1-8B,SLM,8B,ollama,21,Create Shared Mailbox - [EMAIL] - AR-[COMPANY],Support general,it_ticket_classification,unspecified,1,O365,False,4964,O365,
2026-09-19T18:44:32.979844,Llama-3.1-8B,SLM,8B,ollama,21,Create Shared Mailbox - [EMAIL] - AR-[COMPANY],Support general,it_ticket_classification,unspecified,2,O365,False,3672,O365,
2026-09-19T18:44:38.155367,Llama-3.1-8B,SLM,8B,ollama,21,Create Shared Mailbox - [EMAIL] - AR-[COMPANY],Support general,it_ticket_classification,unspecified,3,O365,False,3521,O365,
2026-09-19T18:44:44.463317,Llama-3.1-8B,SLM,8B,ollama,22,Shared Mailbox Access - [ADDRESS] - [EMAIL],Support general,it_ticket_classification,unspecified,1,O365,False,4699,O365,
2026-09-19T18:44:49.847087,Llama-3.1-8B,SLM,8B,ollama,22,Shared Mailbox Access - [ADDRESS] - [EMAIL],Support general,it_ticket_classification,unspecified,2,O365,False,3714,O365,
2026-09-19T18:44:54.988938,Llama-3.1-8B,SLM,8B,ollama,22,Shared Mailbox Access - [ADDRESS] - [EMAIL],Support general,it_ticket_classification,unspecified,3,O365,False,3521,O365,
2026-09-19T18:45:02.836867,Llama-3.1-8B,SLM,8B,ollama,23,[TICKET ID] - New Support Ticket received  - Skype Malfunction,O365,it_ticket_classification,unspecified,1,O365,True,6146,O365,
2026-09-19T18:45:08.120028,Llama-3.1-8B,SLM,8B,ollama,23,[TICKET ID] - New Support Ticket received  - Skype Malfunction,O365,it_ticket_classification,unspecified,2,O365,True,3642,O365,
2026-09-19T18:45:13.649561,Llama-3.1-8B,SLM,8B,ollama,23,[TICKET ID] - New Support Ticket received  - Skype Malfunction,O365,it_ticket_classification,unspecified,3,O365,True,3848,O365,
2026-09-19T18:45:20.433030,Llama-3.1-8B,SLM,8B,ollama,24,Acesso pastas e emails Crysmara,Fileservice,it_ticket_classification,unspecified,1,Fileservice,True,5176,Fileservice,
2026-09-19T18:45:25.695987,Llama-3.1-8B,SLM,8B,ollama,24,Acesso pastas e emails Crysmara,Fileservice,it_ticket_classification,unspecified,2,Fileservice,True,3630,Fileservice,
2026-09-19T18:45:30.646305,Llama-3.1-8B,SLM,8B,ollama,24,Acesso pastas e emails Crysmara,Fileservice,it_ticket_classification,unspecified,3,Fileservice,True,3339,Fileservice,
2026-09-19T18:45:45.878382,Llama-3.1-8B,SLM,8B,ollama,25,File Share Access - [TICKET ID] - [NAME] ([COMPANY]. [LOCATION])Service Request:...,Fileservice,it_ticket_classification,unspecified,1,Fileservice,True,13519,Fileservice,
2026-09-19T18:45:51.033956,Llama-3.1-8B,SLM,8B,ollama,25,File Share Access - [TICKET ID] - [NAME] ([COMPANY]. [LOCATION])Service Request:...,Fileservice,it_ticket_classification,unspecified,2,Fileservice,True,3551,Fileservice,
2026-09-19T18:45:56.457140,Llama-3.1-8B,SLM,8B,ollama,25,File Share Access - [TICKET ID] - [NAME] ([COMPANY]. [LOCATION])Service Request:...,Fileservice,it_ticket_classification,unspecified,3,Fileservice,True,3753,Fileservice,
2026-09-19T18:46:06.577077,Llama-3.1-8B,SLM,8B,ollama,26,[TICKET ID] - A Support Ticket was forwarded to your role  - AW: Order Provision...,Support general,it_ticket_classification,unspecified,1,Computer-Services,False,8425,Computer-Services,
2026-09-19T18:46:11.633070,Llama-3.1-8B,SLM,8B,ollama,26,[TICKET ID] - A Support Ticket was forwarded to your role  - AW: Order Provision...,Support general,it_ticket_classification,unspecified,2,Computer-Services,False,3389,Computer-Services,
2026-09-19T18:46:16.624451,Llama-3.1-8B,SLM,8B,ollama,26,[TICKET ID] - A Support Ticket was forwarded to your role  - AW: Order Provision...,Support general,it_ticket_classification,unspecified,3,Computer-Services,False,3207,Computer-Services,
2026-09-19T18:46:23.963728,Llama-3.1-8B,SLM,8B,ollama,27,[TICKET ID] - New Support Ticket received  - Work phone does not connect to [COM...,Support general,it_ticket_classification,unspecified,1,Computer-Services,False,5693,Computer-Services,
2026-09-19T18:46:29.226509,Llama-3.1-8B,SLM,8B,ollama,27,[TICKET ID] - New Support Ticket received  - Work phone does not connect to [COM...,Support general,it_ticket_classification,unspecified,2,Computer-Services,False,3596,Computer-Services,
2026-09-19T18:46:34.481950,Llama-3.1-8B,SLM,8B,ollama,27,[TICKET ID] - New Support Ticket received  - Work phone does not connect to [COM...,Support general,it_ticket_classification,unspecified,3,Computer-Services,False,3575,Computer-Services,
2026-09-19T18:47:18.367625,Llama-3.1-8B,SLM,8B,ollama,28,Team-Mailadresse/Kalender in Outlook einbinden[NAME] liebe [NAME].             w...,O365,it_ticket_classification,unspecified,1,O365,True,42268,O365,
2026-09-19T18:47:31.078585,Llama-3.1-8B,SLM,8B,ollama,28,Team-Mailadresse/Kalender in Outlook einbinden[NAME] liebe [NAME].             w...,O365,it_ticket_classification,unspecified,2,O365,True,10805,O365,
2026-09-19T18:47:41.975842,Llama-3.1-8B,SLM,8B,ollama,28,Team-Mailadresse/Kalender in Outlook einbinden[NAME] liebe [NAME].             w...,O365,it_ticket_classification,unspecified,3,O365,True,7925,O365,
2026-09-19T18:47:52.053447,Llama-3.1-8B,SLM,8B,ollama,29,Missing connection to all securitytools on system [SERVER],Software,it_ticket_classification,unspecified,1,Active Directory,False,8401,Active Directory,
2026-09-19T18:47:56.871142,Llama-3.1-8B,SLM,8B,ollama,29,Missing connection to all securitytools on system [SERVER],Software,it_ticket_classification,unspecified,2,Active Directory,False,3046,Active Directory,
2026-09-19T18:48:02.797341,Llama-3.1-8B,SLM,8B,ollama,29,Missing connection to all securitytools on system [SERVER],Software,it_ticket_classification,unspecified,3,Active Directory,False,4279,Active Directory,
2026-09-19T18:48:10.191453,Llama-3.1-8B,SLM,8B,ollama,30,Initiated by GIT: Missing connection to AV. Directory and inventory-Vendor on sy...,Software,it_ticket_classification,unspecified,1,Active Directory,False,5772,Active Directory,
2026-09-19T18:48:15.081752,Llama-3.1-8B,SLM,8B,ollama,30,Initiated by GIT: Missing connection to AV. Directory and inventory-Vendor on sy...,Software,it_ticket_classification,unspecified,2,Active Directory,False,3282,Active Directory,
2026-09-19T18:48:20.403044,Llama-3.1-8B,SLM,8B,ollama,30,Initiated by GIT: Missing connection to AV. Directory and inventory-Vendor on sy...,Software,it_ticket_classification,unspecified,3,Active Directory,False,3690,Active Directory,
2026-09-19T19:12:32.073523,GPT-OSS-120B,LLM,70B,groq,1,Shared Mailbox Access - [AWS_ACCESS_KEY] - [EMAIL],Support general,it_ticket_classification,unspecified,1,O365,False,1000,O365,
2026-09-19T19:12:35.094025,GPT-OSS-120B,LLM,70B,groq,1,Shared Mailbox Access - [AWS_ACCESS_KEY] - [EMAIL],Support general,it_ticket_classification,unspecified,2,O365,False,398,O365,
2026-09-19T19:12:38.198720,GPT-OSS-120B,LLM,70B,groq,1,Shared Mailbox Access - [AWS_ACCESS_KEY] - [EMAIL],Support general,it_ticket_classification,unspecified,3,O365,False,489,O365,
2026-09-19T19:12:41.431378,GPT-OSS-120B,LLM,70B,groq,2,[TICKET ID] - A Support Ticket was forwarded to your role  -[LOCATION]Wiedereinr...,Software,it_ticket_classification,unspecified,1,INVALID,False,625,,
2026-09-19T19:12:44.545184,GPT-OSS-120B,LLM,70B,groq,2,[TICKET ID] - A Support Ticket was forwarded to your role  -[LOCATION]Wiedereinr...,Software,it_ticket_classification,unspecified,2,INVALID,False,484,,
2026-09-19T19:12:47.899167,GPT-OSS-120B,LLM,70B,groq,2,[TICKET ID] - A Support Ticket was forwarded to your role  -[LOCATION]Wiedereinr...,Software,it_ticket_classification,unspecified,3,INVALID,False,657,,
2026-09-19T19:12:51.307597,GPT-OSS-120B,LLM,70B,groq,3,File Share Access - [TICKET ID] - [NAME] ([COMPANY]A. [LOCATION]),Fileservice,it_ticket_classification,unspecified,1,Fileservice,True,794,Fileservice,
2026-09-19T19:12:54.230835,GPT-OSS-120B,LLM,70B,groq,3,File Share Access - [TICKET ID] - [NAME] ([COMPANY]A. [LOCATION]),Fileservice,it_ticket_classification,unspecified,2,Fileservice,True,304,Fileservice,
2026-09-19T19:12:57.235947,GPT-OSS-120B,LLM,70B,groq,3,File Share Access - [TICKET ID] - [NAME] ([COMPANY]A. [LOCATION]),Fileservice,it_ticket_classification,unspecified,3,Fileservice,True,393,Fileservice,
2026-09-19T19:13:00.313642,GPT-OSS-120B,LLM,70B,groq,4,File Share Access - [TICKET ID] - [NAME] ([COMPANY]A. [LOCATION]),Fileservice,it_ticket_classification,unspecified,1,Fileservice,True,465,Fileservice,
2026-09-19T19:13:03.358275,GPT-OSS-120B,LLM,70B,groq,4,File Share Access - [TICKET ID] - [NAME] ([COMPANY]A. [LOCATION]),Fileservice,it_ticket_classification,unspecified,2,Fileservice,True,432,Fileservice,
2026-09-19T19:13:06.391653,GPT-OSS-120B,LLM,70B,groq,4,File Share Access - [TICKET ID] - [NAME] ([COMPANY]A. [LOCATION]),Fileservice,it_ticket_classification,unspecified,3,Fileservice,True,422,Fileservice,
2026-09-19T19:13:09.488383,GPT-OSS-120B,LLM,70B,groq,5,Local admin rights needed for [SERVER],Active Directory,it_ticket_classification,unspecified,1,INVALID,False,484,,
2026-09-19T19:13:12.577833,GPT-OSS-120B,LLM,70B,groq,5,Local admin rights needed for [SERVER],Active Directory,it_ticket_classification,unspecified,2,INVALID,False,477,,
2026-09-19T19:13:15.939052,GPT-OSS-120B,LLM,70B,groq,5,Local admin rights needed for [SERVER],Active Directory,it_ticket_classification,unspecified,3,INVALID,False,753,,
2026-09-19T19:13:19.139468,GPT-OSS-120B,LLM,70B,groq,6,File Share Access - [TICKET ID] - Knoll. Natali ([COMPANY]. [LOCATION]),Fileservice,it_ticket_classification,unspecified,1,Fileservice,True,587,Fileservice,
2026-09-19T19:13:22.242711,GPT-OSS-120B,LLM,70B,groq,6,File Share Access - [TICKET ID] - Knoll. Natali ([COMPANY]. [LOCATION]),Fileservice,it_ticket_classification,unspecified,2,Fileservice,True,495,Fileservice,
2026-09-19T19:13:25.285945,GPT-OSS-120B,LLM,70B,groq,6,File Share Access - [TICKET ID] - Knoll. Natali ([COMPANY]. [LOCATION]),Fileservice,it_ticket_classification,unspecified,3,Fileservice,True,393,Fileservice,
2026-09-19T19:13:28.281919,GPT-OSS-120B,LLM,70B,groq,7,File Share Access - [TICKET ID] - [NAME] ([COMPANY]. [LOCATION]),Fileservice,it_ticket_classification,unspecified,1,Fileservice,True,391,Fileservice,
2026-09-19T19:13:31.396355,GPT-OSS-120B,LLM,70B,groq,7,File Share Access - [TICKET ID] - [NAME] ([COMPANY]. [LOCATION]),Fileservice,it_ticket_classification,unspecified,2,Fileservice,True,510,Fileservice,
2026-09-19T19:13:34.449829,GPT-OSS-120B,LLM,70B,groq,7,File Share Access - [TICKET ID] - [NAME] ([COMPANY]. [LOCATION]),Fileservice,it_ticket_classification,unspecified,3,Fileservice,True,441,Fileservice,
2026-09-19T19:13:37.604480,GPT-OSS-120B,LLM,70B,groq,8,[TICKET ID] - New Support Ticket received  - Basis User - [USERNAME] - [NAME] ([...,Support general,it_ticket_classification,unspecified,1,Support general,True,550,Support general,
2026-09-19T19:13:40.554036,GPT-OSS-120B,LLM,70B,groq,8,[TICKET ID] - New Support Ticket received  - Basis User - [USERNAME] - [NAME] ([...,Support general,it_ticket_classification,unspecified,2,Support general,True,331,Support general,
2026-09-19T19:13:43.617285,GPT-OSS-120B,LLM,70B,groq,8,[TICKET ID] - New Support Ticket received  - Basis User - [USERNAME] - [NAME] ([...,Support general,it_ticket_classification,unspecified,3,Support general,True,441,Support general,
2026-09-19T19:13:46.837339,GPT-OSS-120B,LLM,70B,groq,9,INstalar a Impresso do adm 2 no meu computador,Computer-Services,it_ticket_classification,unspecified,1,INVALID,False,612,Computer,
2026-09-19T19:13:50.063062,GPT-OSS-120B,LLM,70B,groq,9,INstalar a Impresso do adm 2 no meu computador,Computer-Services,it_ticket_classification,unspecified,2,INVALID,False,614,Computer,
2026-09-19T19:13:53.162770,GPT-OSS-120B,LLM,70B,groq,9,INstalar a Impresso do adm 2 no meu computador,Computer-Services,it_ticket_classification,unspecified,3,INVALID,False,487,Computer,
2026-09-19T19:13:56.183511,GPT-OSS-120B,LLM,70B,groq,10,[TICKET ID] - New Support Ticket received  - Instalação software para ponto elet...,Software,it_ticket_classification,unspecified,1,Software,True,402,Software,
2026-09-19T19:13:59.214900,GPT-OSS-120B,LLM,70B,groq,10,[TICKET ID] - New Support Ticket received  - Instalação software para ponto elet...,Software,it_ticket_classification,unspecified,2,Software,True,410,Software,
2026-09-19T19:14:02.182241,GPT-OSS-120B,LLM,70B,groq,10,[TICKET ID] - New Support Ticket received  - Instalação software para ponto elet...,Software,it_ticket_classification,unspecified,3,Software,True,353,Software,
2026-09-19T19:14:05.199020,GPT-OSS-120B,LLM,70B,groq,11,File Share Access - [TICKET ID] - [NAME] ([COMPANY]A. [LOCATION]),Fileservice,it_ticket_classification,unspecified,1,Fileservice,True,400,Fileservice,
2026-09-19T19:14:08.173523,GPT-OSS-120B,LLM,70B,groq,11,File Share Access - [TICKET ID] - [NAME] ([COMPANY]A. [LOCATION]),Fileservice,it_ticket_classification,unspecified,2,Fileservice,True,351,Fileservice,
2026-09-19T19:14:11.163895,GPT-OSS-120B,LLM,70B,groq,11,File Share Access - [TICKET ID] - [NAME] ([COMPANY]A. [LOCATION]),Fileservice,it_ticket_classification,unspecified,3,Fileservice,True,389,Fileservice,
2026-09-19T19:14:14.304843,GPT-OSS-120B,LLM,70B,groq,12,File Share Access - [TICKET ID] - [NAME] ([COMPANY]!![COMPANY] Srbija. [LOCATION...,Fileservice,it_ticket_classification,unspecified,1,Fileservice,True,532,Fileservice,
2026-09-19T19:14:17.312223,GPT-OSS-120B,LLM,70B,groq,12,File Share Access - [TICKET ID] - [NAME] ([COMPANY]!![COMPANY] Srbija. [LOCATION...,Fileservice,it_ticket_classification,unspecified,2,Fileservice,True,382,Fileservice,
2026-09-19T19:14:20.410962,GPT-OSS-120B,LLM,70B,groq,12,File Share Access - [TICKET ID] - [NAME] ([COMPANY]!![COMPANY] Srbija. [LOCATION...,Fileservice,it_ticket_classification,unspecified,3,Fileservice,True,462,Fileservice,
2026-09-19T19:14:23.674189,GPT-OSS-120B,LLM,70B,groq,13,Synchronisierung Sharepoint funktioniert nicht,Software,it_ticket_classification,unspecified,1,INVALID,False,638,,
2026-09-19T19:14:26.968637,GPT-OSS-120B,LLM,70B,groq,13,Synchronisierung Sharepoint funktioniert nicht,Software,it_ticket_classification,unspecified,2,INVALID,False,680,,
2026-09-19T19:14:30.195611,GPT-OSS-120B,LLM,70B,groq,13,Synchronisierung Sharepoint funktioniert nicht,Software,it_ticket_classification,unspecified,3,INVALID,False,611,,
2026-09-19T19:14:33.201911,GPT-OSS-120B,LLM,70B,groq,14,[TICKET ID] - New Support Ticket received  - Acceso a carpeta compartida COMEX,Fileservice,it_ticket_classification,unspecified,1,Fileservice,True,395,Fileservice,
2026-09-19T19:14:36.319168,GPT-OSS-120B,LLM,70B,groq,14,[TICKET ID] - New Support Ticket received  - Acceso a carpeta compartida COMEX,Fileservice,it_ticket_classification,unspecified,2,Fileservice,True,489,Fileservice,
2026-09-19T19:14:39.477967,GPT-OSS-120B,LLM,70B,groq,14,[TICKET ID] - New Support Ticket received  - Acceso a carpeta compartida COMEX,Fileservice,it_ticket_classification,unspecified,3,Fileservice,True,539,Fileservice,
2026-09-19T19:14:42.476338,GPT-OSS-120B,LLM,70B,groq,15,File Share Access - [TICKET ID] - Defrancq. [NAME] ([COMPANY]. [LOCATION]),Fileservice,it_ticket_classification,unspecified,1,Fileservice,True,386,Fileservice,
2026-09-19T19:14:45.433671,GPT-OSS-120B,LLM,70B,groq,15,File Share Access - [TICKET ID] - Defrancq. [NAME] ([COMPANY]. [LOCATION]),Fileservice,it_ticket_classification,unspecified,2,Fileservice,True,298,Fileservice,
2026-09-19T19:14:48.439294,GPT-OSS-120B,LLM,70B,groq,15,File Share Access - [TICKET ID] - Defrancq. [NAME] ([COMPANY]. [LOCATION]),Fileservice,it_ticket_classification,unspecified,3,Fileservice,True,395,Fileservice,
2026-09-19T19:14:51.775835,GPT-OSS-120B,LLM,70B,groq,16,Remove File Share Access - [TICKET ID] - [NAME] ([COMPANY]A. [LOCATION]),Fileservice,it_ticket_classification,unspecified,1,Fileservice,True,504,Fileservice,
2026-09-19T19:14:54.779622,GPT-OSS-120B,LLM,70B,groq,16,Remove File Share Access - [TICKET ID] - [NAME] ([COMPANY]A. [LOCATION]),Fileservice,it_ticket_classification,unspecified,2,Fileservice,True,380,Fileservice,
2026-09-19T19:14:57.801603,GPT-OSS-120B,LLM,70B,groq,16,Remove File Share Access - [TICKET ID] - [NAME] ([COMPANY]A. [LOCATION]),Fileservice,it_ticket_classification,unspecified,3,Fileservice,True,412,Fileservice,
2026-09-19T19:15:00.822637,GPT-OSS-120B,LLM,70B,groq,17,Shared Mailbox Access - [TICKET ID] - [EMAIL],Support general,it_ticket_classification,unspecified,1,O365,False,397,O365,
2026-09-19T19:15:03.829351,GPT-OSS-120B,LLM,70B,groq,17,Shared Mailbox Access - [TICKET ID] - [EMAIL],Support general,it_ticket_classification,unspecified,2,O365,False,397,O365,
2026-09-19T19:15:06.776677,GPT-OSS-120B,LLM,70B,groq,17,Shared Mailbox Access - [TICKET ID] - [EMAIL],Support general,it_ticket_classification,unspecified,3,O365,False,331,O365,
2026-09-19T19:15:09.996800,GPT-OSS-120B,LLM,70B,groq,18,File Share Access - [TICKET ID] - [USERNAME] ([COMPANY]. [LOCATION])Service Requ...,Fileservice,it_ticket_classification,unspecified,1,Fileservice,True,502,Fileservice,
2026-09-19T19:15:13.120487,GPT-OSS-120B,LLM,70B,groq,18,File Share Access - [TICKET ID] - [USERNAME] ([COMPANY]. [LOCATION])Service Requ...,Fileservice,it_ticket_classification,unspecified,2,Fileservice,True,504,Fileservice,
2026-09-19T19:15:16.149801,GPT-OSS-120B,LLM,70B,groq,18,File Share Access - [TICKET ID] - [USERNAME] ([COMPANY]. [LOCATION])Service Requ...,Fileservice,it_ticket_classification,unspecified,3,Fileservice,True,426,Fileservice,
2026-09-19T19:15:19.166705,GPT-OSS-120B,LLM,70B,groq,19,File Share Access - [TICKET ID] - [NAME] ([COMPANY]A. [LOCATION]),Fileservice,it_ticket_classification,unspecified,1,Fileservice,True,390,Fileservice,
2026-09-19T19:15:22.260585,GPT-OSS-120B,LLM,70B,groq,19,File Share Access - [TICKET ID] - [NAME] ([COMPANY]A. [LOCATION]),Fileservice,it_ticket_classification,unspecified,2,Fileservice,True,470,Fileservice,
2026-09-19T19:15:25.408459,GPT-OSS-120B,LLM,70B,groq,19,File Share Access - [TICKET ID] - [NAME] ([COMPANY]A. [LOCATION]),Fileservice,it_ticket_classification,unspecified,3,Fileservice,True,294,Fileservice,
2026-09-19T19:15:28.543283,GPT-OSS-120B,LLM,70B,groq,20,Emails undeliverableEmails sent to [EMAIL] mailto:[EMAIL] are not working.,O365,it_ticket_classification,unspecified,1,O365,True,512,O365,
2026-09-19T19:15:31.828167,GPT-OSS-120B,LLM,70B,groq,20,Emails undeliverableEmails sent to [EMAIL] mailto:[EMAIL] are not working.,O365,it_ticket_classification,unspecified,2,O365,True,655,O365,
2026-09-19T19:15:35.120290,GPT-OSS-120B,LLM,70B,groq,20,Emails undeliverableEmails sent to [EMAIL] mailto:[EMAIL] are not working.,O365,it_ticket_classification,unspecified,3,O365,True,710,O365,
2026-09-19T19:15:38.095873,GPT-OSS-120B,LLM,70B,groq,21,Create Shared Mailbox - [EMAIL] - AR-[COMPANY],Support general,it_ticket_classification,unspecified,1,O365,False,387,O365,
2026-09-19T19:15:41.122616,GPT-OSS-120B,LLM,70B,groq,21,Create Shared Mailbox - [EMAIL] - AR-[COMPANY],Support general,it_ticket_classification,unspecified,2,O365,False,441,O365,
2026-09-19T19:23:17.881741,GPT-OSS-120B,LLM,70B,groq,21,Create Shared Mailbox - [EMAIL] - AR-[COMPANY],Support general,it_ticket_classification,unspecified,3,O365,False,454131,O365,
2026-09-19T19:23:22.061565,GPT-OSS-120B,LLM,70B,groq,22,Shared Mailbox Access - [ADDRESS] - [EMAIL],Support general,it_ticket_classification,unspecified,1,O365,False,544,O365,
2026-09-19T19:23:25.389083,GPT-OSS-120B,LLM,70B,groq,22,Shared Mailbox Access - [ADDRESS] - [EMAIL],Support general,it_ticket_classification,unspecified,2,O365,False,505,O365,
2026-09-19T19:23:28.813620,GPT-OSS-120B,LLM,70B,groq,22,Shared Mailbox Access - [ADDRESS] - [EMAIL],Support general,it_ticket_classification,unspecified,3,O365,False,660,O365,
2026-09-19T19:23:32.275125,GPT-OSS-120B,LLM,70B,groq,23,[TICKET ID] - New Support Ticket received  - Skype Malfunction,O365,it_ticket_classification,unspecified,1,INVALID,False,623,,
2026-09-19T19:23:35.639402,GPT-OSS-120B,LLM,70B,groq,23,[TICKET ID] - New Support Ticket received  - Skype Malfunction,O365,it_ticket_classification,unspecified,2,INVALID,False,684,,
2026-09-19T19:23:38.735783,GPT-OSS-120B,LLM,70B,groq,23,[TICKET ID] - New Support Ticket received  - Skype Malfunction,O365,it_ticket_classification,unspecified,3,INVALID,False,435,,
2026-09-19T19:23:42.119701,GPT-OSS-120B,LLM,70B,groq,24,Acesso pastas e emails Crysmara,Fileservice,it_ticket_classification,unspecified,1,INVALID,False,761,,
2026-09-19T19:23:45.345608,GPT-OSS-120B,LLM,70B,groq,24,Acesso pastas e emails Crysmara,Fileservice,it_ticket_classification,unspecified,2,INVALID,False,596,,
2026-09-19T19:23:48.874022,GPT-OSS-120B,LLM,70B,groq,24,Acesso pastas e emails Crysmara,Fileservice,it_ticket_classification,unspecified,3,INVALID,False,607,,
2026-09-19T19:23:52.050084,GPT-OSS-120B,LLM,70B,groq,25,File Share Access - [TICKET ID] - [NAME] ([COMPANY]. [LOCATION])Service Request:...,Fileservice,it_ticket_classification,unspecified,1,Fileservice,True,503,Fileservice,
2026-09-19T19:23:55.205376,GPT-OSS-120B,LLM,70B,groq,25,File Share Access - [TICKET ID] - [NAME] ([COMPANY]. [LOCATION])Service Request:...,Fileservice,it_ticket_classification,unspecified,2,Fileservice,True,547,Fileservice,
2026-09-19T19:23:58.318246,GPT-OSS-120B,LLM,70B,groq,25,File Share Access - [TICKET ID] - [NAME] ([COMPANY]. [LOCATION])Service Request:...,Fileservice,it_ticket_classification,unspecified,3,Fileservice,True,489,Fileservice,
2026-09-19T19:24:01.493335,GPT-OSS-120B,LLM,70B,groq,26,[TICKET ID] - A Support Ticket was forwarded to your role  - AW: Order Provision...,Support general,it_ticket_classification,unspecified,1,Software,False,548,Software,
2026-09-19T19:24:04.673954,GPT-OSS-120B,LLM,70B,groq,26,[TICKET ID] - A Support Ticket was forwarded to your role  - AW: Order Provision...,Support general,it_ticket_classification,unspecified,2,Software,False,570,Software,
2026-09-19T19:24:07.744806,GPT-OSS-120B,LLM,70B,groq,26,[TICKET ID] - A Support Ticket was forwarded to your role  - AW: Order Provision...,Support general,it_ticket_classification,unspecified,3,Software,False,451,Software,
2026-09-19T19:24:10.986961,GPT-OSS-120B,LLM,70B,groq,27,[TICKET ID] - New Support Ticket received  - Work phone does not connect to [COM...,Support general,it_ticket_classification,unspecified,1,INVALID,False,627,,
2026-09-19T19:24:14.295219,GPT-OSS-120B,LLM,70B,groq,27,[TICKET ID] - New Support Ticket received  - Work phone does not connect to [COM...,Support general,it_ticket_classification,unspecified,2,INVALID,False,687,,
2026-09-19T19:24:17.729191,GPT-OSS-120B,LLM,70B,groq,27,[TICKET ID] - New Support Ticket received  - Work phone does not connect to [COM...,Support general,it_ticket_classification,unspecified,3,INVALID,False,795,,
2026-09-19T19:24:20.799681,GPT-OSS-120B,LLM,70B,groq,28,Team-Mailadresse/Kalender in Outlook einbinden[NAME] liebe [NAME].             w...,O365,it_ticket_classification,unspecified,1,O365,True,451,O365,
2026-09-19T19:24:23.937649,GPT-OSS-120B,LLM,70B,groq,28,Team-Mailadresse/Kalender in Outlook einbinden[NAME] liebe [NAME].             w...,O365,it_ticket_classification,unspecified,2,O365,True,522,O365,
2026-09-19T19:24:26.997672,GPT-OSS-120B,LLM,70B,groq,28,Team-Mailadresse/Kalender in Outlook einbinden[NAME] liebe [NAME].             w...,O365,it_ticket_classification,unspecified,3,O365,True,437,O365,
2026-09-19T19:24:30.209506,GPT-OSS-120B,LLM,70B,groq,29,Missing connection to all securitytools on system [SERVER],Software,it_ticket_classification,unspecified,1,INVALID,False,613,,
2026-09-19T19:24:33.340551,GPT-OSS-120B,LLM,70B,groq,29,Missing connection to all securitytools on system [SERVER],Software,it_ticket_classification,unspecified,2,INVALID,False,485,,
2026-09-19T19:24:36.476708,GPT-OSS-120B,LLM,70B,groq,29,Missing connection to all securitytools on system [SERVER],Software,it_ticket_classification,unspecified,3,INVALID,False,523,,
2026-09-19T19:24:39.618511,GPT-OSS-120B,LLM,70B,groq,30,Initiated by GIT: Missing connection to AV. Directory and inventory-Vendor on sy...,Software,it_ticket_classification,unspecified,1,INVALID,False,534,,
2026-09-19T19:24:42.787968,GPT-OSS-120B,LLM,70B,groq,30,Initiated by GIT: Missing connection to AV. Directory and inventory-Vendor on sy...,Software,it_ticket_classification,unspecified,2,INVALID,False,563,,
2026-09-19T19:24:46.568722,GPT-OSS-120B,LLM,70B,groq,30,Initiated by GIT: Missing connection to AV. Directory and inventory-Vendor on sy...,Software,it_ticket_classification,unspecified,3,INVALID,False,1166,,
