timestamp,model_name,model_tier,model_params,provider,item_id,item_text,gold_label,category,difficulty,run_number,prediction,correct,latency_ms,raw_output,error
2026-09-20T01:09:53.782045,Llama-3.2-3B,SLM,3B,ollama,1,"Having tried a couple of other brands of gluten-free sandwich cookies, these are...",POSITIVE,product_review_sentiment,unspecified,1,POSITIVE,True,23934,POSITIVE,
2026-09-20T01:09:57.861010,Llama-3.2-3B,SLM,3B,ollama,1,"Having tried a couple of other brands of gluten-free sandwich cookies, these are...",POSITIVE,product_review_sentiment,unspecified,2,POSITIVE,True,2390,POSITIVE,
2026-09-20T01:10:01.837594,Llama-3.2-3B,SLM,3B,ollama,1,"Having tried a couple of other brands of gluten-free sandwich cookies, these are...",POSITIVE,product_review_sentiment,unspecified,3,POSITIVE,True,2400,POSITIVE,
2026-09-20T01:10:10.194121,Llama-3.2-3B,SLM,3B,ollama,2,"My cat loves these treats. If ever I can't find her in the house, I just pop the...",POSITIVE,product_review_sentiment,unspecified,1,POSITIVE,True,6766,POSITIVE,
2026-09-20T01:10:14.208829,Llama-3.2-3B,SLM,3B,ollama,2,"My cat loves these treats. If ever I can't find her in the house, I just pop the...",POSITIVE,product_review_sentiment,unspecified,2,POSITIVE,True,2424,POSITIVE,
2026-09-20T01:10:18.212083,Llama-3.2-3B,SLM,3B,ollama,2,"My cat loves these treats. If ever I can't find her in the house, I just pop the...",POSITIVE,product_review_sentiment,unspecified,3,POSITIVE,True,2416,POSITIVE,
2026-09-20T01:10:23.913609,Llama-3.2-3B,SLM,3B,ollama,3,A little less than I expected.  It tends to have a muddy taste - not what I expe...,NEUTRAL,product_review_sentiment,unspecified,1,NEGATIVE,False,4117,NEGATIVE,
2026-09-20T01:10:28.185017,Llama-3.2-3B,SLM,3B,ollama,3,A little less than I expected.  It tends to have a muddy taste - not what I expe...,NEUTRAL,product_review_sentiment,unspecified,2,NEGATIVE,False,2437,NEGATIVE,
2026-09-20T01:10:32.279907,Llama-3.2-3B,SLM,3B,ollama,3,A little less than I expected.  It tends to have a muddy taste - not what I expe...,NEUTRAL,product_review_sentiment,unspecified,3,NEGATIVE,False,2507,NEGATIVE,
2026-09-20T01:10:40.996203,Llama-3.2-3B,SLM,3B,ollama,4,"First there was Frosted Mini-Wheats, in original size, then there was Frosted Mi...",NEGATIVE,product_review_sentiment,unspecified,1,NEGATIVE,True,7129,NEGATIVE,
2026-09-20T01:10:45.040891,Llama-3.2-3B,SLM,3B,ollama,4,"First there was Frosted Mini-Wheats, in original size, then there was Frosted Mi...",NEGATIVE,product_review_sentiment,unspecified,2,NEGATIVE,True,2457,NEGATIVE,
2026-09-20T01:10:49.034908,Llama-3.2-3B,SLM,3B,ollama,4,"First there was Frosted Mini-Wheats, in original size, then there was Frosted Mi...",NEGATIVE,product_review_sentiment,unspecified,3,NEGATIVE,True,2407,NEGATIVE,
2026-09-20T01:10:57.975781,Llama-3.2-3B,SLM,3B,ollama,5,and I want to congratulate the graphic artist for putting the entire product nam...,POSITIVE,product_review_sentiment,unspecified,1,POSITIVE,True,7359,POSITIVE,
2026-09-20T01:11:01.931286,Llama-3.2-3B,SLM,3B,ollama,5,and I want to congratulate the graphic artist for putting the entire product nam...,POSITIVE,product_review_sentiment,unspecified,2,POSITIVE,True,2358,POSITIVE,
2026-09-20T01:11:05.919889,Llama-3.2-3B,SLM,3B,ollama,5,and I want to congratulate the graphic artist for putting the entire product nam...,POSITIVE,product_review_sentiment,unspecified,3,POSITIVE,True,2397,POSITIVE,
2026-09-20T01:11:11.018221,Llama-3.2-3B,SLM,3B,ollama,6,"Please add more Pineapple flavor to your packages of lifesavers, in fact, can yo...",POSITIVE,product_review_sentiment,unspecified,1,POSITIVE,True,3513,POSITIVE,
2026-09-20T01:11:15.005030,Llama-3.2-3B,SLM,3B,ollama,6,"Please add more Pineapple flavor to your packages of lifesavers, in fact, can yo...",POSITIVE,product_review_sentiment,unspecified,2,POSITIVE,True,2395,POSITIVE,
2026-09-20T01:11:19.002765,Llama-3.2-3B,SLM,3B,ollama,6,"Please add more Pineapple flavor to your packages of lifesavers, in fact, can yo...",POSITIVE,product_review_sentiment,unspecified,3,POSITIVE,True,2411,POSITIVE,
2026-09-20T01:11:24.663074,Llama-3.2-3B,SLM,3B,ollama,7,I absolutely love Yorkshire tea and am so glad it is now available on Amazon!  A...,POSITIVE,product_review_sentiment,unspecified,1,POSITIVE,True,4055,POSITIVE,
2026-09-20T01:11:28.639333,Llama-3.2-3B,SLM,3B,ollama,7,I absolutely love Yorkshire tea and am so glad it is now available on Amazon!  A...,POSITIVE,product_review_sentiment,unspecified,2,POSITIVE,True,2389,POSITIVE,
2026-09-20T01:11:32.573978,Llama-3.2-3B,SLM,3B,ollama,7,I absolutely love Yorkshire tea and am so glad it is now available on Amazon!  A...,POSITIVE,product_review_sentiment,unspecified,3,POSITIVE,True,2357,POSITIVE,
2026-09-20T01:11:38.988839,Llama-3.2-3B,SLM,3B,ollama,8,I have such a hard time finding loose tea locally. Being able to order my favori...,POSITIVE,product_review_sentiment,unspecified,1,POSITIVE,True,4827,POSITIVE,
2026-09-20T01:11:42.962498,Llama-3.2-3B,SLM,3B,ollama,8,I have such a hard time finding loose tea locally. Being able to order my favori...,POSITIVE,product_review_sentiment,unspecified,2,POSITIVE,True,2389,POSITIVE,
2026-09-20T01:11:46.947617,Llama-3.2-3B,SLM,3B,ollama,8,I have such a hard time finding loose tea locally. Being able to order my favori...,POSITIVE,product_review_sentiment,unspecified,3,POSITIVE,True,2387,POSITIVE,
2026-09-20T01:11:55.191403,Llama-3.2-3B,SLM,3B,ollama,9,"Previously, I've attempted a recipe with white rice noodles and overcooked them,...",POSITIVE,product_review_sentiment,unspecified,1,NEUTRAL,False,6659,NEUTRAL,
2026-09-20T01:11:59.253770,Llama-3.2-3B,SLM,3B,ollama,9,"Previously, I've attempted a recipe with white rice noodles and overcooked them,...",POSITIVE,product_review_sentiment,unspecified,2,NEUTRAL,False,2474,NEUTRAL,
2026-09-20T01:12:03.323175,Llama-3.2-3B,SLM,3B,ollama,9,"Previously, I've attempted a recipe with white rice noodles and overcooked them,...",POSITIVE,product_review_sentiment,unspecified,3,NEUTRAL,False,2491,NEUTRAL,
2026-09-20T01:12:10.532929,Llama-3.2-3B,SLM,3B,ollama,10,"I make pancakes or waffles every Saturday morning with my kids, and there simply...",POSITIVE,product_review_sentiment,unspecified,1,POSITIVE,True,5622,POSITIVE,
2026-09-20T01:12:14.569515,Llama-3.2-3B,SLM,3B,ollama,10,"I make pancakes or waffles every Saturday morning with my kids, and there simply...",POSITIVE,product_review_sentiment,unspecified,2,POSITIVE,True,2447,POSITIVE,
2026-09-20T01:12:18.636712,Llama-3.2-3B,SLM,3B,ollama,10,"I make pancakes or waffles every Saturday morning with my kids, and there simply...",POSITIVE,product_review_sentiment,unspecified,3,POSITIVE,True,2449,POSITIVE,
2026-09-20T01:12:27.224204,Llama-3.2-3B,SLM,3B,ollama,11,I am a lover of coffee and will try almost any coffee product once. I own a coff...,POSITIVE,product_review_sentiment,unspecified,1,POSITIVE,True,7002,POSITIVE,
2026-09-20T01:12:31.267340,Llama-3.2-3B,SLM,3B,ollama,11,I am a lover of coffee and will try almost any coffee product once. I own a coff...,POSITIVE,product_review_sentiment,unspecified,2,POSITIVE,True,2463,POSITIVE,
2026-09-20T01:12:35.310635,Llama-3.2-3B,SLM,3B,ollama,11,I am a lover of coffee and will try almost any coffee product once. I own a coff...,POSITIVE,product_review_sentiment,unspecified,3,POSITIVE,True,2459,POSITIVE,
2026-09-20T01:12:41.162516,Llama-3.2-3B,SLM,3B,ollama,12,In the UK this is one of the most popular chocolate bars.  It is a light honeyco...,POSITIVE,product_review_sentiment,unspecified,1,POSITIVE,True,4257,POSITIVE,
2026-09-20T01:12:45.115346,Llama-3.2-3B,SLM,3B,ollama,12,In the UK this is one of the most popular chocolate bars.  It is a light honeyco...,POSITIVE,product_review_sentiment,unspecified,2,POSITIVE,True,2366,POSITIVE,
2026-09-20T01:12:49.072577,Llama-3.2-3B,SLM,3B,ollama,12,In the UK this is one of the most popular chocolate bars.  It is a light honeyco...,POSITIVE,product_review_sentiment,unspecified,3,POSITIVE,True,2377,POSITIVE,
2026-09-20T01:12:56.173733,Llama-3.2-3B,SLM,3B,ollama,13,My daughter bought a Keurig coffee maker for my husband for Christmas. His favor...,POSITIVE,product_review_sentiment,unspecified,1,POSITIVE,True,5508,POSITIVE,
2026-09-20T01:13:00.164241,Llama-3.2-3B,SLM,3B,ollama,13,My daughter bought a Keurig coffee maker for my husband for Christmas. His favor...,POSITIVE,product_review_sentiment,unspecified,2,POSITIVE,True,2406,POSITIVE,
2026-09-20T01:13:04.149481,Llama-3.2-3B,SLM,3B,ollama,13,My daughter bought a Keurig coffee maker for my husband for Christmas. His favor...,POSITIVE,product_review_sentiment,unspecified,3,POSITIVE,True,2398,POSITIVE,
2026-09-20T01:13:09.538566,Llama-3.2-3B,SLM,3B,ollama,14,Comparable flavor to Starbucks and cost much less. I don't know why anyone would...,POSITIVE,product_review_sentiment,unspecified,1,POSITIVE,True,3785,POSITIVE,
2026-09-20T01:13:13.579051,Llama-3.2-3B,SLM,3B,ollama,14,Comparable flavor to Starbucks and cost much less. I don't know why anyone would...,POSITIVE,product_review_sentiment,unspecified,2,POSITIVE,True,2443,POSITIVE,
2026-09-20T01:13:17.545465,Llama-3.2-3B,SLM,3B,ollama,14,Comparable flavor to Starbucks and cost much less. I don't know why anyone would...,POSITIVE,product_review_sentiment,unspecified,3,POSITIVE,True,2394,POSITIVE,
2026-09-20T01:13:24.192409,Llama-3.2-3B,SLM,3B,ollama,15,Simply awful.  This product should be taken off the market immediately.  They di...,NEGATIVE,product_review_sentiment,unspecified,1,NEGATIVE,True,5010,NEGATIVE,
2026-09-20T01:13:28.257624,Llama-3.2-3B,SLM,3B,ollama,15,Simply awful.  This product should be taken off the market immediately.  They di...,NEGATIVE,product_review_sentiment,unspecified,2,NEGATIVE,True,2476,NEGATIVE,
2026-09-20T01:13:32.355256,Llama-3.2-3B,SLM,3B,ollama,15,Simply awful.  This product should be taken off the market immediately.  They di...,NEGATIVE,product_review_sentiment,unspecified,3,NEGATIVE,True,2490,NEGATIVE,
2026-09-20T01:13:40.959857,Llama-3.2-3B,SLM,3B,ollama,16,I would give it.  This hot sauce is the best hot sauce that has ever been made w...,POSITIVE,product_review_sentiment,unspecified,1,POSITIVE,True,7017,POSITIVE,
2026-09-20T01:13:44.928850,Llama-3.2-3B,SLM,3B,ollama,16,I would give it.  This hot sauce is the best hot sauce that has ever been made w...,POSITIVE,product_review_sentiment,unspecified,2,POSITIVE,True,2389,POSITIVE,
2026-09-20T01:13:48.948744,Llama-3.2-3B,SLM,3B,ollama,16,I would give it.  This hot sauce is the best hot sauce that has ever been made w...,POSITIVE,product_review_sentiment,unspecified,3,POSITIVE,True,2430,POSITIVE,
2026-09-20T01:13:57.308002,Llama-3.2-3B,SLM,3B,ollama,17,Luckily this is available locally so I got to try it without ordering a whole ca...,POSITIVE,product_review_sentiment,unspecified,1,POSITIVE,True,6764,POSITIVE,
2026-09-20T01:14:01.274724,Llama-3.2-3B,SLM,3B,ollama,17,Luckily this is available locally so I got to try it without ordering a whole ca...,POSITIVE,product_review_sentiment,unspecified,2,POSITIVE,True,2373,POSITIVE,
2026-09-20T01:14:05.247518,Llama-3.2-3B,SLM,3B,ollama,17,Luckily this is available locally so I got to try it without ordering a whole ca...,POSITIVE,product_review_sentiment,unspecified,3,POSITIVE,True,2391,POSITIVE,
2026-09-20T01:14:12.931207,Llama-3.2-3B,SLM,3B,ollama,18,This oatmeal is great.  I eat it almost every morning.  The brands in the stores...,POSITIVE,product_review_sentiment,unspecified,1,POSITIVE,True,6097,POSITIVE,
2026-09-20T01:14:16.905280,Llama-3.2-3B,SLM,3B,ollama,18,This oatmeal is great.  I eat it almost every morning.  The brands in the stores...,POSITIVE,product_review_sentiment,unspecified,2,POSITIVE,True,2388,POSITIVE,
2026-09-20T01:14:20.857664,Llama-3.2-3B,SLM,3B,ollama,18,This oatmeal is great.  I eat it almost every morning.  The brands in the stores...,POSITIVE,product_review_sentiment,unspecified,3,POSITIVE,True,2367,POSITIVE,
2026-09-20T01:14:27.086501,Llama-3.2-3B,SLM,3B,ollama,19,Satin Ice is the best tasting fondant I can find on the market.  It's a little m...,POSITIVE,product_review_sentiment,unspecified,1,POSITIVE,True,4637,POSITIVE,
2026-09-20T01:14:31.067246,Llama-3.2-3B,SLM,3B,ollama,19,Satin Ice is the best tasting fondant I can find on the market.  It's a little m...,POSITIVE,product_review_sentiment,unspecified,2,POSITIVE,True,2342,POSITIVE,
2026-09-20T01:14:35.089329,Llama-3.2-3B,SLM,3B,ollama,19,Satin Ice is the best tasting fondant I can find on the market.  It's a little m...,POSITIVE,product_review_sentiment,unspecified,3,POSITIVE,True,2407,POSITIVE,
2026-09-20T01:14:40.529491,Llama-3.2-3B,SLM,3B,ollama,20,I bought this for my 73 year old dad he had seen it on a commercial and thought ...,POSITIVE,product_review_sentiment,unspecified,1,POSITIVE,True,3860,POSITIVE,
2026-09-20T01:14:44.510933,Llama-3.2-3B,SLM,3B,ollama,20,I bought this for my 73 year old dad he had seen it on a commercial and thought ...,POSITIVE,product_review_sentiment,unspecified,2,POSITIVE,True,2380,POSITIVE,
2026-09-20T01:14:48.456238,Llama-3.2-3B,SLM,3B,ollama,20,I bought this for my 73 year old dad he had seen it on a commercial and thought ...,POSITIVE,product_review_sentiment,unspecified,3,POSITIVE,True,2342,POSITIVE,
2026-09-20T01:14:55.160229,Llama-3.2-3B,SLM,3B,ollama,21,I never saw this gift basket myself nor tried any goodies from it. I bought it t...,POSITIVE,product_review_sentiment,unspecified,1,POSITIVE,True,5121,POSITIVE,
2026-09-20T01:14:59.131609,Llama-3.2-3B,SLM,3B,ollama,21,I never saw this gift basket myself nor tried any goodies from it. I bought it t...,POSITIVE,product_review_sentiment,unspecified,2,POSITIVE,True,2383,POSITIVE,
2026-09-20T01:15:03.149007,Llama-3.2-3B,SLM,3B,ollama,21,I never saw this gift basket myself nor tried any goodies from it. I bought it t...,POSITIVE,product_review_sentiment,unspecified,3,POSITIVE,True,2425,POSITIVE,
2026-09-20T01:15:09.625475,Llama-3.2-3B,SLM,3B,ollama,22,Unbeatable little tool for making shredded green papaya salad.  I use it to shre...,POSITIVE,product_review_sentiment,unspecified,1,POSITIVE,True,4889,POSITIVE,
2026-09-20T01:15:13.602143,Llama-3.2-3B,SLM,3B,ollama,22,Unbeatable little tool for making shredded green papaya salad.  I use it to shre...,POSITIVE,product_review_sentiment,unspecified,2,POSITIVE,True,2381,POSITIVE,
2026-09-20T01:15:17.585095,Llama-3.2-3B,SLM,3B,ollama,22,Unbeatable little tool for making shredded green papaya salad.  I use it to shre...,POSITIVE,product_review_sentiment,unspecified,3,POSITIVE,True,2390,POSITIVE,
2026-09-20T01:15:24.084813,Llama-3.2-3B,SLM,3B,ollama,23,It sure would be nice if they stated ANYWHERE in the description of this coffee ...,NEGATIVE,product_review_sentiment,unspecified,1,NEGATIVE,True,4806,NEGATIVE,
2026-09-20T01:15:28.114241,Llama-3.2-3B,SLM,3B,ollama,23,It sure would be nice if they stated ANYWHERE in the description of this coffee ...,NEGATIVE,product_review_sentiment,unspecified,2,NEGATIVE,True,2381,NEGATIVE,
2026-09-20T01:15:32.143228,Llama-3.2-3B,SLM,3B,ollama,23,It sure would be nice if they stated ANYWHERE in the description of this coffee ...,NEGATIVE,product_review_sentiment,unspecified,3,NEGATIVE,True,2398,NEGATIVE,
2026-09-20T01:15:40.533548,Llama-3.2-3B,SLM,3B,ollama,24,I had a salad in a restaurant for lunch and went crazy over the  roasted raspber...,POSITIVE,product_review_sentiment,unspecified,1,POSITIVE,True,6781,POSITIVE,
2026-09-20T01:15:44.594110,Llama-3.2-3B,SLM,3B,ollama,24,I had a salad in a restaurant for lunch and went crazy over the  roasted raspber...,POSITIVE,product_review_sentiment,unspecified,2,POSITIVE,True,2409,POSITIVE,
2026-09-20T01:15:48.726981,Llama-3.2-3B,SLM,3B,ollama,24,I had a salad in a restaurant for lunch and went crazy over the  roasted raspber...,POSITIVE,product_review_sentiment,unspecified,3,POSITIVE,True,2408,POSITIVE,
2026-09-20T01:15:54.667531,Llama-3.2-3B,SLM,3B,ollama,25,I was so happy to see this deal. I recently have been using alot of pumpkin. I w...,POSITIVE,product_review_sentiment,unspecified,1,POSITIVE,True,4331,POSITIVE,
2026-09-20T01:15:58.755409,Llama-3.2-3B,SLM,3B,ollama,25,I was so happy to see this deal. I recently have been using alot of pumpkin. I w...,POSITIVE,product_review_sentiment,unspecified,2,POSITIVE,True,2396,POSITIVE,
2026-09-20T01:16:02.796779,Llama-3.2-3B,SLM,3B,ollama,25,I was so happy to see this deal. I recently have been using alot of pumpkin. I w...,POSITIVE,product_review_sentiment,unspecified,3,POSITIVE,True,2392,POSITIVE,
2026-09-20T01:16:08.969746,Llama-3.2-3B,SLM,3B,ollama,26,"Very hot, but smooth, great consistancy, for use with most Korean cusine. Just a...",POSITIVE,product_review_sentiment,unspecified,1,POSITIVE,True,4520,POSITIVE,
2026-09-20T01:16:13.021340,Llama-3.2-3B,SLM,3B,ollama,26,"Very hot, but smooth, great consistancy, for use with most Korean cusine. Just a...",POSITIVE,product_review_sentiment,unspecified,2,POSITIVE,True,2377,POSITIVE,
2026-09-20T01:16:17.081412,Llama-3.2-3B,SLM,3B,ollama,26,"Very hot, but smooth, great consistancy, for use with most Korean cusine. Just a...",POSITIVE,product_review_sentiment,unspecified,3,POSITIVE,True,2382,POSITIVE,
2026-09-20T01:16:25.164000,Llama-3.2-3B,SLM,3B,ollama,27,"Okay, I jumped the gun, because they were sending me the review information, bef...",POSITIVE,product_review_sentiment,unspecified,1,POSITIVE,True,6399,POSITIVE,
2026-09-20T01:16:29.233594,Llama-3.2-3B,SLM,3B,ollama,27,"Okay, I jumped the gun, because they were sending me the review information, bef...",POSITIVE,product_review_sentiment,unspecified,2,POSITIVE,True,2393,POSITIVE,
2026-09-20T01:16:33.357949,Llama-3.2-3B,SLM,3B,ollama,27,"Okay, I jumped the gun, because they were sending me the review information, bef...",POSITIVE,product_review_sentiment,unspecified,3,POSITIVE,True,2440,POSITIVE,
2026-09-20T01:16:42.633645,Llama-3.2-3B,SLM,3B,ollama,28,"Disappointingly, this is IMITATION Almond Extract and a terrible value.  The $0....",NEGATIVE,product_review_sentiment,unspecified,1,NEGATIVE,True,7609,NEGATIVE,
2026-09-20T01:16:46.723182,Llama-3.2-3B,SLM,3B,ollama,28,"Disappointingly, this is IMITATION Almond Extract and a terrible value.  The $0....",NEGATIVE,product_review_sentiment,unspecified,2,NEGATIVE,True,2421,NEGATIVE,
2026-09-20T01:16:50.873561,Llama-3.2-3B,SLM,3B,ollama,28,"Disappointingly, this is IMITATION Almond Extract and a terrible value.  The $0....",NEGATIVE,product_review_sentiment,unspecified,3,NEGATIVE,True,2469,NEGATIVE,
2026-09-20T01:17:00.739799,Llama-3.2-3B,SLM,3B,ollama,29,"I've tried several brands and flavors of ground coffee from Amazon, and this is ...",POSITIVE,product_review_sentiment,unspecified,1,POSITIVE,True,8201,POSITIVE,
2026-09-20T01:17:04.881451,Llama-3.2-3B,SLM,3B,ollama,29,"I've tried several brands and flavors of ground coffee from Amazon, and this is ...",POSITIVE,product_review_sentiment,unspecified,2,POSITIVE,True,2425,POSITIVE,
2026-09-20T01:17:08.934256,Llama-3.2-3B,SLM,3B,ollama,29,"I've tried several brands and flavors of ground coffee from Amazon, and this is ...",POSITIVE,product_review_sentiment,unspecified,3,POSITIVE,True,2404,POSITIVE,
2026-09-20T01:17:15.041609,Llama-3.2-3B,SLM,3B,ollama,30,"My dog is relatively picky when it comes to treats, but she loves these. They do...",POSITIVE,product_review_sentiment,unspecified,1,NEUTRAL,False,4473,NEUTRAL,
2026-09-20T01:17:19.227621,Llama-3.2-3B,SLM,3B,ollama,30,"My dog is relatively picky when it comes to treats, but she loves these. They do...",POSITIVE,product_review_sentiment,unspecified,2,NEUTRAL,False,2527,NEUTRAL,
2026-09-20T01:17:23.450544,Llama-3.2-3B,SLM,3B,ollama,30,"My dog is relatively picky when it comes to treats, but she loves these. They do...",POSITIVE,product_review_sentiment,unspecified,3,NEUTRAL,False,2511,NEUTRAL,
2026-09-20T01:17:55.388700,Phi4-Mini,SLM,3.8B,ollama,1,"Having tried a couple of other brands of gluten-free sandwich cookies, these are...",POSITIVE,product_review_sentiment,unspecified,1,POSITIVE,True,24817,POSITIVE,
2026-09-20T01:17:59.551149,Phi4-Mini,SLM,3.8B,ollama,1,"Having tried a couple of other brands of gluten-free sandwich cookies, these are...",POSITIVE,product_review_sentiment,unspecified,2,POSITIVE,True,2479,POSITIVE,
2026-09-20T01:18:03.678940,Phi4-Mini,SLM,3.8B,ollama,1,"Having tried a couple of other brands of gluten-free sandwich cookies, these are...",POSITIVE,product_review_sentiment,unspecified,3,POSITIVE,True,2488,POSITIVE,
2026-09-20T01:18:14.706099,Phi4-Mini,SLM,3.8B,ollama,2,"My cat loves these treats. If ever I can't find her in the house, I just pop the...",POSITIVE,product_review_sentiment,unspecified,1,POSITIVE,True,9336,POSITIVE,
2026-09-20T01:18:18.871740,Phi4-Mini,SLM,3.8B,ollama,2,"My cat loves these treats. If ever I can't find her in the house, I just pop the...",POSITIVE,product_review_sentiment,unspecified,2,POSITIVE,True,2502,POSITIVE,
2026-09-20T01:18:23.046857,Phi4-Mini,SLM,3.8B,ollama,2,"My cat loves these treats. If ever I can't find her in the house, I just pop the...",POSITIVE,product_review_sentiment,unspecified,3,POSITIVE,True,2509,POSITIVE,
2026-09-20T01:18:29.073422,Phi4-Mini,SLM,3.8B,ollama,3,A little less than I expected.  It tends to have a muddy taste - not what I expe...,NEUTRAL,product_review_sentiment,unspecified,1,NEGATIVE,False,4382,NEGATIVE,
2026-09-20T01:18:33.216265,Phi4-Mini,SLM,3.8B,ollama,3,A little less than I expected.  It tends to have a muddy taste - not what I expe...,NEUTRAL,product_review_sentiment,unspecified,2,NEGATIVE,False,2488,NEGATIVE,
2026-09-20T01:18:37.392367,Phi4-Mini,SLM,3.8B,ollama,3,A little less than I expected.  It tends to have a muddy taste - not what I expe...,NEUTRAL,product_review_sentiment,unspecified,3,NEGATIVE,False,2555,NEGATIVE,
2026-09-20T01:18:47.716455,Phi4-Mini,SLM,3.8B,ollama,4,"First there was Frosted Mini-Wheats, in original size, then there was Frosted Mi...",NEGATIVE,product_review_sentiment,unspecified,1,NEGATIVE,True,8690,NEGATIVE,
2026-09-20T01:18:51.795496,Phi4-Mini,SLM,3.8B,ollama,4,"First there was Frosted Mini-Wheats, in original size, then there was Frosted Mi...",NEGATIVE,product_review_sentiment,unspecified,2,NEGATIVE,True,2472,NEGATIVE,
2026-09-20T01:18:55.777388,Phi4-Mini,SLM,3.8B,ollama,4,"First there was Frosted Mini-Wheats, in original size, then there was Frosted Mi...",NEGATIVE,product_review_sentiment,unspecified,3,NEGATIVE,True,2398,NEGATIVE,
2026-09-20T01:19:06.297351,Phi4-Mini,SLM,3.8B,ollama,5,and I want to congratulate the graphic artist for putting the entire product nam...,POSITIVE,product_review_sentiment,unspecified,1,POSITIVE,True,8940,POSITIVE,
2026-09-20T01:19:10.300071,Phi4-Mini,SLM,3.8B,ollama,5,and I want to congratulate the graphic artist for putting the entire product nam...,POSITIVE,product_review_sentiment,unspecified,2,POSITIVE,True,2422,POSITIVE,
2026-09-20T01:19:14.408787,Phi4-Mini,SLM,3.8B,ollama,5,and I want to congratulate the graphic artist for putting the entire product nam...,POSITIVE,product_review_sentiment,unspecified,3,POSITIVE,True,2477,POSITIVE,
2026-09-20T01:19:20.030572,Phi4-Mini,SLM,3.8B,ollama,6,"Please add more Pineapple flavor to your packages of lifesavers, in fact, can yo...",POSITIVE,product_review_sentiment,unspecified,1,NEGATIVE,False,4028,NEGATIVE,
2026-09-20T01:19:24.079180,Phi4-Mini,SLM,3.8B,ollama,6,"Please add more Pineapple flavor to your packages of lifesavers, in fact, can yo...",POSITIVE,product_review_sentiment,unspecified,2,NEGATIVE,False,2450,NEGATIVE,
2026-09-20T01:19:28.127910,Phi4-Mini,SLM,3.8B,ollama,6,"Please add more Pineapple flavor to your packages of lifesavers, in fact, can yo...",POSITIVE,product_review_sentiment,unspecified,3,NEGATIVE,False,2453,NEGATIVE,
2026-09-20T01:19:34.533752,Phi4-Mini,SLM,3.8B,ollama,7,I absolutely love Yorkshire tea and am so glad it is now available on Amazon!  A...,POSITIVE,product_review_sentiment,unspecified,1,POSITIVE,True,4822,POSITIVE,
2026-09-20T01:19:38.570363,Phi4-Mini,SLM,3.8B,ollama,7,I absolutely love Yorkshire tea and am so glad it is now available on Amazon!  A...,POSITIVE,product_review_sentiment,unspecified,2,POSITIVE,True,2440,POSITIVE,
2026-09-20T01:19:42.596821,Phi4-Mini,SLM,3.8B,ollama,7,I absolutely love Yorkshire tea and am so glad it is now available on Amazon!  A...,POSITIVE,product_review_sentiment,unspecified,3,POSITIVE,True,2439,POSITIVE,
2026-09-20T01:19:49.386788,Phi4-Mini,SLM,3.8B,ollama,8,I have such a hard time finding loose tea locally. Being able to order my favori...,POSITIVE,product_review_sentiment,unspecified,1,POSITIVE,True,5204,POSITIVE,
2026-09-20T01:19:53.386238,Phi4-Mini,SLM,3.8B,ollama,8,I have such a hard time finding loose tea locally. Being able to order my favori...,POSITIVE,product_review_sentiment,unspecified,2,POSITIVE,True,2416,POSITIVE,
2026-09-20T01:19:57.411922,Phi4-Mini,SLM,3.8B,ollama,8,I have such a hard time finding loose tea locally. Being able to order my favori...,POSITIVE,product_review_sentiment,unspecified,3,POSITIVE,True,2438,POSITIVE,
2026-09-20T01:20:07.552118,Phi4-Mini,SLM,3.8B,ollama,9,"Previously, I've attempted a recipe with white rice noodles and overcooked them,...",POSITIVE,product_review_sentiment,unspecified,1,NEGATIVE,False,8558,NEGATIVE,
2026-09-20T01:20:11.649699,Phi4-Mini,SLM,3.8B,ollama,9,"Previously, I've attempted a recipe with white rice noodles and overcooked them,...",POSITIVE,product_review_sentiment,unspecified,2,NEGATIVE,False,2491,NEGATIVE,
2026-09-20T01:20:15.930879,Phi4-Mini,SLM,3.8B,ollama,9,"Previously, I've attempted a recipe with white rice noodles and overcooked them,...",POSITIVE,product_review_sentiment,unspecified,3,NEGATIVE,False,2670,NEGATIVE,
2026-09-20T01:20:25.139084,Phi4-Mini,SLM,3.8B,ollama,10,"I make pancakes or waffles every Saturday morning with my kids, and there simply...",POSITIVE,product_review_sentiment,unspecified,1,POSITIVE,True,7593,POSITIVE,
2026-09-20T01:20:29.371669,Phi4-Mini,SLM,3.8B,ollama,10,"I make pancakes or waffles every Saturday morning with my kids, and there simply...",POSITIVE,product_review_sentiment,unspecified,2,POSITIVE,True,2468,POSITIVE,
2026-09-20T01:20:33.480974,Phi4-Mini,SLM,3.8B,ollama,10,"I make pancakes or waffles every Saturday morning with my kids, and there simply...",POSITIVE,product_review_sentiment,unspecified,3,POSITIVE,True,2528,POSITIVE,
2026-09-20T01:20:43.327736,Phi4-Mini,SLM,3.8B,ollama,11,I am a lover of coffee and will try almost any coffee product once. I own a coff...,POSITIVE,product_review_sentiment,unspecified,1,NEGATIVE,False,8241,NEGATIVE,
2026-09-20T01:20:47.332909,Phi4-Mini,SLM,3.8B,ollama,11,I am a lover of coffee and will try almost any coffee product once. I own a coff...,POSITIVE,product_review_sentiment,unspecified,2,NEGATIVE,False,2421,NEGATIVE,
2026-09-20T01:20:51.370762,Phi4-Mini,SLM,3.8B,ollama,11,I am a lover of coffee and will try almost any coffee product once. I own a coff...,POSITIVE,product_review_sentiment,unspecified,3,NEGATIVE,False,2454,NEGATIVE,
2026-09-20T01:20:57.603207,Phi4-Mini,SLM,3.8B,ollama,12,In the UK this is one of the most popular chocolate bars.  It is a light honeyco...,POSITIVE,product_review_sentiment,unspecified,1,POSITIVE,True,4650,POSITIVE,
2026-09-20T01:21:01.697168,Phi4-Mini,SLM,3.8B,ollama,12,In the UK this is one of the most popular chocolate bars.  It is a light honeyco...,POSITIVE,product_review_sentiment,unspecified,2,POSITIVE,True,2433,POSITIVE,
2026-09-20T01:21:05.737473,Phi4-Mini,SLM,3.8B,ollama,12,In the UK this is one of the most popular chocolate bars.  It is a light honeyco...,POSITIVE,product_review_sentiment,unspecified,3,POSITIVE,True,2429,POSITIVE,
2026-09-20T01:21:13.399772,Phi4-Mini,SLM,3.8B,ollama,13,My daughter bought a Keurig coffee maker for my husband for Christmas. His favor...,POSITIVE,product_review_sentiment,unspecified,1,POSITIVE,True,6087,POSITIVE,
2026-09-20T01:21:17.459100,Phi4-Mini,SLM,3.8B,ollama,13,My daughter bought a Keurig coffee maker for my husband for Christmas. His favor...,POSITIVE,product_review_sentiment,unspecified,2,POSITIVE,True,2457,POSITIVE,
2026-09-20T01:21:21.502118,Phi4-Mini,SLM,3.8B,ollama,13,My daughter bought a Keurig coffee maker for my husband for Christmas. His favor...,POSITIVE,product_review_sentiment,unspecified,3,POSITIVE,True,2449,POSITIVE,
2026-09-20T01:21:27.412041,Phi4-Mini,SLM,3.8B,ollama,14,Comparable flavor to Starbucks and cost much less. I don't know why anyone would...,POSITIVE,product_review_sentiment,unspecified,1,NEGATIVE,False,4332,NEGATIVE,
2026-09-20T01:21:31.457244,Phi4-Mini,SLM,3.8B,ollama,14,Comparable flavor to Starbucks and cost much less. I don't know why anyone would...,POSITIVE,product_review_sentiment,unspecified,2,NEGATIVE,False,2473,NEGATIVE,
2026-09-20T01:21:35.526246,Phi4-Mini,SLM,3.8B,ollama,14,Comparable flavor to Starbucks and cost much less. I don't know why anyone would...,POSITIVE,product_review_sentiment,unspecified,3,NEGATIVE,False,2486,NEGATIVE,
2026-09-20T01:21:43.426276,Phi4-Mini,SLM,3.8B,ollama,15,Simply awful.  This product should be taken off the market immediately.  They di...,NEGATIVE,product_review_sentiment,unspecified,1,NEGATIVE,True,6264,NEGATIVE,
2026-09-20T01:21:47.439921,Phi4-Mini,SLM,3.8B,ollama,15,Simply awful.  This product should be taken off the market immediately.  They di...,NEGATIVE,product_review_sentiment,unspecified,2,NEGATIVE,True,2438,NEGATIVE,
2026-09-20T01:21:51.435951,Phi4-Mini,SLM,3.8B,ollama,15,Simply awful.  This product should be taken off the market immediately.  They di...,NEGATIVE,product_review_sentiment,unspecified,3,NEGATIVE,True,2402,NEGATIVE,
2026-09-20T01:22:02.517952,Phi4-Mini,SLM,3.8B,ollama,16,I would give it.  This hot sauce is the best hot sauce that has ever been made w...,POSITIVE,product_review_sentiment,unspecified,1,POSITIVE,True,9499,POSITIVE,
2026-09-20T01:22:06.532773,Phi4-Mini,SLM,3.8B,ollama,16,I would give it.  This hot sauce is the best hot sauce that has ever been made w...,POSITIVE,product_review_sentiment,unspecified,2,POSITIVE,True,2433,POSITIVE,
2026-09-20T01:22:10.588509,Phi4-Mini,SLM,3.8B,ollama,16,I would give it.  This hot sauce is the best hot sauce that has ever been made w...,POSITIVE,product_review_sentiment,unspecified,3,POSITIVE,True,2463,POSITIVE,
2026-09-20T01:22:20.934538,Phi4-Mini,SLM,3.8B,ollama,17,Luckily this is available locally so I got to try it without ordering a whole ca...,POSITIVE,product_review_sentiment,unspecified,1,POSITIVE,True,8757,POSITIVE,
2026-09-20T01:22:24.979255,Phi4-Mini,SLM,3.8B,ollama,17,Luckily this is available locally so I got to try it without ordering a whole ca...,POSITIVE,product_review_sentiment,unspecified,2,POSITIVE,True,2460,POSITIVE,
2026-09-20T01:22:28.985063,Phi4-Mini,SLM,3.8B,ollama,17,Luckily this is available locally so I got to try it without ordering a whole ca...,POSITIVE,product_review_sentiment,unspecified,3,POSITIVE,True,2424,POSITIVE,
2026-09-20T01:22:37.776117,Phi4-Mini,SLM,3.8B,ollama,18,This oatmeal is great.  I eat it almost every morning.  The brands in the stores...,POSITIVE,product_review_sentiment,unspecified,1,POSITIVE,True,7198,POSITIVE,
2026-09-20T01:22:41.779357,Phi4-Mini,SLM,3.8B,ollama,18,This oatmeal is great.  I eat it almost every morning.  The brands in the stores...,POSITIVE,product_review_sentiment,unspecified,2,POSITIVE,True,2420,POSITIVE,
2026-09-20T01:22:45.813598,Phi4-Mini,SLM,3.8B,ollama,18,This oatmeal is great.  I eat it almost every morning.  The brands in the stores...,POSITIVE,product_review_sentiment,unspecified,3,POSITIVE,True,2455,POSITIVE,
2026-09-20T01:22:53.310413,Phi4-Mini,SLM,3.8B,ollama,19,Satin Ice is the best tasting fondant I can find on the market.  It's a little m...,POSITIVE,product_review_sentiment,unspecified,1,POSITIVE,True,5912,POSITIVE,
2026-09-20T01:22:57.307590,Phi4-Mini,SLM,3.8B,ollama,19,Satin Ice is the best tasting fondant I can find on the market.  It's a little m...,POSITIVE,product_review_sentiment,unspecified,2,POSITIVE,True,2416,POSITIVE,
2026-09-20T01:23:01.428918,Phi4-Mini,SLM,3.8B,ollama,19,Satin Ice is the best tasting fondant I can find on the market.  It's a little m...,POSITIVE,product_review_sentiment,unspecified,3,POSITIVE,True,2466,POSITIVE,
2026-09-20T01:23:07.271154,Phi4-Mini,SLM,3.8B,ollama,20,I bought this for my 73 year old dad he had seen it on a commercial and thought ...,POSITIVE,product_review_sentiment,unspecified,1,POSITIVE,True,4220,POSITIVE,
2026-09-20T01:23:11.267865,Phi4-Mini,SLM,3.8B,ollama,20,I bought this for my 73 year old dad he had seen it on a commercial and thought ...,POSITIVE,product_review_sentiment,unspecified,2,POSITIVE,True,2406,POSITIVE,
2026-09-20T01:23:15.300516,Phi4-Mini,SLM,3.8B,ollama,20,I bought this for my 73 year old dad he had seen it on a commercial and thought ...,POSITIVE,product_review_sentiment,unspecified,3,POSITIVE,True,2445,POSITIVE,
2026-09-20T01:23:23.170429,Phi4-Mini,SLM,3.8B,ollama,21,I never saw this gift basket myself nor tried any goodies from it. I bought it t...,POSITIVE,product_review_sentiment,unspecified,1,POSITIVE,True,6278,POSITIVE,
2026-09-20T01:23:27.225596,Phi4-Mini,SLM,3.8B,ollama,21,I never saw this gift basket myself nor tried any goodies from it. I bought it t...,POSITIVE,product_review_sentiment,unspecified,2,POSITIVE,True,2472,POSITIVE,
2026-09-20T01:23:31.223928,Phi4-Mini,SLM,3.8B,ollama,21,I never saw this gift basket myself nor tried any goodies from it. I bought it t...,POSITIVE,product_review_sentiment,unspecified,3,POSITIVE,True,2415,POSITIVE,
2026-09-20T01:23:38.678787,Phi4-Mini,SLM,3.8B,ollama,22,Unbeatable little tool for making shredded green papaya salad.  I use it to shre...,POSITIVE,product_review_sentiment,unspecified,1,POSITIVE,True,5873,POSITIVE,
2026-09-20T01:23:42.739457,Phi4-Mini,SLM,3.8B,ollama,22,Unbeatable little tool for making shredded green papaya salad.  I use it to shre...,POSITIVE,product_review_sentiment,unspecified,2,POSITIVE,True,2462,POSITIVE,
2026-09-20T01:23:46.773541,Phi4-Mini,SLM,3.8B,ollama,22,Unbeatable little tool for making shredded green papaya salad.  I use it to shre...,POSITIVE,product_review_sentiment,unspecified,3,POSITIVE,True,2447,POSITIVE,
2026-09-20T01:23:54.187708,Phi4-Mini,SLM,3.8B,ollama,23,It sure would be nice if they stated ANYWHERE in the description of this coffee ...,NEGATIVE,product_review_sentiment,unspecified,1,NEGATIVE,True,5836,NEGATIVE,
2026-09-20T01:23:58.201717,Phi4-Mini,SLM,3.8B,ollama,23,It sure would be nice if they stated ANYWHERE in the description of this coffee ...,NEGATIVE,product_review_sentiment,unspecified,2,NEGATIVE,True,2435,NEGATIVE,
2026-09-20T01:24:02.239365,Phi4-Mini,SLM,3.8B,ollama,23,It sure would be nice if they stated ANYWHERE in the description of this coffee ...,NEGATIVE,product_review_sentiment,unspecified,3,NEGATIVE,True,2452,NEGATIVE,
2026-09-20T01:24:12.286403,Phi4-Mini,SLM,3.8B,ollama,24,I had a salad in a restaurant for lunch and went crazy over the  roasted raspber...,POSITIVE,product_review_sentiment,unspecified,1,POSITIVE,True,8460,POSITIVE,
2026-09-20T01:24:16.347726,Phi4-Mini,SLM,3.8B,ollama,24,I had a salad in a restaurant for lunch and went crazy over the  roasted raspber...,POSITIVE,product_review_sentiment,unspecified,2,POSITIVE,True,2473,POSITIVE,
2026-09-20T01:24:20.367922,Phi4-Mini,SLM,3.8B,ollama,24,I had a salad in a restaurant for lunch and went crazy over the  roasted raspber...,POSITIVE,product_review_sentiment,unspecified,3,POSITIVE,True,2423,POSITIVE,
2026-09-20T01:24:27.386035,Phi4-Mini,SLM,3.8B,ollama,25,I was so happy to see this deal. I recently have been using alot of pumpkin. I w...,POSITIVE,product_review_sentiment,unspecified,1,POSITIVE,True,5437,POSITIVE,
2026-09-20T01:24:31.459553,Phi4-Mini,SLM,3.8B,ollama,25,I was so happy to see this deal. I recently have been using alot of pumpkin. I w...,POSITIVE,product_review_sentiment,unspecified,2,POSITIVE,True,2489,POSITIVE,
2026-09-20T01:24:35.469942,Phi4-Mini,SLM,3.8B,ollama,25,I was so happy to see this deal. I recently have been using alot of pumpkin. I w...,POSITIVE,product_review_sentiment,unspecified,3,POSITIVE,True,2420,POSITIVE,
2026-09-20T01:24:42.636867,Phi4-Mini,SLM,3.8B,ollama,26,"Very hot, but smooth, great consistancy, for use with most Korean cusine. Just a...",POSITIVE,product_review_sentiment,unspecified,1,POSITIVE,True,5572,POSITIVE,
2026-09-20T01:24:46.648372,Phi4-Mini,SLM,3.8B,ollama,26,"Very hot, but smooth, great consistancy, for use with most Korean cusine. Just a...",POSITIVE,product_review_sentiment,unspecified,2,POSITIVE,True,2427,POSITIVE,
2026-09-20T01:24:50.716434,Phi4-Mini,SLM,3.8B,ollama,26,"Very hot, but smooth, great consistancy, for use with most Korean cusine. Just a...",POSITIVE,product_review_sentiment,unspecified,3,POSITIVE,True,2414,POSITIVE,
2026-09-20T01:25:00.090376,Phi4-Mini,SLM,3.8B,ollama,27,"Okay, I jumped the gun, because they were sending me the review information, bef...",POSITIVE,product_review_sentiment,unspecified,1,NEGATIVE,False,7801,NEGATIVE,
2026-09-20T01:25:04.089629,Phi4-Mini,SLM,3.8B,ollama,27,"Okay, I jumped the gun, because they were sending me the review information, bef...",POSITIVE,product_review_sentiment,unspecified,2,NEGATIVE,False,2418,NEGATIVE,
2026-09-20T01:25:08.100731,Phi4-Mini,SLM,3.8B,ollama,27,"Okay, I jumped the gun, because they were sending me the review information, bef...",POSITIVE,product_review_sentiment,unspecified,3,NEGATIVE,False,2429,NEGATIVE,
2026-09-20T01:25:18.184347,Phi4-Mini,SLM,3.8B,ollama,28,"Disappointingly, this is IMITATION Almond Extract and a terrible value.  The $0....",NEGATIVE,product_review_sentiment,unspecified,1,NEGATIVE,True,8493,NEGATIVE,
2026-09-20T01:25:22.203883,Phi4-Mini,SLM,3.8B,ollama,28,"Disappointingly, this is IMITATION Almond Extract and a terrible value.  The $0....",NEGATIVE,product_review_sentiment,unspecified,2,NEGATIVE,True,2441,NEGATIVE,
2026-09-20T01:25:26.206703,Phi4-Mini,SLM,3.8B,ollama,28,"Disappointingly, this is IMITATION Almond Extract and a terrible value.  The $0....",NEGATIVE,product_review_sentiment,unspecified,3,NEGATIVE,True,2413,NEGATIVE,
2026-09-20T01:25:36.971640,Phi4-Mini,SLM,3.8B,ollama,29,"I've tried several brands and flavors of ground coffee from Amazon, and this is ...",POSITIVE,product_review_sentiment,unspecified,1,POSITIVE,True,9178,POSITIVE,
2026-09-20T01:25:41.001633,Phi4-Mini,SLM,3.8B,ollama,29,"I've tried several brands and flavors of ground coffee from Amazon, and this is ...",POSITIVE,product_review_sentiment,unspecified,2,POSITIVE,True,2451,POSITIVE,
2026-09-20T01:25:45.021897,Phi4-Mini,SLM,3.8B,ollama,29,"I've tried several brands and flavors of ground coffee from Amazon, and this is ...",POSITIVE,product_review_sentiment,unspecified,3,POSITIVE,True,2431,POSITIVE,
2026-09-20T01:25:51.240547,Phi4-Mini,SLM,3.8B,ollama,30,"My dog is relatively picky when it comes to treats, but she loves these. They do...",POSITIVE,product_review_sentiment,unspecified,1,NEUTRAL,False,4634,NEUTRAL,
2026-09-20T01:25:55.378402,Phi4-Mini,SLM,3.8B,ollama,30,"My dog is relatively picky when it comes to treats, but she loves these. They do...",POSITIVE,product_review_sentiment,unspecified,2,NEUTRAL,False,2556,NEUTRAL,
2026-09-20T01:25:59.505526,Phi4-Mini,SLM,3.8B,ollama,30,"My dog is relatively picky when it comes to treats, but she loves these. They do...",POSITIVE,product_review_sentiment,unspecified,3,NEUTRAL,False,2552,NEUTRAL,
2026-09-20T01:26:37.327280,Gemma3-4B,SLM,4B,ollama,1,"Having tried a couple of other brands of gluten-free sandwich cookies, these are...",POSITIVE,product_review_sentiment,unspecified,1,POSITIVE,True,30921,POSITIVE,
2026-09-20T01:26:41.692834,Gemma3-4B,SLM,4B,ollama,1,"Having tried a couple of other brands of gluten-free sandwich cookies, these are...",POSITIVE,product_review_sentiment,unspecified,2,POSITIVE,True,2623,POSITIVE,
2026-09-20T01:26:45.902087,Gemma3-4B,SLM,4B,ollama,1,"Having tried a couple of other brands of gluten-free sandwich cookies, these are...",POSITIVE,product_review_sentiment,unspecified,3,POSITIVE,True,2622,POSITIVE,
2026-09-20T01:26:59.397673,Gemma3-4B,SLM,4B,ollama,2,"My cat loves these treats. If ever I can't find her in the house, I just pop the...",POSITIVE,product_review_sentiment,unspecified,1,POSITIVE,True,11827,POSITIVE,
2026-09-20T01:27:03.672101,Gemma3-4B,SLM,4B,ollama,2,"My cat loves these treats. If ever I can't find her in the house, I just pop the...",POSITIVE,product_review_sentiment,unspecified,2,POSITIVE,True,2663,POSITIVE,
2026-09-20T01:27:07.932067,Gemma3-4B,SLM,4B,ollama,2,"My cat loves these treats. If ever I can't find her in the house, I just pop the...",POSITIVE,product_review_sentiment,unspecified,3,POSITIVE,True,2649,POSITIVE,
2026-09-20T01:27:17.975607,Gemma3-4B,SLM,4B,ollama,3,A little less than I expected.  It tends to have a muddy taste - not what I expe...,NEUTRAL,product_review_sentiment,unspecified,1,NEGATIVE,False,8404,NEGATIVE,
2026-09-20T01:27:22.126272,Gemma3-4B,SLM,4B,ollama,3,A little less than I expected.  It tends to have a muddy taste - not what I expe...,NEUTRAL,product_review_sentiment,unspecified,2,NEGATIVE,False,2547,NEGATIVE,
2026-09-20T01:27:26.318846,Gemma3-4B,SLM,4B,ollama,3,A little less than I expected.  It tends to have a muddy taste - not what I expe...,NEUTRAL,product_review_sentiment,unspecified,3,NEGATIVE,False,2608,NEGATIVE,
2026-09-20T01:27:39.552955,Gemma3-4B,SLM,4B,ollama,4,"First there was Frosted Mini-Wheats, in original size, then there was Frosted Mi...",NEGATIVE,product_review_sentiment,unspecified,1,NEGATIVE,True,11656,NEGATIVE,
2026-09-20T01:27:43.904362,Gemma3-4B,SLM,4B,ollama,4,"First there was Frosted Mini-Wheats, in original size, then there was Frosted Mi...",NEGATIVE,product_review_sentiment,unspecified,2,NEGATIVE,True,2762,NEGATIVE,
2026-09-20T01:27:48.048393,Gemma3-4B,SLM,4B,ollama,4,"First there was Frosted Mini-Wheats, in original size, then there was Frosted Mi...",NEGATIVE,product_review_sentiment,unspecified,3,NEGATIVE,True,2548,NEGATIVE,
2026-09-20T01:28:01.896438,Gemma3-4B,SLM,4B,ollama,5,and I want to congratulate the graphic artist for putting the entire product nam...,POSITIVE,product_review_sentiment,unspecified,1,POSITIVE,True,12262,POSITIVE,
2026-09-20T01:28:06.109778,Gemma3-4B,SLM,4B,ollama,5,and I want to congratulate the graphic artist for putting the entire product nam...,POSITIVE,product_review_sentiment,unspecified,2,POSITIVE,True,2607,POSITIVE,
2026-09-20T01:28:10.345071,Gemma3-4B,SLM,4B,ollama,5,and I want to congratulate the graphic artist for putting the entire product nam...,POSITIVE,product_review_sentiment,unspecified,3,POSITIVE,True,2629,POSITIVE,
2026-09-20T01:28:20.442535,Gemma3-4B,SLM,4B,ollama,6,"Please add more Pineapple flavor to your packages of lifesavers, in fact, can yo...",POSITIVE,product_review_sentiment,unspecified,1,NEGATIVE,False,8511,NEGATIVE,
2026-09-20T01:28:24.546238,Gemma3-4B,SLM,4B,ollama,6,"Please add more Pineapple flavor to your packages of lifesavers, in fact, can yo...",POSITIVE,product_review_sentiment,unspecified,2,NEGATIVE,False,2518,NEGATIVE,
2026-09-20T01:28:28.700455,Gemma3-4B,SLM,4B,ollama,6,"Please add more Pineapple flavor to your packages of lifesavers, in fact, can yo...",POSITIVE,product_review_sentiment,unspecified,3,NEGATIVE,False,2578,NEGATIVE,
2026-09-20T01:28:39.104199,Gemma3-4B,SLM,4B,ollama,7,I absolutely love Yorkshire tea and am so glad it is now available on Amazon!  A...,POSITIVE,product_review_sentiment,unspecified,1,POSITIVE,True,8815,POSITIVE,
2026-09-20T01:28:43.318067,Gemma3-4B,SLM,4B,ollama,7,I absolutely love Yorkshire tea and am so glad it is now available on Amazon!  A...,POSITIVE,product_review_sentiment,unspecified,2,POSITIVE,True,2621,POSITIVE,
2026-09-20T01:28:47.546791,Gemma3-4B,SLM,4B,ollama,7,I absolutely love Yorkshire tea and am so glad it is now available on Amazon!  A...,POSITIVE,product_review_sentiment,unspecified,3,POSITIVE,True,2639,POSITIVE,
2026-09-20T01:28:58.337649,Gemma3-4B,SLM,4B,ollama,8,I have such a hard time finding loose tea locally. Being able to order my favori...,POSITIVE,product_review_sentiment,unspecified,1,POSITIVE,True,9214,POSITIVE,
2026-09-20T01:29:02.508609,Gemma3-4B,SLM,4B,ollama,8,I have such a hard time finding loose tea locally. Being able to order my favori...,POSITIVE,product_review_sentiment,unspecified,2,POSITIVE,True,2582,POSITIVE,
2026-09-20T01:29:06.645365,Gemma3-4B,SLM,4B,ollama,8,I have such a hard time finding loose tea locally. Being able to order my favori...,POSITIVE,product_review_sentiment,unspecified,3,POSITIVE,True,2557,POSITIVE,
2026-09-20T01:29:20.395655,Gemma3-4B,SLM,4B,ollama,9,"Previously, I've attempted a recipe with white rice noodles and overcooked them,...",POSITIVE,product_review_sentiment,unspecified,1,NEGATIVE,False,12173,NEGATIVE,
2026-09-20T01:29:24.573144,Gemma3-4B,SLM,4B,ollama,9,"Previously, I've attempted a recipe with white rice noodles and overcooked them,...",POSITIVE,product_review_sentiment,unspecified,2,NEGATIVE,False,2602,NEGATIVE,
2026-09-20T01:29:28.816239,Gemma3-4B,SLM,4B,ollama,9,"Previously, I've attempted a recipe with white rice noodles and overcooked them,...",POSITIVE,product_review_sentiment,unspecified,3,NEGATIVE,False,2651,NEGATIVE,
2026-09-20T01:29:41.587179,Gemma3-4B,SLM,4B,ollama,10,"I make pancakes or waffles every Saturday morning with my kids, and there simply...",POSITIVE,product_review_sentiment,unspecified,1,POSITIVE,True,11146,POSITIVE,
2026-09-20T01:29:45.724258,Gemma3-4B,SLM,4B,ollama,10,"I make pancakes or waffles every Saturday morning with my kids, and there simply...",POSITIVE,product_review_sentiment,unspecified,2,POSITIVE,True,2551,POSITIVE,
2026-09-20T01:29:49.922390,Gemma3-4B,SLM,4B,ollama,10,"I make pancakes or waffles every Saturday morning with my kids, and there simply...",POSITIVE,product_review_sentiment,unspecified,3,POSITIVE,True,2610,POSITIVE,
2026-09-20T01:30:04.109473,Gemma3-4B,SLM,4B,ollama,11,I am a lover of coffee and will try almost any coffee product once. I own a coff...,POSITIVE,product_review_sentiment,unspecified,1,POSITIVE,True,12599,POSITIVE,
2026-09-20T01:30:08.354593,Gemma3-4B,SLM,4B,ollama,11,I am a lover of coffee and will try almost any coffee product once. I own a coff...,POSITIVE,product_review_sentiment,unspecified,2,POSITIVE,True,2668,POSITIVE,
2026-09-20T01:30:12.593308,Gemma3-4B,SLM,4B,ollama,11,I am a lover of coffee and will try almost any coffee product once. I own a coff...,POSITIVE,product_review_sentiment,unspecified,3,POSITIVE,True,2644,POSITIVE,
2026-09-20T01:30:23.346676,Gemma3-4B,SLM,4B,ollama,12,In the UK this is one of the most popular chocolate bars.  It is a light honeyco...,POSITIVE,product_review_sentiment,unspecified,1,POSITIVE,True,9163,POSITIVE,
2026-09-20T01:30:28.280433,Gemma3-4B,SLM,4B,ollama,12,In the UK this is one of the most popular chocolate bars.  It is a light honeyco...,POSITIVE,product_review_sentiment,unspecified,2,POSITIVE,True,2625,POSITIVE,
2026-09-20T01:30:32.634061,Gemma3-4B,SLM,4B,ollama,12,In the UK this is one of the most popular chocolate bars.  It is a light honeyco...,POSITIVE,product_review_sentiment,unspecified,3,POSITIVE,True,2737,POSITIVE,
2026-09-20T01:30:44.436554,Gemma3-4B,SLM,4B,ollama,13,My daughter bought a Keurig coffee maker for my husband for Christmas. His favor...,POSITIVE,product_review_sentiment,unspecified,1,POSITIVE,True,10175,POSITIVE,
2026-09-20T01:30:48.735852,Gemma3-4B,SLM,4B,ollama,13,My daughter bought a Keurig coffee maker for my husband for Christmas. His favor...,POSITIVE,product_review_sentiment,unspecified,2,POSITIVE,True,2714,POSITIVE,
2026-09-20T01:30:52.887061,Gemma3-4B,SLM,4B,ollama,13,My daughter bought a Keurig coffee maker for my husband for Christmas. His favor...,POSITIVE,product_review_sentiment,unspecified,3,POSITIVE,True,2578,POSITIVE,
2026-09-20T01:31:03.425337,Gemma3-4B,SLM,4B,ollama,14,Comparable flavor to Starbucks and cost much less. I don't know why anyone would...,POSITIVE,product_review_sentiment,unspecified,1,POSITIVE,True,8941,"POSITIVE
",
2026-09-20T01:31:07.554049,Gemma3-4B,SLM,4B,ollama,14,Comparable flavor to Starbucks and cost much less. I don't know why anyone would...,POSITIVE,product_review_sentiment,unspecified,2,POSITIVE,True,2530,POSITIVE,
2026-09-20T01:31:11.713038,Gemma3-4B,SLM,4B,ollama,14,Comparable flavor to Starbucks and cost much less. I don't know why anyone would...,POSITIVE,product_review_sentiment,unspecified,3,POSITIVE,True,2571,POSITIVE,
2026-09-20T01:31:23.023066,Gemma3-4B,SLM,4B,ollama,15,Simply awful.  This product should be taken off the market immediately.  They di...,NEGATIVE,product_review_sentiment,unspecified,1,NEGATIVE,True,9730,NEGATIVE,
2026-09-20T01:31:27.184470,Gemma3-4B,SLM,4B,ollama,15,Simply awful.  This product should be taken off the market immediately.  They di...,NEGATIVE,product_review_sentiment,unspecified,2,NEGATIVE,True,2589,NEGATIVE,
2026-09-20T01:31:31.354019,Gemma3-4B,SLM,4B,ollama,15,Simply awful.  This product should be taken off the market immediately.  They di...,NEGATIVE,product_review_sentiment,unspecified,3,NEGATIVE,True,2574,NEGATIVE,
2026-09-20T01:31:45.127118,Gemma3-4B,SLM,4B,ollama,16,I would give it.  This hot sauce is the best hot sauce that has ever been made w...,POSITIVE,product_review_sentiment,unspecified,1,POSITIVE,True,12180,POSITIVE,
2026-09-20T01:31:49.273628,Gemma3-4B,SLM,4B,ollama,16,I would give it.  This hot sauce is the best hot sauce that has ever been made w...,POSITIVE,product_review_sentiment,unspecified,2,POSITIVE,True,2567,POSITIVE,
2026-09-20T01:31:53.410230,Gemma3-4B,SLM,4B,ollama,16,I would give it.  This hot sauce is the best hot sauce that has ever been made w...,POSITIVE,product_review_sentiment,unspecified,3,POSITIVE,True,2544,POSITIVE,
2026-09-20T01:32:07.102507,Gemma3-4B,SLM,4B,ollama,17,Luckily this is available locally so I got to try it without ordering a whole ca...,POSITIVE,product_review_sentiment,unspecified,1,POSITIVE,True,12105,POSITIVE,
2026-09-20T01:32:11.363171,Gemma3-4B,SLM,4B,ollama,17,Luckily this is available locally so I got to try it without ordering a whole ca...,POSITIVE,product_review_sentiment,unspecified,2,POSITIVE,True,2676,POSITIVE,
2026-09-20T01:32:15.551576,Gemma3-4B,SLM,4B,ollama,17,Luckily this is available locally so I got to try it without ordering a whole ca...,POSITIVE,product_review_sentiment,unspecified,3,POSITIVE,True,2603,POSITIVE,
2026-09-20T01:32:27.336866,Gemma3-4B,SLM,4B,ollama,18,This oatmeal is great.  I eat it almost every morning.  The brands in the stores...,POSITIVE,product_review_sentiment,unspecified,1,POSITIVE,True,10199,"POSITIVE
",
2026-09-20T01:32:31.515957,Gemma3-4B,SLM,4B,ollama,18,This oatmeal is great.  I eat it almost every morning.  The brands in the stores...,POSITIVE,product_review_sentiment,unspecified,2,POSITIVE,True,2592,POSITIVE,
2026-09-20T01:32:35.651503,Gemma3-4B,SLM,4B,ollama,18,This oatmeal is great.  I eat it almost every morning.  The brands in the stores...,POSITIVE,product_review_sentiment,unspecified,3,POSITIVE,True,2554,POSITIVE,
2026-09-20T01:32:46.985139,Gemma3-4B,SLM,4B,ollama,19,Satin Ice is the best tasting fondant I can find on the market.  It's a little m...,POSITIVE,product_review_sentiment,unspecified,1,POSITIVE,True,9749,POSITIVE,
2026-09-20T01:32:51.161330,Gemma3-4B,SLM,4B,ollama,19,Satin Ice is the best tasting fondant I can find on the market.  It's a little m...,POSITIVE,product_review_sentiment,unspecified,2,POSITIVE,True,2580,POSITIVE,
2026-09-20T01:32:55.276413,Gemma3-4B,SLM,4B,ollama,19,Satin Ice is the best tasting fondant I can find on the market.  It's a little m...,POSITIVE,product_review_sentiment,unspecified,3,POSITIVE,True,2524,POSITIVE,
2026-09-20T01:33:04.879365,Gemma3-4B,SLM,4B,ollama,20,I bought this for my 73 year old dad he had seen it on a commercial and thought ...,POSITIVE,product_review_sentiment,unspecified,1,POSITIVE,True,8011,POSITIVE,
2026-09-20T01:33:09.065667,Gemma3-4B,SLM,4B,ollama,20,I bought this for my 73 year old dad he had seen it on a commercial and thought ...,POSITIVE,product_review_sentiment,unspecified,2,POSITIVE,True,2589,POSITIVE,
2026-09-20T01:33:13.226828,Gemma3-4B,SLM,4B,ollama,20,I bought this for my 73 year old dad he had seen it on a commercial and thought ...,POSITIVE,product_review_sentiment,unspecified,3,POSITIVE,True,2582,POSITIVE,
2026-09-20T01:33:24.711889,Gemma3-4B,SLM,4B,ollama,21,I never saw this gift basket myself nor tried any goodies from it. I bought it t...,POSITIVE,product_review_sentiment,unspecified,1,POSITIVE,True,9905,POSITIVE,
2026-09-20T01:33:28.934149,Gemma3-4B,SLM,4B,ollama,21,I never saw this gift basket myself nor tried any goodies from it. I bought it t...,POSITIVE,product_review_sentiment,unspecified,2,POSITIVE,True,2637,POSITIVE,
2026-09-20T01:33:33.189595,Gemma3-4B,SLM,4B,ollama,21,I never saw this gift basket myself nor tried any goodies from it. I bought it t...,POSITIVE,product_review_sentiment,unspecified,3,POSITIVE,True,2656,POSITIVE,
2026-09-20T01:33:45.035188,Gemma3-4B,SLM,4B,ollama,22,Unbeatable little tool for making shredded green papaya salad.  I use it to shre...,POSITIVE,product_review_sentiment,unspecified,1,POSITIVE,True,10268,POSITIVE,
2026-09-20T01:33:49.281507,Gemma3-4B,SLM,4B,ollama,22,Unbeatable little tool for making shredded green papaya salad.  I use it to shre...,POSITIVE,product_review_sentiment,unspecified,2,POSITIVE,True,2649,POSITIVE,
2026-09-20T01:33:53.462812,Gemma3-4B,SLM,4B,ollama,22,Unbeatable little tool for making shredded green papaya salad.  I use it to shre...,POSITIVE,product_review_sentiment,unspecified,3,POSITIVE,True,2588,POSITIVE,
2026-09-20T01:34:04.342563,Gemma3-4B,SLM,4B,ollama,23,It sure would be nice if they stated ANYWHERE in the description of this coffee ...,NEGATIVE,product_review_sentiment,unspecified,1,NEGATIVE,True,9283,NEGATIVE,
2026-09-20T01:34:08.471596,Gemma3-4B,SLM,4B,ollama,23,It sure would be nice if they stated ANYWHERE in the description of this coffee ...,NEGATIVE,product_review_sentiment,unspecified,2,NEGATIVE,True,2533,NEGATIVE,
2026-09-20T01:34:12.660876,Gemma3-4B,SLM,4B,ollama,23,It sure would be nice if they stated ANYWHERE in the description of this coffee ...,NEGATIVE,product_review_sentiment,unspecified,3,NEGATIVE,True,2601,NEGATIVE,
2026-09-20T01:34:27.036669,Gemma3-4B,SLM,4B,ollama,24,I had a salad in a restaurant for lunch and went crazy over the  roasted raspber...,POSITIVE,product_review_sentiment,unspecified,1,POSITIVE,True,12795,POSITIVE,
2026-09-20T01:34:31.195743,Gemma3-4B,SLM,4B,ollama,24,I had a salad in a restaurant for lunch and went crazy over the  roasted raspber...,POSITIVE,product_review_sentiment,unspecified,2,POSITIVE,True,2573,POSITIVE,
2026-09-20T01:34:35.426764,Gemma3-4B,SLM,4B,ollama,24,I had a salad in a restaurant for lunch and went crazy over the  roasted raspber...,POSITIVE,product_review_sentiment,unspecified,3,POSITIVE,True,2636,POSITIVE,
2026-09-20T01:34:45.500294,Gemma3-4B,SLM,4B,ollama,25,I was so happy to see this deal. I recently have been using alot of pumpkin. I w...,POSITIVE,product_review_sentiment,unspecified,1,POSITIVE,True,8480,POSITIVE,
2026-09-20T01:34:49.725148,Gemma3-4B,SLM,4B,ollama,25,I was so happy to see this deal. I recently have been using alot of pumpkin. I w...,POSITIVE,product_review_sentiment,unspecified,2,POSITIVE,True,2639,POSITIVE,
2026-09-20T01:34:53.935266,Gemma3-4B,SLM,4B,ollama,25,I was so happy to see this deal. I recently have been using alot of pumpkin. I w...,POSITIVE,product_review_sentiment,unspecified,3,POSITIVE,True,2611,POSITIVE,
2026-09-20T01:35:04.918460,Gemma3-4B,SLM,4B,ollama,26,"Very hot, but smooth, great consistancy, for use with most Korean cusine. Just a...",POSITIVE,product_review_sentiment,unspecified,1,POSITIVE,True,9392,"POSITIVE
",
2026-09-20T01:35:09.195132,Gemma3-4B,SLM,4B,ollama,26,"Very hot, but smooth, great consistancy, for use with most Korean cusine. Just a...",POSITIVE,product_review_sentiment,unspecified,2,POSITIVE,True,2694,"POSITIVE
",
2026-09-20T01:35:13.439088,Gemma3-4B,SLM,4B,ollama,26,"Very hot, but smooth, great consistancy, for use with most Korean cusine. Just a...",POSITIVE,product_review_sentiment,unspecified,3,POSITIVE,True,2653,"POSITIVE
",
2026-09-20T01:35:25.449591,Gemma3-4B,SLM,4B,ollama,27,"Okay, I jumped the gun, because they were sending me the review information, bef...",POSITIVE,product_review_sentiment,unspecified,1,NEGATIVE,False,10419,"NEGATIVE
",
2026-09-20T01:35:29.577059,Gemma3-4B,SLM,4B,ollama,27,"Okay, I jumped the gun, because they were sending me the review information, bef...",POSITIVE,product_review_sentiment,unspecified,2,NEGATIVE,False,2546,NEGATIVE,
2026-09-20T01:35:33.804830,Gemma3-4B,SLM,4B,ollama,27,"Okay, I jumped the gun, because they were sending me the review information, bef...",POSITIVE,product_review_sentiment,unspecified,3,NEGATIVE,False,2639,NEGATIVE,
2026-09-20T01:35:47.810820,Gemma3-4B,SLM,4B,ollama,28,"Disappointingly, this is IMITATION Almond Extract and a terrible value.  The $0....",NEGATIVE,product_review_sentiment,unspecified,1,NEGATIVE,True,12418,NEGATIVE,
2026-09-20T01:35:51.978553,Gemma3-4B,SLM,4B,ollama,28,"Disappointingly, this is IMITATION Almond Extract and a terrible value.  The $0....",NEGATIVE,product_review_sentiment,unspecified,2,NEGATIVE,True,2569,NEGATIVE,
2026-09-20T01:35:56.107058,Gemma3-4B,SLM,4B,ollama,28,"Disappointingly, this is IMITATION Almond Extract and a terrible value.  The $0....",NEGATIVE,product_review_sentiment,unspecified,3,NEGATIVE,True,2548,NEGATIVE,
2026-09-20T01:36:10.442588,Gemma3-4B,SLM,4B,ollama,29,"I've tried several brands and flavors of ground coffee from Amazon, and this is ...",POSITIVE,product_review_sentiment,unspecified,1,POSITIVE,True,12744,POSITIVE,
2026-09-20T01:36:14.670626,Gemma3-4B,SLM,4B,ollama,29,"I've tried several brands and flavors of ground coffee from Amazon, and this is ...",POSITIVE,product_review_sentiment,unspecified,2,POSITIVE,True,2642,POSITIVE,
2026-09-20T01:36:18.847783,Gemma3-4B,SLM,4B,ollama,29,"I've tried several brands and flavors of ground coffee from Amazon, and this is ...",POSITIVE,product_review_sentiment,unspecified,3,POSITIVE,True,2576,POSITIVE,
2026-09-20T01:36:29.405180,Gemma3-4B,SLM,4B,ollama,30,"My dog is relatively picky when it comes to treats, but she loves these. They do...",POSITIVE,product_review_sentiment,unspecified,1,POSITIVE,True,8971,POSITIVE,
2026-09-20T01:36:33.528459,Gemma3-4B,SLM,4B,ollama,30,"My dog is relatively picky when it comes to treats, but she loves these. They do...",POSITIVE,product_review_sentiment,unspecified,2,POSITIVE,True,2540,POSITIVE,
2026-09-20T01:36:37.752931,Gemma3-4B,SLM,4B,ollama,30,"My dog is relatively picky when it comes to treats, but she loves these. They do...",POSITIVE,product_review_sentiment,unspecified,3,POSITIVE,True,2635,POSITIVE,
2026-09-20T01:39:15.506008,Qwen2.5-7B,SLM,7B,ollama,1,"Having tried a couple of other brands of gluten-free sandwich cookies, these are...",POSITIVE,product_review_sentiment,unspecified,1,POSITIVE,True,33046,POSITIVE,
2026-09-20T01:39:23.839888,Qwen2.5-7B,SLM,7B,ollama,1,"Having tried a couple of other brands of gluten-free sandwich cookies, these are...",POSITIVE,product_review_sentiment,unspecified,2,POSITIVE,True,6607,POSITIVE,
2026-09-20T01:39:28.362142,Qwen2.5-7B,SLM,7B,ollama,1,"Having tried a couple of other brands of gluten-free sandwich cookies, these are...",POSITIVE,product_review_sentiment,unspecified,3,POSITIVE,True,2877,POSITIVE,
2026-09-20T01:39:45.445395,Qwen2.5-7B,SLM,7B,ollama,2,"My cat loves these treats. If ever I can't find her in the house, I just pop the...",POSITIVE,product_review_sentiment,unspecified,1,POSITIVE,True,15463,POSITIVE,
2026-09-20T01:39:51.802693,Qwen2.5-7B,SLM,7B,ollama,2,"My cat loves these treats. If ever I can't find her in the house, I just pop the...",POSITIVE,product_review_sentiment,unspecified,2,POSITIVE,True,4744,POSITIVE,
2026-09-20T01:39:56.285252,Qwen2.5-7B,SLM,7B,ollama,2,"My cat loves these treats. If ever I can't find her in the house, I just pop the...",POSITIVE,product_review_sentiment,unspecified,3,POSITIVE,True,2828,POSITIVE,
2026-09-20T01:40:04.090254,Qwen2.5-7B,SLM,7B,ollama,3,A little less than I expected.  It tends to have a muddy taste - not what I expe...,NEUTRAL,product_review_sentiment,unspecified,1,NEGATIVE,False,6198,NEGATIVE,
2026-09-20T01:40:08.584078,Qwen2.5-7B,SLM,7B,ollama,3,A little less than I expected.  It tends to have a muddy taste - not what I expe...,NEUTRAL,product_review_sentiment,unspecified,2,NEGATIVE,False,2894,NEGATIVE,
2026-09-20T01:40:12.945985,Qwen2.5-7B,SLM,7B,ollama,3,A little less than I expected.  It tends to have a muddy taste - not what I expe...,NEUTRAL,product_review_sentiment,unspecified,3,NEGATIVE,False,2767,NEGATIVE,
2026-09-20T01:40:33.293236,Qwen2.5-7B,SLM,7B,ollama,4,"First there was Frosted Mini-Wheats, in original size, then there was Frosted Mi...",NEGATIVE,product_review_sentiment,unspecified,1,NEGATIVE,True,18691,NEGATIVE,
2026-09-20T01:40:38.149129,Qwen2.5-7B,SLM,7B,ollama,4,"First there was Frosted Mini-Wheats, in original size, then there was Frosted Mi...",NEGATIVE,product_review_sentiment,unspecified,2,NEGATIVE,True,3171,NEGATIVE,
2026-09-20T01:40:42.552773,Qwen2.5-7B,SLM,7B,ollama,4,"First there was Frosted Mini-Wheats, in original size, then there was Frosted Mi...",NEGATIVE,product_review_sentiment,unspecified,3,NEGATIVE,True,2819,NEGATIVE,
2026-09-20T01:40:58.799715,Qwen2.5-7B,SLM,7B,ollama,5,and I want to congratulate the graphic artist for putting the entire product nam...,POSITIVE,product_review_sentiment,unspecified,1,POSITIVE,True,14582,POSITIVE,
2026-09-20T01:41:03.310803,Qwen2.5-7B,SLM,7B,ollama,5,and I want to congratulate the graphic artist for putting the entire product nam...,POSITIVE,product_review_sentiment,unspecified,2,POSITIVE,True,2894,POSITIVE,
2026-09-20T01:41:07.901524,Qwen2.5-7B,SLM,7B,ollama,5,and I want to congratulate the graphic artist for putting the entire product nam...,POSITIVE,product_review_sentiment,unspecified,3,POSITIVE,True,2931,POSITIVE,
2026-09-20T01:41:15.277820,Qwen2.5-7B,SLM,7B,ollama,6,"Please add more Pineapple flavor to your packages of lifesavers, in fact, can yo...",POSITIVE,product_review_sentiment,unspecified,1,NEUTRAL,False,5643,NEUTRAL,
2026-09-20T01:41:20.006643,Qwen2.5-7B,SLM,7B,ollama,6,"Please add more Pineapple flavor to your packages of lifesavers, in fact, can yo...",POSITIVE,product_review_sentiment,unspecified,2,NEUTRAL,False,3085,NEUTRAL,
2026-09-20T01:41:25.214956,Qwen2.5-7B,SLM,7B,ollama,6,"Please add more Pineapple flavor to your packages of lifesavers, in fact, can yo...",POSITIVE,product_review_sentiment,unspecified,3,NEUTRAL,False,3575,NEUTRAL,
2026-09-20T01:41:34.894171,Qwen2.5-7B,SLM,7B,ollama,7,I absolutely love Yorkshire tea and am so glad it is now available on Amazon!  A...,POSITIVE,product_review_sentiment,unspecified,1,POSITIVE,True,7449,POSITIVE,
2026-09-20T01:41:39.745837,Qwen2.5-7B,SLM,7B,ollama,7,I absolutely love Yorkshire tea and am so glad it is now available on Amazon!  A...,POSITIVE,product_review_sentiment,unspecified,2,POSITIVE,True,3226,POSITIVE,
2026-09-20T01:41:44.907908,Qwen2.5-7B,SLM,7B,ollama,7,I absolutely love Yorkshire tea and am so glad it is now available on Amazon!  A...,POSITIVE,product_review_sentiment,unspecified,3,POSITIVE,True,3539,POSITIVE,
2026-09-20T01:41:58.517826,Qwen2.5-7B,SLM,7B,ollama,8,I have such a hard time finding loose tea locally. Being able to order my favori...,POSITIVE,product_review_sentiment,unspecified,1,POSITIVE,True,11935,POSITIVE,
2026-09-20T01:42:08.405901,Qwen2.5-7B,SLM,7B,ollama,8,I have such a hard time finding loose tea locally. Being able to order my favori...,POSITIVE,product_review_sentiment,unspecified,2,POSITIVE,True,6497,POSITIVE,
2026-09-20T01:42:13.069157,Qwen2.5-7B,SLM,7B,ollama,8,I have such a hard time finding loose tea locally. Being able to order my favori...,POSITIVE,product_review_sentiment,unspecified,3,POSITIVE,True,2977,POSITIVE,
2026-09-20T01:42:29.956084,Qwen2.5-7B,SLM,7B,ollama,9,"Previously, I've attempted a recipe with white rice noodles and overcooked them,...",POSITIVE,product_review_sentiment,unspecified,1,NEUTRAL,False,15168,NEUTRAL,
2026-09-20T01:42:38.034983,Qwen2.5-7B,SLM,7B,ollama,9,"Previously, I've attempted a recipe with white rice noodles and overcooked them,...",POSITIVE,product_review_sentiment,unspecified,2,NEUTRAL,False,6398,NEUTRAL,
2026-09-20T01:42:43.139675,Qwen2.5-7B,SLM,7B,ollama,9,"Previously, I've attempted a recipe with white rice noodles and overcooked them,...",POSITIVE,product_review_sentiment,unspecified,3,NEUTRAL,False,3430,NEUTRAL,
2026-09-20T01:42:57.422479,Qwen2.5-7B,SLM,7B,ollama,10,"I make pancakes or waffles every Saturday morning with my kids, and there simply...",POSITIVE,product_review_sentiment,unspecified,1,POSITIVE,True,12566,POSITIVE,
2026-09-20T01:43:02.278147,Qwen2.5-7B,SLM,7B,ollama,10,"I make pancakes or waffles every Saturday morning with my kids, and there simply...",POSITIVE,product_review_sentiment,unspecified,2,POSITIVE,True,3085,POSITIVE,
2026-09-20T01:43:07.223583,Qwen2.5-7B,SLM,7B,ollama,10,"I make pancakes or waffles every Saturday morning with my kids, and there simply...",POSITIVE,product_review_sentiment,unspecified,3,POSITIVE,True,2898,POSITIVE,
2026-09-20T01:43:25.443302,Qwen2.5-7B,SLM,7B,ollama,11,I am a lover of coffee and will try almost any coffee product once. I own a coff...,POSITIVE,product_review_sentiment,unspecified,1,POSITIVE,True,16540,POSITIVE,
2026-09-20T01:43:30.747738,Qwen2.5-7B,SLM,7B,ollama,11,I am a lover of coffee and will try almost any coffee product once. I own a coff...,POSITIVE,product_review_sentiment,unspecified,2,POSITIVE,True,3610,POSITIVE,
2026-09-20T01:43:35.801856,Qwen2.5-7B,SLM,7B,ollama,11,I am a lover of coffee and will try almost any coffee product once. I own a coff...,POSITIVE,product_review_sentiment,unspecified,3,POSITIVE,True,3295,POSITIVE,
2026-09-20T01:43:45.013610,Qwen2.5-7B,SLM,7B,ollama,12,In the UK this is one of the most popular chocolate bars.  It is a light honeyco...,POSITIVE,product_review_sentiment,unspecified,1,POSITIVE,True,7561,POSITIVE,
2026-09-20T01:43:49.684115,Qwen2.5-7B,SLM,7B,ollama,12,In the UK this is one of the most popular chocolate bars.  It is a light honeyco...,POSITIVE,product_review_sentiment,unspecified,2,POSITIVE,True,2965,POSITIVE,
2026-09-20T01:43:54.789184,Qwen2.5-7B,SLM,7B,ollama,12,In the UK this is one of the most popular chocolate bars.  It is a light honeyco...,POSITIVE,product_review_sentiment,unspecified,3,POSITIVE,True,3409,POSITIVE,
2026-09-20T01:44:06.148656,Qwen2.5-7B,SLM,7B,ollama,13,My daughter bought a Keurig coffee maker for my husband for Christmas. His favor...,POSITIVE,product_review_sentiment,unspecified,1,POSITIVE,True,9631,POSITIVE,
2026-09-20T01:44:11.387504,Qwen2.5-7B,SLM,7B,ollama,13,My daughter bought a Keurig coffee maker for my husband for Christmas. His favor...,POSITIVE,product_review_sentiment,unspecified,2,POSITIVE,True,3472,POSITIVE,
2026-09-20T01:44:16.271489,Qwen2.5-7B,SLM,7B,ollama,13,My daughter bought a Keurig coffee maker for my husband for Christmas. His favor...,POSITIVE,product_review_sentiment,unspecified,3,POSITIVE,True,3274,POSITIVE,
2026-09-20T01:44:24.345303,Qwen2.5-7B,SLM,7B,ollama,14,Comparable flavor to Starbucks and cost much less. I don't know why anyone would...,POSITIVE,product_review_sentiment,unspecified,1,POSITIVE,True,6351,POSITIVE,
2026-09-20T01:44:29.606431,Qwen2.5-7B,SLM,7B,ollama,14,Comparable flavor to Starbucks and cost much less. I don't know why anyone would...,POSITIVE,product_review_sentiment,unspecified,2,POSITIVE,True,3638,POSITIVE,
2026-09-20T01:44:34.813987,Qwen2.5-7B,SLM,7B,ollama,14,Comparable flavor to Starbucks and cost much less. I don't know why anyone would...,POSITIVE,product_review_sentiment,unspecified,3,POSITIVE,True,3614,POSITIVE,
2026-09-20T01:44:46.353111,Qwen2.5-7B,SLM,7B,ollama,15,Simply awful.  This product should be taken off the market immediately.  They di...,NEGATIVE,product_review_sentiment,unspecified,1,NEGATIVE,True,9887,NEGATIVE,
2026-09-20T01:44:51.643571,Qwen2.5-7B,SLM,7B,ollama,15,Simply awful.  This product should be taken off the market immediately.  They di...,NEGATIVE,product_review_sentiment,unspecified,2,NEGATIVE,True,3480,NEGATIVE,
2026-09-20T01:44:56.581337,Qwen2.5-7B,SLM,7B,ollama,15,Simply awful.  This product should be taken off the market immediately.  They di...,NEGATIVE,product_review_sentiment,unspecified,3,NEGATIVE,True,3034,NEGATIVE,
2026-09-20T01:45:13.799820,Qwen2.5-7B,SLM,7B,ollama,16,I would give it.  This hot sauce is the best hot sauce that has ever been made w...,POSITIVE,product_review_sentiment,unspecified,1,POSITIVE,True,15515,POSITIVE,
2026-09-20T01:45:20.850486,Qwen2.5-7B,SLM,7B,ollama,16,I would give it.  This hot sauce is the best hot sauce that has ever been made w...,POSITIVE,product_review_sentiment,unspecified,2,POSITIVE,True,5311,POSITIVE,
2026-09-20T01:45:25.637526,Qwen2.5-7B,SLM,7B,ollama,16,I would give it.  This hot sauce is the best hot sauce that has ever been made w...,POSITIVE,product_review_sentiment,unspecified,3,POSITIVE,True,3114,POSITIVE,
2026-09-20T01:45:42.582709,Qwen2.5-7B,SLM,7B,ollama,17,Luckily this is available locally so I got to try it without ordering a whole ca...,POSITIVE,product_review_sentiment,unspecified,1,POSITIVE,True,15239,POSITIVE,
2026-09-20T01:45:47.977268,Qwen2.5-7B,SLM,7B,ollama,17,Luckily this is available locally so I got to try it without ordering a whole ca...,POSITIVE,product_review_sentiment,unspecified,2,POSITIVE,True,3728,POSITIVE,
2026-09-20T01:45:53.121275,Qwen2.5-7B,SLM,7B,ollama,17,Luckily this is available locally so I got to try it without ordering a whole ca...,POSITIVE,product_review_sentiment,unspecified,3,POSITIVE,True,3417,POSITIVE,
2026-09-20T01:46:07.031730,Qwen2.5-7B,SLM,7B,ollama,18,This oatmeal is great.  I eat it almost every morning.  The brands in the stores...,POSITIVE,product_review_sentiment,unspecified,1,POSITIVE,True,12171,POSITIVE,
2026-09-20T01:46:12.191416,Qwen2.5-7B,SLM,7B,ollama,18,This oatmeal is great.  I eat it almost every morning.  The brands in the stores...,POSITIVE,product_review_sentiment,unspecified,2,POSITIVE,True,3459,POSITIVE,
2026-09-20T01:46:17.744671,Qwen2.5-7B,SLM,7B,ollama,18,This oatmeal is great.  I eat it almost every morning.  The brands in the stores...,POSITIVE,product_review_sentiment,unspecified,3,POSITIVE,True,3869,POSITIVE,
2026-09-20T01:46:28.857303,Qwen2.5-7B,SLM,7B,ollama,19,Satin Ice is the best tasting fondant I can find on the market.  It's a little m...,POSITIVE,product_review_sentiment,unspecified,1,POSITIVE,True,9401,POSITIVE,
2026-09-20T01:46:34.351498,Qwen2.5-7B,SLM,7B,ollama,19,Satin Ice is the best tasting fondant I can find on the market.  It's a little m...,POSITIVE,product_review_sentiment,unspecified,2,POSITIVE,True,3854,POSITIVE,
2026-09-20T01:46:39.288201,Qwen2.5-7B,SLM,7B,ollama,19,Satin Ice is the best tasting fondant I can find on the market.  It's a little m...,POSITIVE,product_review_sentiment,unspecified,3,POSITIVE,True,3214,POSITIVE,
2026-09-20T01:46:47.361419,Qwen2.5-7B,SLM,7B,ollama,20,I bought this for my 73 year old dad he had seen it on a commercial and thought ...,POSITIVE,product_review_sentiment,unspecified,1,POSITIVE,True,6316,POSITIVE,
2026-09-20T01:46:51.992357,Qwen2.5-7B,SLM,7B,ollama,20,I bought this for my 73 year old dad he had seen it on a commercial and thought ...,POSITIVE,product_review_sentiment,unspecified,2,POSITIVE,True,2898,POSITIVE,
2026-09-20T01:46:57.313099,Qwen2.5-7B,SLM,7B,ollama,20,I bought this for my 73 year old dad he had seen it on a commercial and thought ...,POSITIVE,product_review_sentiment,unspecified,3,POSITIVE,True,3638,POSITIVE,
2026-09-20T01:47:08.520145,Qwen2.5-7B,SLM,7B,ollama,21,I never saw this gift basket myself nor tried any goodies from it. I bought it t...,POSITIVE,product_review_sentiment,unspecified,1,POSITIVE,True,9499,POSITIVE,
2026-09-20T01:47:13.826551,Qwen2.5-7B,SLM,7B,ollama,21,I never saw this gift basket myself nor tried any goodies from it. I bought it t...,POSITIVE,product_review_sentiment,unspecified,2,POSITIVE,True,3660,POSITIVE,
2026-09-20T01:47:18.615387,Qwen2.5-7B,SLM,7B,ollama,21,I never saw this gift basket myself nor tried any goodies from it. I bought it t...,POSITIVE,product_review_sentiment,unspecified,3,POSITIVE,True,3087,POSITIVE,
2026-09-20T01:47:29.773644,Qwen2.5-7B,SLM,7B,ollama,22,Unbeatable little tool for making shredded green papaya salad.  I use it to shre...,POSITIVE,product_review_sentiment,unspecified,1,POSITIVE,True,9458,POSITIVE,
2026-09-20T01:47:34.717823,Qwen2.5-7B,SLM,7B,ollama,22,Unbeatable little tool for making shredded green papaya salad.  I use it to shre...,POSITIVE,product_review_sentiment,unspecified,2,POSITIVE,True,3174,POSITIVE,
2026-09-20T01:47:39.964147,Qwen2.5-7B,SLM,7B,ollama,22,Unbeatable little tool for making shredded green papaya salad.  I use it to shre...,POSITIVE,product_review_sentiment,unspecified,3,POSITIVE,True,3537,POSITIVE,
2026-09-20T01:47:50.103542,Qwen2.5-7B,SLM,7B,ollama,23,It sure would be nice if they stated ANYWHERE in the description of this coffee ...,NEGATIVE,product_review_sentiment,unspecified,1,NEGATIVE,True,8514,NEGATIVE,
2026-09-20T01:47:55.199072,Qwen2.5-7B,SLM,7B,ollama,23,It sure would be nice if they stated ANYWHERE in the description of this coffee ...,NEGATIVE,product_review_sentiment,unspecified,2,NEGATIVE,True,3488,NEGATIVE,
2026-09-20T01:48:00.236234,Qwen2.5-7B,SLM,7B,ollama,23,It sure would be nice if they stated ANYWHERE in the description of this coffee ...,NEGATIVE,product_review_sentiment,unspecified,3,NEGATIVE,True,3292,NEGATIVE,
2026-09-20T01:48:17.608454,Qwen2.5-7B,SLM,7B,ollama,24,I had a salad in a restaurant for lunch and went crazy over the  roasted raspber...,POSITIVE,product_review_sentiment,unspecified,1,POSITIVE,True,15651,POSITIVE,
2026-09-20T01:48:23.629796,Qwen2.5-7B,SLM,7B,ollama,24,I had a salad in a restaurant for lunch and went crazy over the  roasted raspber...,POSITIVE,product_review_sentiment,unspecified,2,POSITIVE,True,4305,POSITIVE,
2026-09-20T01:48:29.105250,Qwen2.5-7B,SLM,7B,ollama,24,I had a salad in a restaurant for lunch and went crazy over the  roasted raspber...,POSITIVE,product_review_sentiment,unspecified,3,POSITIVE,True,3814,POSITIVE,
2026-09-20T01:48:38.136330,Qwen2.5-7B,SLM,7B,ollama,25,I was so happy to see this deal. I recently have been using alot of pumpkin. I w...,POSITIVE,product_review_sentiment,unspecified,1,POSITIVE,True,7298,POSITIVE,
2026-09-20T01:48:43.307881,Qwen2.5-7B,SLM,7B,ollama,25,I was so happy to see this deal. I recently have been using alot of pumpkin. I w...,POSITIVE,product_review_sentiment,unspecified,2,POSITIVE,True,3513,POSITIVE,
2026-09-20T01:48:48.092371,Qwen2.5-7B,SLM,7B,ollama,25,I was so happy to see this deal. I recently have been using alot of pumpkin. I w...,POSITIVE,product_review_sentiment,unspecified,3,POSITIVE,True,3127,POSITIVE,
2026-09-20T01:48:57.323520,Qwen2.5-7B,SLM,7B,ollama,26,"Very hot, but smooth, great consistancy, for use with most Korean cusine. Just a...",POSITIVE,product_review_sentiment,unspecified,1,POSITIVE,True,7595,POSITIVE,
2026-09-20T01:49:06.979693,Qwen2.5-7B,SLM,7B,ollama,26,"Very hot, but smooth, great consistancy, for use with most Korean cusine. Just a...",POSITIVE,product_review_sentiment,unspecified,2,POSITIVE,True,7891,POSITIVE,
2026-09-20T01:49:13.022071,Qwen2.5-7B,SLM,7B,ollama,26,"Very hot, but smooth, great consistancy, for use with most Korean cusine. Just a...",POSITIVE,product_review_sentiment,unspecified,3,POSITIVE,True,4368,POSITIVE,
2026-09-20T01:49:27.291925,Qwen2.5-7B,SLM,7B,ollama,27,"Okay, I jumped the gun, because they were sending me the review information, bef...",POSITIVE,product_review_sentiment,unspecified,1,NEUTRAL,False,12621,NEUTRAL,
2026-09-20T01:49:32.933149,Qwen2.5-7B,SLM,7B,ollama,27,"Okay, I jumped the gun, because they were sending me the review information, bef...",POSITIVE,product_review_sentiment,unspecified,2,NEUTRAL,False,4009,NEUTRAL,
2026-09-20T01:49:38.649632,Qwen2.5-7B,SLM,7B,ollama,27,"Okay, I jumped the gun, because they were sending me the review information, bef...",POSITIVE,product_review_sentiment,unspecified,3,NEUTRAL,False,4024,NEUTRAL,
2026-09-20T01:50:02.202338,Qwen2.5-7B,SLM,7B,ollama,28,"Disappointingly, this is IMITATION Almond Extract and a terrible value.  The $0....",NEGATIVE,product_review_sentiment,unspecified,1,NEGATIVE,True,21883,NEGATIVE,
2026-09-20T01:50:13.495081,Qwen2.5-7B,SLM,7B,ollama,28,"Disappointingly, this is IMITATION Almond Extract and a terrible value.  The $0....",NEGATIVE,product_review_sentiment,unspecified,2,NEGATIVE,True,9533,NEGATIVE,
2026-09-20T01:50:18.522743,Qwen2.5-7B,SLM,7B,ollama,28,"Disappointingly, this is IMITATION Almond Extract and a terrible value.  The $0....",NEGATIVE,product_review_sentiment,unspecified,3,NEGATIVE,True,3351,NEGATIVE,
2026-09-20T01:50:38.111091,Qwen2.5-7B,SLM,7B,ollama,29,"I've tried several brands and flavors of ground coffee from Amazon, and this is ...",POSITIVE,product_review_sentiment,unspecified,1,POSITIVE,True,17963,POSITIVE,
2026-09-20T01:50:43.166413,Qwen2.5-7B,SLM,7B,ollama,29,"I've tried several brands and flavors of ground coffee from Amazon, and this is ...",POSITIVE,product_review_sentiment,unspecified,2,POSITIVE,True,3321,POSITIVE,
2026-09-20T01:50:47.803218,Qwen2.5-7B,SLM,7B,ollama,29,"I've tried several brands and flavors of ground coffee from Amazon, and this is ...",POSITIVE,product_review_sentiment,unspecified,3,POSITIVE,True,2994,POSITIVE,
2026-09-20T01:50:56.529138,Qwen2.5-7B,SLM,7B,ollama,30,"My dog is relatively picky when it comes to treats, but she loves these. They do...",POSITIVE,product_review_sentiment,unspecified,1,POSITIVE,True,6987,POSITIVE,
2026-09-20T01:51:03.462555,Qwen2.5-7B,SLM,7B,ollama,30,"My dog is relatively picky when it comes to treats, but she loves these. They do...",POSITIVE,product_review_sentiment,unspecified,2,POSITIVE,True,5164,POSITIVE,
2026-09-20T01:51:08.804488,Qwen2.5-7B,SLM,7B,ollama,30,"My dog is relatively picky when it comes to treats, but she loves these. They do...",POSITIVE,product_review_sentiment,unspecified,3,POSITIVE,True,3710,POSITIVE,
2026-09-20T01:52:10.145040,Mistral-7B,SLM,7B,ollama,1,"Having tried a couple of other brands of gluten-free sandwich cookies, these are...",POSITIVE,product_review_sentiment,unspecified,1,POSITIVE,True,53947, POSITIVE,
2026-09-20T01:52:16.211738,Mistral-7B,SLM,7B,ollama,1,"Having tried a couple of other brands of gluten-free sandwich cookies, these are...",POSITIVE,product_review_sentiment,unspecified,2,POSITIVE,True,4182, POSITIVE,
2026-09-20T01:52:22.123081,Mistral-7B,SLM,7B,ollama,1,"Having tried a couple of other brands of gluten-free sandwich cookies, these are...",POSITIVE,product_review_sentiment,unspecified,3,POSITIVE,True,4247, POSITIVE,
2026-09-20T01:52:39.714674,Mistral-7B,SLM,7B,ollama,2,"My cat loves these treats. If ever I can't find her in the house, I just pop the...",POSITIVE,product_review_sentiment,unspecified,1,POSITIVE,True,15967, POSITIVE,
2026-09-20T01:52:45.668956,Mistral-7B,SLM,7B,ollama,2,"My cat loves these treats. If ever I can't find her in the house, I just pop the...",POSITIVE,product_review_sentiment,unspecified,2,POSITIVE,True,4326, POSITIVE,
2026-09-20T01:52:51.591837,Mistral-7B,SLM,7B,ollama,2,"My cat loves these treats. If ever I can't find her in the house, I just pop the...",POSITIVE,product_review_sentiment,unspecified,3,POSITIVE,True,4292, POSITIVE,
2026-09-20T01:52:59.547720,Mistral-7B,SLM,7B,ollama,3,A little less than I expected.  It tends to have a muddy taste - not what I expe...,NEUTRAL,product_review_sentiment,unspecified,1,NEUTRAL,True,6327, NEUTRAL,
2026-09-20T01:53:05.226996,Mistral-7B,SLM,7B,ollama,3,A little less than I expected.  It tends to have a muddy taste - not what I expe...,NEUTRAL,product_review_sentiment,unspecified,2,NEUTRAL,True,4053, NEUTRAL,
2026-09-20T01:53:11.297464,Mistral-7B,SLM,7B,ollama,3,A little less than I expected.  It tends to have a muddy taste - not what I expe...,NEUTRAL,product_review_sentiment,unspecified,3,NEUTRAL,True,4374, NEUTRAL,
2026-09-20T01:53:30.287579,Mistral-7B,SLM,7B,ollama,4,"First there was Frosted Mini-Wheats, in original size, then there was Frosted Mi...",NEGATIVE,product_review_sentiment,unspecified,1,NEUTRAL,False,17350, NEUTRAL,
2026-09-20T01:53:36.204144,Mistral-7B,SLM,7B,ollama,4,"First there was Frosted Mini-Wheats, in original size, then there was Frosted Mi...",NEGATIVE,product_review_sentiment,unspecified,2,NEUTRAL,False,4255, NEUTRAL,
2026-09-20T01:53:41.557295,Mistral-7B,SLM,7B,ollama,4,"First there was Frosted Mini-Wheats, in original size, then there was Frosted Mi...",NEGATIVE,product_review_sentiment,unspecified,3,NEUTRAL,False,3631, NEUTRAL,
2026-09-20T01:53:59.429375,Mistral-7B,SLM,7B,ollama,5,and I want to congratulate the graphic artist for putting the entire product nam...,POSITIVE,product_review_sentiment,unspecified,1,POSITIVE,True,16119, POSITIVE,
2026-09-20T01:54:05.169628,Mistral-7B,SLM,7B,ollama,5,and I want to congratulate the graphic artist for putting the entire product nam...,POSITIVE,product_review_sentiment,unspecified,2,POSITIVE,True,4084, POSITIVE,
2026-09-20T01:54:11.025156,Mistral-7B,SLM,7B,ollama,5,and I want to congratulate the graphic artist for putting the entire product nam...,POSITIVE,product_review_sentiment,unspecified,3,POSITIVE,True,4201, POSITIVE,
2026-09-20T01:54:19.407617,Mistral-7B,SLM,7B,ollama,6,"Please add more Pineapple flavor to your packages of lifesavers, in fact, can yo...",POSITIVE,product_review_sentiment,unspecified,1,POSITIVE,True,6762, POSITIVE,
2026-09-20T01:54:25.222503,Mistral-7B,SLM,7B,ollama,6,"Please add more Pineapple flavor to your packages of lifesavers, in fact, can yo...",POSITIVE,product_review_sentiment,unspecified,2,POSITIVE,True,4152, POSITIVE,
2026-09-20T01:54:31.092948,Mistral-7B,SLM,7B,ollama,6,"Please add more Pineapple flavor to your packages of lifesavers, in fact, can yo...",POSITIVE,product_review_sentiment,unspecified,3,POSITIVE,True,4249, POSITIVE,
2026-09-20T01:54:41.259060,Mistral-7B,SLM,7B,ollama,7,I absolutely love Yorkshire tea and am so glad it is now available on Amazon!  A...,POSITIVE,product_review_sentiment,unspecified,1,POSITIVE,True,8477, POSITIVE,
2026-09-20T01:54:47.082144,Mistral-7B,SLM,7B,ollama,7,I absolutely love Yorkshire tea and am so glad it is now available on Amazon!  A...,POSITIVE,product_review_sentiment,unspecified,2,POSITIVE,True,4176, POSITIVE,
2026-09-20T01:54:52.527703,Mistral-7B,SLM,7B,ollama,7,I absolutely love Yorkshire tea and am so glad it is now available on Amazon!  A...,POSITIVE,product_review_sentiment,unspecified,3,POSITIVE,True,3704, POSITIVE,
2026-09-20T01:55:03.820877,Mistral-7B,SLM,7B,ollama,8,I have such a hard time finding loose tea locally. Being able to order my favori...,POSITIVE,product_review_sentiment,unspecified,1,POSITIVE,True,9663, POSITIVE,
2026-09-20T01:55:09.854419,Mistral-7B,SLM,7B,ollama,8,I have such a hard time finding loose tea locally. Being able to order my favori...,POSITIVE,product_review_sentiment,unspecified,2,POSITIVE,True,4407, POSITIVE,
2026-09-20T01:55:15.529632,Mistral-7B,SLM,7B,ollama,8,I have such a hard time finding loose tea locally. Being able to order my favori...,POSITIVE,product_review_sentiment,unspecified,3,POSITIVE,True,4045, POSITIVE,
2026-09-20T01:55:34.633387,Mistral-7B,SLM,7B,ollama,9,"Previously, I've attempted a recipe with white rice noodles and overcooked them,...",POSITIVE,product_review_sentiment,unspecified,1,NEUTRAL,False,17442, NEUTRAL,
2026-09-20T01:55:40.664845,Mistral-7B,SLM,7B,ollama,9,"Previously, I've attempted a recipe with white rice noodles and overcooked them,...",POSITIVE,product_review_sentiment,unspecified,2,NEUTRAL,False,4212, NEUTRAL,
2026-09-20T01:55:46.662559,Mistral-7B,SLM,7B,ollama,9,"Previously, I've attempted a recipe with white rice noodles and overcooked them,...",POSITIVE,product_review_sentiment,unspecified,3,NEUTRAL,False,4349, NEUTRAL,
2026-09-20T01:56:02.350119,Mistral-7B,SLM,7B,ollama,10,"I make pancakes or waffles every Saturday morning with my kids, and there simply...",POSITIVE,product_review_sentiment,unspecified,1,POSITIVE,True,13998, POSITIVE,
2026-09-20T01:56:08.121714,Mistral-7B,SLM,7B,ollama,10,"I make pancakes or waffles every Saturday morning with my kids, and there simply...",POSITIVE,product_review_sentiment,unspecified,2,POSITIVE,True,3696, POSITIVE,
2026-09-20T01:56:14.187523,Mistral-7B,SLM,7B,ollama,10,"I make pancakes or waffles every Saturday morning with my kids, and there simply...",POSITIVE,product_review_sentiment,unspecified,3,POSITIVE,True,4393, POSITIVE,
2026-09-20T01:56:35.116316,Mistral-7B,SLM,7B,ollama,11,I am a lover of coffee and will try almost any coffee product once. I own a coff...,POSITIVE,product_review_sentiment,unspecified,1,POSITIVE,True,19185, POSITIVE,
2026-09-20T01:56:40.720836,Mistral-7B,SLM,7B,ollama,11,I am a lover of coffee and will try almost any coffee product once. I own a coff...,POSITIVE,product_review_sentiment,unspecified,2,POSITIVE,True,3795, POSITIVE,
2026-09-20T01:56:46.942802,Mistral-7B,SLM,7B,ollama,11,I am a lover of coffee and will try almost any coffee product once. I own a coff...,POSITIVE,product_review_sentiment,unspecified,3,POSITIVE,True,4519, POSITIVE,
2026-09-20T01:56:57.110292,Mistral-7B,SLM,7B,ollama,12,In the UK this is one of the most popular chocolate bars.  It is a light honeyco...,POSITIVE,product_review_sentiment,unspecified,1,POSITIVE,True,8239, POSITIVE,
2026-09-20T01:57:02.769716,Mistral-7B,SLM,7B,ollama,12,In the UK this is one of the most popular chocolate bars.  It is a light honeyco...,POSITIVE,product_review_sentiment,unspecified,2,POSITIVE,True,3993, POSITIVE,
2026-09-20T01:57:07.965350,Mistral-7B,SLM,7B,ollama,12,In the UK this is one of the most popular chocolate bars.  It is a light honeyco...,POSITIVE,product_review_sentiment,unspecified,3,POSITIVE,True,3520, POSITIVE,
2026-09-20T01:57:20.447440,Mistral-7B,SLM,7B,ollama,13,My daughter bought a Keurig coffee maker for my husband for Christmas. His favor...,POSITIVE,product_review_sentiment,unspecified,1,POSITIVE,True,10805, POSITIVE,
2026-09-20T01:57:28.879347,Mistral-7B,SLM,7B,ollama,13,My daughter bought a Keurig coffee maker for my husband for Christmas. His favor...,POSITIVE,product_review_sentiment,unspecified,2,POSITIVE,True,6759, POSITIVE,
2026-09-20T01:57:34.723817,Mistral-7B,SLM,7B,ollama,13,My daughter bought a Keurig coffee maker for my husband for Christmas. His favor...,POSITIVE,product_review_sentiment,unspecified,3,POSITIVE,True,4223, POSITIVE,
2026-09-20T01:57:43.146786,Mistral-7B,SLM,7B,ollama,14,Comparable flavor to Starbucks and cost much less. I don't know why anyone would...,POSITIVE,product_review_sentiment,unspecified,1,POSITIVE,True,6792, POSITIVE,
2026-09-20T01:57:50.190429,Mistral-7B,SLM,7B,ollama,14,Comparable flavor to Starbucks and cost much less. I don't know why anyone would...,POSITIVE,product_review_sentiment,unspecified,2,POSITIVE,True,5373, POSITIVE,
2026-09-20T01:57:56.394489,Mistral-7B,SLM,7B,ollama,14,Comparable flavor to Starbucks and cost much less. I don't know why anyone would...,POSITIVE,product_review_sentiment,unspecified,3,POSITIVE,True,4566, POSITIVE,
2026-09-20T01:58:09.000984,Mistral-7B,SLM,7B,ollama,15,Simply awful.  This product should be taken off the market immediately.  They di...,NEGATIVE,product_review_sentiment,unspecified,1,NEGATIVE,True,10858, NEGATIVE,
2026-09-20T01:58:15.003218,Mistral-7B,SLM,7B,ollama,15,Simply awful.  This product should be taken off the market immediately.  They di...,NEGATIVE,product_review_sentiment,unspecified,2,NEGATIVE,True,4374, NEGATIVE,
2026-09-20T01:58:20.478993,Mistral-7B,SLM,7B,ollama,15,Simply awful.  This product should be taken off the market immediately.  They di...,NEGATIVE,product_review_sentiment,unspecified,3,NEGATIVE,True,3776, NEGATIVE,
2026-09-20T01:58:38.065785,Mistral-7B,SLM,7B,ollama,16,I would give it.  This hot sauce is the best hot sauce that has ever been made w...,POSITIVE,product_review_sentiment,unspecified,1,POSITIVE,True,15871, POSITIVE,
2026-09-20T01:58:43.913900,Mistral-7B,SLM,7B,ollama,16,I would give it.  This hot sauce is the best hot sauce that has ever been made w...,POSITIVE,product_review_sentiment,unspecified,2,POSITIVE,True,4230, POSITIVE,
2026-09-20T01:58:49.279791,Mistral-7B,SLM,7B,ollama,16,I would give it.  This hot sauce is the best hot sauce that has ever been made w...,POSITIVE,product_review_sentiment,unspecified,3,POSITIVE,True,3713, POSITIVE,
2026-09-20T01:59:08.634592,Mistral-7B,SLM,7B,ollama,17,Luckily this is available locally so I got to try it without ordering a whole ca...,POSITIVE,product_review_sentiment,unspecified,1,POSITIVE,True,17629, POSITIVE,
2026-09-20T01:59:15.033751,Mistral-7B,SLM,7B,ollama,17,Luckily this is available locally so I got to try it without ordering a whole ca...,POSITIVE,product_review_sentiment,unspecified,2,POSITIVE,True,4613, POSITIVE,
2026-09-20T01:59:20.673784,Mistral-7B,SLM,7B,ollama,17,Luckily this is available locally so I got to try it without ordering a whole ca...,POSITIVE,product_review_sentiment,unspecified,3,POSITIVE,True,3938, POSITIVE,
2026-09-20T01:59:35.481287,Mistral-7B,SLM,7B,ollama,18,This oatmeal is great.  I eat it almost every morning.  The brands in the stores...,POSITIVE,product_review_sentiment,unspecified,1,POSITIVE,True,13114, POSITIVE,
2026-09-20T01:59:41.605927,Mistral-7B,SLM,7B,ollama,18,This oatmeal is great.  I eat it almost every morning.  The brands in the stores...,POSITIVE,product_review_sentiment,unspecified,2,POSITIVE,True,4448, POSITIVE,
2026-09-20T01:59:46.714505,Mistral-7B,SLM,7B,ollama,18,This oatmeal is great.  I eat it almost every morning.  The brands in the stores...,POSITIVE,product_review_sentiment,unspecified,3,POSITIVE,True,3433, POSITIVE,
2026-09-20T01:59:57.888724,Mistral-7B,SLM,7B,ollama,19,Satin Ice is the best tasting fondant I can find on the market.  It's a little m...,POSITIVE,product_review_sentiment,unspecified,1,POSITIVE,True,9483, POSITIVE,
2026-09-20T02:00:03.616210,Mistral-7B,SLM,7B,ollama,19,Satin Ice is the best tasting fondant I can find on the market.  It's a little m...,POSITIVE,product_review_sentiment,unspecified,2,POSITIVE,True,3931, POSITIVE,
2026-09-20T02:00:09.160034,Mistral-7B,SLM,7B,ollama,19,Satin Ice is the best tasting fondant I can find on the market.  It's a little m...,POSITIVE,product_review_sentiment,unspecified,3,POSITIVE,True,3845, POSITIVE,
2026-09-20T02:00:17.690693,Mistral-7B,SLM,7B,ollama,20,I bought this for my 73 year old dad he had seen it on a commercial and thought ...,POSITIVE,product_review_sentiment,unspecified,1,POSITIVE,True,6858, POSITIVE,
2026-09-20T02:00:22.878238,Mistral-7B,SLM,7B,ollama,20,I bought this for my 73 year old dad he had seen it on a commercial and thought ...,POSITIVE,product_review_sentiment,unspecified,2,POSITIVE,True,3452, POSITIVE,
2026-09-20T02:00:28.828793,Mistral-7B,SLM,7B,ollama,20,I bought this for my 73 year old dad he had seen it on a commercial and thought ...,POSITIVE,product_review_sentiment,unspecified,3,POSITIVE,True,3839, POSITIVE,
2026-09-20T02:00:40.649126,Mistral-7B,SLM,7B,ollama,21,I never saw this gift basket myself nor tried any goodies from it. I bought it t...,POSITIVE,product_review_sentiment,unspecified,1,POSITIVE,True,10186, POSITIVE,
2026-09-20T02:00:46.022735,Mistral-7B,SLM,7B,ollama,21,I never saw this gift basket myself nor tried any goodies from it. I bought it t...,POSITIVE,product_review_sentiment,unspecified,2,POSITIVE,True,3673, POSITIVE,
2026-09-20T02:00:51.927652,Mistral-7B,SLM,7B,ollama,21,I never saw this gift basket myself nor tried any goodies from it. I bought it t...,POSITIVE,product_review_sentiment,unspecified,3,POSITIVE,True,4216, POSITIVE,
2026-09-20T02:01:04.196417,Mistral-7B,SLM,7B,ollama,22,Unbeatable little tool for making shredded green papaya salad.  I use it to shre...,POSITIVE,product_review_sentiment,unspecified,1,POSITIVE,True,10516, POSITIVE,
2026-09-20T02:01:10.191600,Mistral-7B,SLM,7B,ollama,22,Unbeatable little tool for making shredded green papaya salad.  I use it to shre...,POSITIVE,product_review_sentiment,unspecified,2,POSITIVE,True,4374, POSITIVE,
2026-09-20T02:01:16.075666,Mistral-7B,SLM,7B,ollama,22,Unbeatable little tool for making shredded green papaya salad.  I use it to shre...,POSITIVE,product_review_sentiment,unspecified,3,POSITIVE,True,4268, POSITIVE,
2026-09-20T02:01:26.792292,Mistral-7B,SLM,7B,ollama,23,It sure would be nice if they stated ANYWHERE in the description of this coffee ...,NEGATIVE,product_review_sentiment,unspecified,1,NEGATIVE,True,9084, NEGATIVE,
2026-09-20T02:01:32.865961,Mistral-7B,SLM,7B,ollama,23,It sure would be nice if they stated ANYWHERE in the description of this coffee ...,NEGATIVE,product_review_sentiment,unspecified,2,NEGATIVE,True,4456, NEGATIVE,
2026-09-20T02:01:38.871636,Mistral-7B,SLM,7B,ollama,23,It sure would be nice if they stated ANYWHERE in the description of this coffee ...,NEGATIVE,product_review_sentiment,unspecified,3,NEGATIVE,True,4390, NEGATIVE,
2026-09-20T02:01:57.967603,Mistral-7B,SLM,7B,ollama,24,I had a salad in a restaurant for lunch and went crazy over the  roasted raspber...,POSITIVE,product_review_sentiment,unspecified,1,POSITIVE,True,17421, POSITIVE,
2026-09-20T02:02:03.850166,Mistral-7B,SLM,7B,ollama,24,I had a salad in a restaurant for lunch and went crazy over the  roasted raspber...,POSITIVE,product_review_sentiment,unspecified,2,POSITIVE,True,4233, POSITIVE,
2026-09-20T02:02:09.453401,Mistral-7B,SLM,7B,ollama,24,I had a salad in a restaurant for lunch and went crazy over the  roasted raspber...,POSITIVE,product_review_sentiment,unspecified,3,POSITIVE,True,3891, POSITIVE,
2026-09-20T02:02:19.602380,Mistral-7B,SLM,7B,ollama,25,I was so happy to see this deal. I recently have been using alot of pumpkin. I w...,POSITIVE,product_review_sentiment,unspecified,1,POSITIVE,True,8466, POSITIVE,
2026-09-20T02:02:25.847511,Mistral-7B,SLM,7B,ollama,25,I was so happy to see this deal. I recently have been using alot of pumpkin. I w...,POSITIVE,product_review_sentiment,unspecified,2,POSITIVE,True,4607, POSITIVE,
2026-09-20T02:02:31.618743,Mistral-7B,SLM,7B,ollama,25,I was so happy to see this deal. I recently have been using alot of pumpkin. I w...,POSITIVE,product_review_sentiment,unspecified,3,POSITIVE,True,4137, POSITIVE,
2026-09-20T02:02:42.285934,Mistral-7B,SLM,7B,ollama,26,"Very hot, but smooth, great consistancy, for use with most Korean cusine. Just a...",POSITIVE,product_review_sentiment,unspecified,1,INVALID,False,9054, HOT,
2026-09-20T02:02:46.951841,Mistral-7B,SLM,7B,ollama,26,"Very hot, but smooth, great consistancy, for use with most Korean cusine. Just a...",POSITIVE,product_review_sentiment,unspecified,2,INVALID,False,3052, HOT,
2026-09-20T02:02:51.860531,Mistral-7B,SLM,7B,ollama,26,"Very hot, but smooth, great consistancy, for use with most Korean cusine. Just a...",POSITIVE,product_review_sentiment,unspecified,3,INVALID,False,3262, HOT,
2026-09-20T02:03:09.026763,Mistral-7B,SLM,7B,ollama,27,"Okay, I jumped the gun, because they were sending me the review information, bef...",POSITIVE,product_review_sentiment,unspecified,1,NEUTRAL,False,15519, NEUTRAL,
2026-09-20T02:03:15.395326,Mistral-7B,SLM,7B,ollama,27,"Okay, I jumped the gun, because they were sending me the review information, bef...",POSITIVE,product_review_sentiment,unspecified,2,NEUTRAL,False,4576, NEUTRAL,
2026-09-20T02:03:20.609973,Mistral-7B,SLM,7B,ollama,27,"Okay, I jumped the gun, because they were sending me the review information, bef...",POSITIVE,product_review_sentiment,unspecified,3,NEUTRAL,False,3510, NEUTRAL,
2026-09-20T02:03:38.261319,Mistral-7B,SLM,7B,ollama,28,"Disappointingly, this is IMITATION Almond Extract and a terrible value.  The $0....",NEGATIVE,product_review_sentiment,unspecified,1,NEGATIVE,True,15944, NEGATIVE,
2026-09-20T02:03:43.856660,Mistral-7B,SLM,7B,ollama,28,"Disappointingly, this is IMITATION Almond Extract and a terrible value.  The $0....",NEGATIVE,product_review_sentiment,unspecified,2,NEGATIVE,True,3813, NEGATIVE,
2026-09-20T02:03:49.689856,Mistral-7B,SLM,7B,ollama,28,"Disappointingly, this is IMITATION Almond Extract and a terrible value.  The $0....",NEGATIVE,product_review_sentiment,unspecified,3,NEGATIVE,True,4178, NEGATIVE,
2026-09-20T02:04:07.459921,Mistral-7B,SLM,7B,ollama,29,"I've tried several brands and flavors of ground coffee from Amazon, and this is ...",POSITIVE,product_review_sentiment,unspecified,1,POSITIVE,True,16083, POSITIVE,
2026-09-20T02:04:13.346638,Mistral-7B,SLM,7B,ollama,29,"I've tried several brands and flavors of ground coffee from Amazon, and this is ...",POSITIVE,product_review_sentiment,unspecified,2,POSITIVE,True,4271, POSITIVE,
2026-09-20T02:04:18.869830,Mistral-7B,SLM,7B,ollama,29,"I've tried several brands and flavors of ground coffee from Amazon, and this is ...",POSITIVE,product_review_sentiment,unspecified,3,POSITIVE,True,3894, POSITIVE,
2026-09-20T02:04:28.117120,Mistral-7B,SLM,7B,ollama,30,"My dog is relatively picky when it comes to treats, but she loves these. They do...",POSITIVE,product_review_sentiment,unspecified,1,POSITIVE,True,7599, POSITIVE,
2026-09-20T02:04:33.696913,Mistral-7B,SLM,7B,ollama,30,"My dog is relatively picky when it comes to treats, but she loves these. They do...",POSITIVE,product_review_sentiment,unspecified,2,POSITIVE,True,3602, POSITIVE,
2026-09-20T02:04:39.828636,Mistral-7B,SLM,7B,ollama,30,"My dog is relatively picky when it comes to treats, but she loves these. They do...",POSITIVE,product_review_sentiment,unspecified,3,POSITIVE,True,4433, POSITIVE,
2026-09-20T02:05:56.047502,Llama-3.1-8B,SLM,8B,ollama,1,"Having tried a couple of other brands of gluten-free sandwich cookies, these are...",POSITIVE,product_review_sentiment,unspecified,1,POSITIVE,True,68888,POSITIVE,
2026-09-20T02:06:01.416735,Llama-3.1-8B,SLM,8B,ollama,1,"Having tried a couple of other brands of gluten-free sandwich cookies, these are...",POSITIVE,product_review_sentiment,unspecified,2,POSITIVE,True,3628,POSITIVE,
2026-09-20T02:06:06.917307,Llama-3.1-8B,SLM,8B,ollama,1,"Having tried a couple of other brands of gluten-free sandwich cookies, these are...",POSITIVE,product_review_sentiment,unspecified,3,POSITIVE,True,3728,POSITIVE,
2026-09-20T02:06:22.859681,Llama-3.1-8B,SLM,8B,ollama,2,"My cat loves these treats. If ever I can't find her in the house, I just pop the...",POSITIVE,product_review_sentiment,unspecified,1,POSITIVE,True,14320,POSITIVE,
2026-09-20T02:06:28.184458,Llama-3.1-8B,SLM,8B,ollama,2,"My cat loves these treats. If ever I can't find her in the house, I just pop the...",POSITIVE,product_review_sentiment,unspecified,2,POSITIVE,True,3582,POSITIVE,
2026-09-20T02:06:33.641701,Llama-3.1-8B,SLM,8B,ollama,2,"My cat loves these treats. If ever I can't find her in the house, I just pop the...",POSITIVE,product_review_sentiment,unspecified,3,POSITIVE,True,3807,POSITIVE,
2026-09-20T02:06:42.852369,Llama-3.1-8B,SLM,8B,ollama,3,A little less than I expected.  It tends to have a muddy taste - not what I expe...,NEUTRAL,product_review_sentiment,unspecified,1,NEGATIVE,False,7464,NEGATIVE,
2026-09-20T02:06:47.852962,Llama-3.1-8B,SLM,8B,ollama,3,A little less than I expected.  It tends to have a muddy taste - not what I expe...,NEUTRAL,product_review_sentiment,unspecified,2,NEGATIVE,False,3285,NEGATIVE,
2026-09-20T02:06:53.201207,Llama-3.1-8B,SLM,8B,ollama,3,A little less than I expected.  It tends to have a muddy taste - not what I expe...,NEUTRAL,product_review_sentiment,unspecified,3,NEGATIVE,False,3645,NEGATIVE,
2026-09-20T02:07:10.280556,Llama-3.1-8B,SLM,8B,ollama,4,"First there was Frosted Mini-Wheats, in original size, then there was Frosted Mi...",NEGATIVE,product_review_sentiment,unspecified,1,NEUTRAL,False,15398,NEUTRAL,
2026-09-20T02:07:15.990451,Llama-3.1-8B,SLM,8B,ollama,4,"First there was Frosted Mini-Wheats, in original size, then there was Frosted Mi...",NEGATIVE,product_review_sentiment,unspecified,2,NEUTRAL,False,4020,NEUTRAL,
2026-09-20T02:07:21.415547,Llama-3.1-8B,SLM,8B,ollama,4,"First there was Frosted Mini-Wheats, in original size, then there was Frosted Mi...",NEGATIVE,product_review_sentiment,unspecified,3,NEUTRAL,False,3786,NEUTRAL,
2026-09-20T02:07:44.317721,Llama-3.1-8B,SLM,8B,ollama,5,and I want to congratulate the graphic artist for putting the entire product nam...,POSITIVE,product_review_sentiment,unspecified,1,POSITIVE,True,21191,POSITIVE,
2026-09-20T02:07:54.826418,Llama-3.1-8B,SLM,8B,ollama,5,and I want to congratulate the graphic artist for putting the entire product nam...,POSITIVE,product_review_sentiment,unspecified,2,POSITIVE,True,8278,POSITIVE,
2026-09-20T02:08:01.959477,Llama-3.1-8B,SLM,8B,ollama,5,and I want to congratulate the graphic artist for putting the entire product nam...,POSITIVE,product_review_sentiment,unspecified,3,POSITIVE,True,5416,POSITIVE,
2026-09-20T02:08:13.236232,Llama-3.1-8B,SLM,8B,ollama,6,"Please add more Pineapple flavor to your packages of lifesavers, in fact, can yo...",POSITIVE,product_review_sentiment,unspecified,1,NEUTRAL,False,9581,NEUTRAL,
2026-09-20T02:08:18.919145,Llama-3.1-8B,SLM,8B,ollama,6,"Please add more Pineapple flavor to your packages of lifesavers, in fact, can yo...",POSITIVE,product_review_sentiment,unspecified,2,NEUTRAL,False,3987,NEUTRAL,
2026-09-20T02:08:24.432952,Llama-3.1-8B,SLM,8B,ollama,6,"Please add more Pineapple flavor to your packages of lifesavers, in fact, can yo...",POSITIVE,product_review_sentiment,unspecified,3,NEUTRAL,False,3844,NEUTRAL,
2026-09-20T02:08:33.795221,Llama-3.1-8B,SLM,8B,ollama,7,I absolutely love Yorkshire tea and am so glad it is now available on Amazon!  A...,POSITIVE,product_review_sentiment,unspecified,1,POSITIVE,True,7718,POSITIVE,
2026-09-20T02:08:39.103464,Llama-3.1-8B,SLM,8B,ollama,7,I absolutely love Yorkshire tea and am so glad it is now available on Amazon!  A...,POSITIVE,product_review_sentiment,unspecified,2,POSITIVE,True,3645,POSITIVE,
2026-09-20T02:08:44.224850,Llama-3.1-8B,SLM,8B,ollama,7,I absolutely love Yorkshire tea and am so glad it is now available on Amazon!  A...,POSITIVE,product_review_sentiment,unspecified,3,POSITIVE,True,3498,POSITIVE,
2026-09-20T02:08:54.846675,Llama-3.1-8B,SLM,8B,ollama,8,I have such a hard time finding loose tea locally. Being able to order my favori...,POSITIVE,product_review_sentiment,unspecified,1,POSITIVE,True,8919,POSITIVE,
2026-09-20T02:08:59.865025,Llama-3.1-8B,SLM,8B,ollama,8,I have such a hard time finding loose tea locally. Being able to order my favori...,POSITIVE,product_review_sentiment,unspecified,2,POSITIVE,True,3346,POSITIVE,
2026-09-20T02:09:05.183112,Llama-3.1-8B,SLM,8B,ollama,8,I have such a hard time finding loose tea locally. Being able to order my favori...,POSITIVE,product_review_sentiment,unspecified,3,POSITIVE,True,3639,POSITIVE,
2026-09-20T02:09:25.192752,Llama-3.1-8B,SLM,8B,ollama,9,"Previously, I've attempted a recipe with white rice noodles and overcooked them,...",POSITIVE,product_review_sentiment,unspecified,1,NEUTRAL,False,18344,NEUTRAL,
2026-09-20T02:09:31.388533,Llama-3.1-8B,SLM,8B,ollama,9,"Previously, I've attempted a recipe with white rice noodles and overcooked them,...",POSITIVE,product_review_sentiment,unspecified,2,NEUTRAL,False,4462,NEUTRAL,
2026-09-20T02:09:36.737260,Llama-3.1-8B,SLM,8B,ollama,9,"Previously, I've attempted a recipe with white rice noodles and overcooked them,...",POSITIVE,product_review_sentiment,unspecified,3,NEUTRAL,False,3710,NEUTRAL,
2026-09-20T02:09:54.625821,Llama-3.1-8B,SLM,8B,ollama,10,"I make pancakes or waffles every Saturday morning with my kids, and there simply...",POSITIVE,product_review_sentiment,unspecified,1,POSITIVE,True,16227,POSITIVE,
2026-09-20T02:09:59.742232,Llama-3.1-8B,SLM,8B,ollama,10,"I make pancakes or waffles every Saturday morning with my kids, and there simply...",POSITIVE,product_review_sentiment,unspecified,2,POSITIVE,True,3395,POSITIVE,
2026-09-20T02:10:05.302503,Llama-3.1-8B,SLM,8B,ollama,10,"I make pancakes or waffles every Saturday morning with my kids, and there simply...",POSITIVE,product_review_sentiment,unspecified,3,POSITIVE,True,3857,POSITIVE,
2026-09-20T02:10:33.995971,Llama-3.1-8B,SLM,8B,ollama,11,I am a lover of coffee and will try almost any coffee product once. I own a coff...,POSITIVE,product_review_sentiment,unspecified,1,POSITIVE,True,27017,POSITIVE,
2026-09-20T02:10:41.391594,Llama-3.1-8B,SLM,8B,ollama,11,I am a lover of coffee and will try almost any coffee product once. I own a coff...,POSITIVE,product_review_sentiment,unspecified,2,POSITIVE,True,5624,POSITIVE,
2026-09-20T02:10:46.920439,Llama-3.1-8B,SLM,8B,ollama,11,I am a lover of coffee and will try almost any coffee product once. I own a coff...,POSITIVE,product_review_sentiment,unspecified,3,POSITIVE,True,3799,POSITIVE,
2026-09-20T02:10:56.518914,Llama-3.1-8B,SLM,8B,ollama,12,In the UK this is one of the most popular chocolate bars.  It is a light honeyco...,POSITIVE,product_review_sentiment,unspecified,1,POSITIVE,True,7899,POSITIVE,
2026-09-20T02:11:01.466813,Llama-3.1-8B,SLM,8B,ollama,12,In the UK this is one of the most popular chocolate bars.  It is a light honeyco...,POSITIVE,product_review_sentiment,unspecified,2,POSITIVE,True,3303,POSITIVE,
2026-09-20T02:11:06.854424,Llama-3.1-8B,SLM,8B,ollama,12,In the UK this is one of the most popular chocolate bars.  It is a light honeyco...,POSITIVE,product_review_sentiment,unspecified,3,POSITIVE,True,3654,POSITIVE,
2026-09-20T02:11:18.587088,Llama-3.1-8B,SLM,8B,ollama,13,My daughter bought a Keurig coffee maker for my husband for Christmas. His favor...,POSITIVE,product_review_sentiment,unspecified,1,POSITIVE,True,10112,POSITIVE,
2026-09-20T02:11:23.255930,Llama-3.1-8B,SLM,8B,ollama,13,My daughter bought a Keurig coffee maker for my husband for Christmas. His favor...,POSITIVE,product_review_sentiment,unspecified,2,POSITIVE,True,2995,POSITIVE,
2026-09-20T02:11:28.165319,Llama-3.1-8B,SLM,8B,ollama,13,My daughter bought a Keurig coffee maker for my husband for Christmas. His favor...,POSITIVE,product_review_sentiment,unspecified,3,POSITIVE,True,3298,POSITIVE,
2026-09-20T02:11:36.815514,Llama-3.1-8B,SLM,8B,ollama,14,Comparable flavor to Starbucks and cost much less. I don't know why anyone would...,POSITIVE,product_review_sentiment,unspecified,1,POSITIVE,True,6950,POSITIVE,
2026-09-20T02:11:42.236036,Llama-3.1-8B,SLM,8B,ollama,14,Comparable flavor to Starbucks and cost much less. I don't know why anyone would...,POSITIVE,product_review_sentiment,unspecified,2,POSITIVE,True,3649,POSITIVE,
2026-09-20T02:11:47.011446,Llama-3.1-8B,SLM,8B,ollama,14,Comparable flavor to Starbucks and cost much less. I don't know why anyone would...,POSITIVE,product_review_sentiment,unspecified,3,POSITIVE,True,3137,POSITIVE,
2026-09-20T02:11:58.923554,Llama-3.1-8B,SLM,8B,ollama,15,Simply awful.  This product should be taken off the market immediately.  They di...,NEGATIVE,product_review_sentiment,unspecified,1,NEGATIVE,True,10203,NEGATIVE,
2026-09-20T02:12:03.858494,Llama-3.1-8B,SLM,8B,ollama,15,Simply awful.  This product should be taken off the market immediately.  They di...,NEGATIVE,product_review_sentiment,unspecified,2,NEGATIVE,True,3238,NEGATIVE,
2026-09-20T02:12:09.362360,Llama-3.1-8B,SLM,8B,ollama,15,Simply awful.  This product should be taken off the market immediately.  They di...,NEGATIVE,product_review_sentiment,unspecified,3,NEGATIVE,True,3743,NEGATIVE,
2026-09-20T02:12:27.736461,Llama-3.1-8B,SLM,8B,ollama,16,I would give it.  This hot sauce is the best hot sauce that has ever been made w...,POSITIVE,product_review_sentiment,unspecified,1,POSITIVE,True,16639,POSITIVE,
2026-09-20T02:12:33.044869,Llama-3.1-8B,SLM,8B,ollama,16,I would give it.  This hot sauce is the best hot sauce that has ever been made w...,POSITIVE,product_review_sentiment,unspecified,2,POSITIVE,True,3606,POSITIVE,
2026-09-20T02:12:37.843845,Llama-3.1-8B,SLM,8B,ollama,16,I would give it.  This hot sauce is the best hot sauce that has ever been made w...,POSITIVE,product_review_sentiment,unspecified,3,POSITIVE,True,3136,POSITIVE,
2026-09-20T02:13:01.841294,Llama-3.1-8B,SLM,8B,ollama,17,Luckily this is available locally so I got to try it without ordering a whole ca...,POSITIVE,product_review_sentiment,unspecified,1,POSITIVE,True,22288,POSITIVE,
2026-09-20T02:13:07.380454,Llama-3.1-8B,SLM,8B,ollama,17,Luckily this is available locally so I got to try it without ordering a whole ca...,POSITIVE,product_review_sentiment,unspecified,2,POSITIVE,True,3812,POSITIVE,
2026-09-20T02:13:12.413917,Llama-3.1-8B,SLM,8B,ollama,17,Luckily this is available locally so I got to try it without ordering a whole ca...,POSITIVE,product_review_sentiment,unspecified,3,POSITIVE,True,3347,POSITIVE,
2026-09-20T02:13:33.970009,Llama-3.1-8B,SLM,8B,ollama,18,This oatmeal is great.  I eat it almost every morning.  The brands in the stores...,POSITIVE,product_review_sentiment,unspecified,1,POSITIVE,True,19827,POSITIVE,
2026-09-20T02:13:41.366956,Llama-3.1-8B,SLM,8B,ollama,18,This oatmeal is great.  I eat it almost every morning.  The brands in the stores...,POSITIVE,product_review_sentiment,unspecified,2,POSITIVE,True,5575,POSITIVE,
2026-09-20T02:13:46.158087,Llama-3.1-8B,SLM,8B,ollama,18,This oatmeal is great.  I eat it almost every morning.  The brands in the stores...,POSITIVE,product_review_sentiment,unspecified,3,POSITIVE,True,3032,POSITIVE,
2026-09-20T02:13:57.030409,Llama-3.1-8B,SLM,8B,ollama,19,Satin Ice is the best tasting fondant I can find on the market.  It's a little m...,POSITIVE,product_review_sentiment,unspecified,1,POSITIVE,True,9260,POSITIVE,
2026-09-20T02:14:02.075219,Llama-3.1-8B,SLM,8B,ollama,19,Satin Ice is the best tasting fondant I can find on the market.  It's a little m...,POSITIVE,product_review_sentiment,unspecified,2,POSITIVE,True,3417,POSITIVE,
2026-09-20T02:14:07.529924,Llama-3.1-8B,SLM,8B,ollama,19,Satin Ice is the best tasting fondant I can find on the market.  It's a little m...,POSITIVE,product_review_sentiment,unspecified,3,POSITIVE,True,3778,POSITIVE,
2026-09-20T02:14:17.729762,Llama-3.1-8B,SLM,8B,ollama,20,I bought this for my 73 year old dad he had seen it on a commercial and thought ...,POSITIVE,product_review_sentiment,unspecified,1,POSITIVE,True,8535,POSITIVE,
2026-09-20T02:14:23.191007,Llama-3.1-8B,SLM,8B,ollama,20,I bought this for my 73 year old dad he had seen it on a commercial and thought ...,POSITIVE,product_review_sentiment,unspecified,2,POSITIVE,True,3718,POSITIVE,
2026-09-20T02:14:28.514578,Llama-3.1-8B,SLM,8B,ollama,20,I bought this for my 73 year old dad he had seen it on a commercial and thought ...,POSITIVE,product_review_sentiment,unspecified,3,POSITIVE,True,3643,POSITIVE,
2026-09-20T02:14:40.509459,Llama-3.1-8B,SLM,8B,ollama,21,I never saw this gift basket myself nor tried any goodies from it. I bought it t...,POSITIVE,product_review_sentiment,unspecified,1,POSITIVE,True,10345,POSITIVE,
2026-09-20T02:14:45.420942,Llama-3.1-8B,SLM,8B,ollama,21,I never saw this gift basket myself nor tried any goodies from it. I bought it t...,POSITIVE,product_review_sentiment,unspecified,2,POSITIVE,True,3156,POSITIVE,
2026-09-20T02:14:50.925500,Llama-3.1-8B,SLM,8B,ollama,21,I never saw this gift basket myself nor tried any goodies from it. I bought it t...,POSITIVE,product_review_sentiment,unspecified,3,POSITIVE,True,3851,POSITIVE,
2026-09-20T02:15:02.598925,Llama-3.1-8B,SLM,8B,ollama,22,Unbeatable little tool for making shredded green papaya salad.  I use it to shre...,POSITIVE,product_review_sentiment,unspecified,1,POSITIVE,True,10033,POSITIVE,
2026-09-20T02:15:07.831343,Llama-3.1-8B,SLM,8B,ollama,22,Unbeatable little tool for making shredded green papaya salad.  I use it to shre...,POSITIVE,product_review_sentiment,unspecified,2,POSITIVE,True,3551,POSITIVE,
2026-09-20T02:15:13.141641,Llama-3.1-8B,SLM,8B,ollama,22,Unbeatable little tool for making shredded green papaya salad.  I use it to shre...,POSITIVE,product_review_sentiment,unspecified,3,POSITIVE,True,3659,POSITIVE,
2026-09-20T02:15:23.883139,Llama-3.1-8B,SLM,8B,ollama,23,It sure would be nice if they stated ANYWHERE in the description of this coffee ...,NEGATIVE,product_review_sentiment,unspecified,1,NEGATIVE,True,9016,NEGATIVE,
2026-09-20T02:15:29.283415,Llama-3.1-8B,SLM,8B,ollama,23,It sure would be nice if they stated ANYWHERE in the description of this coffee ...,NEGATIVE,product_review_sentiment,unspecified,2,NEGATIVE,True,3675,NEGATIVE,
2026-09-20T02:15:34.033942,Llama-3.1-8B,SLM,8B,ollama,23,It sure would be nice if they stated ANYWHERE in the description of this coffee ...,NEGATIVE,product_review_sentiment,unspecified,3,NEGATIVE,True,2995,NEGATIVE,
2026-09-20T02:15:53.790227,Llama-3.1-8B,SLM,8B,ollama,24,I had a salad in a restaurant for lunch and went crazy over the  roasted raspber...,POSITIVE,product_review_sentiment,unspecified,1,POSITIVE,True,18024,POSITIVE,
2026-09-20T02:15:59.664047,Llama-3.1-8B,SLM,8B,ollama,24,I had a salad in a restaurant for lunch and went crazy over the  roasted raspber...,POSITIVE,product_review_sentiment,unspecified,2,POSITIVE,True,4067,POSITIVE,
2026-09-20T02:16:04.988368,Llama-3.1-8B,SLM,8B,ollama,24,I had a salad in a restaurant for lunch and went crazy over the  roasted raspber...,POSITIVE,product_review_sentiment,unspecified,3,POSITIVE,True,3636,POSITIVE,
2026-09-20T02:16:15.380632,Llama-3.1-8B,SLM,8B,ollama,25,I was so happy to see this deal. I recently have been using alot of pumpkin. I w...,POSITIVE,product_review_sentiment,unspecified,1,POSITIVE,True,8625,POSITIVE,
2026-09-20T02:16:20.815681,Llama-3.1-8B,SLM,8B,ollama,25,I was so happy to see this deal. I recently have been using alot of pumpkin. I w...,POSITIVE,product_review_sentiment,unspecified,2,POSITIVE,True,3742,POSITIVE,
2026-09-20T02:16:26.224546,Llama-3.1-8B,SLM,8B,ollama,25,I was so happy to see this deal. I recently have been using alot of pumpkin. I w...,POSITIVE,product_review_sentiment,unspecified,3,POSITIVE,True,3727,POSITIVE,
2026-09-20T02:16:39.729326,Llama-3.1-8B,SLM,8B,ollama,26,"Very hot, but smooth, great consistancy, for use with most Korean cusine. Just a...",POSITIVE,product_review_sentiment,unspecified,1,POSITIVE,True,11887,POSITIVE,
2026-09-20T02:16:45.371991,Llama-3.1-8B,SLM,8B,ollama,26,"Very hot, but smooth, great consistancy, for use with most Korean cusine. Just a...",POSITIVE,product_review_sentiment,unspecified,2,POSITIVE,True,3930,POSITIVE,
2026-09-20T02:16:55.100937,Llama-3.1-8B,SLM,8B,ollama,26,"Very hot, but smooth, great consistancy, for use with most Korean cusine. Just a...",POSITIVE,product_review_sentiment,unspecified,3,POSITIVE,True,8008,POSITIVE,
2026-09-20T02:17:09.851202,Llama-3.1-8B,SLM,8B,ollama,27,"Okay, I jumped the gun, because they were sending me the review information, bef...",POSITIVE,product_review_sentiment,unspecified,1,NEUTRAL,False,13074,NEUTRAL,
2026-09-20T02:17:15.558162,Llama-3.1-8B,SLM,8B,ollama,27,"Okay, I jumped the gun, because they were sending me the review information, bef...",POSITIVE,product_review_sentiment,unspecified,2,NEUTRAL,False,3950,NEUTRAL,
2026-09-20T02:17:20.795141,Llama-3.1-8B,SLM,8B,ollama,27,"Okay, I jumped the gun, because they were sending me the review information, bef...",POSITIVE,product_review_sentiment,unspecified,3,NEUTRAL,False,3500,NEUTRAL,
2026-09-20T02:17:43.287678,Llama-3.1-8B,SLM,8B,ollama,28,"Disappointingly, this is IMITATION Almond Extract and a terrible value.  The $0....",NEGATIVE,product_review_sentiment,unspecified,1,NEGATIVE,True,20805,NEGATIVE,
2026-09-20T02:17:48.759523,Llama-3.1-8B,SLM,8B,ollama,28,"Disappointingly, this is IMITATION Almond Extract and a terrible value.  The $0....",NEGATIVE,product_review_sentiment,unspecified,2,NEGATIVE,True,3729,NEGATIVE,
2026-09-20T02:17:53.910233,Llama-3.1-8B,SLM,8B,ollama,28,"Disappointingly, this is IMITATION Almond Extract and a terrible value.  The $0....",NEGATIVE,product_review_sentiment,unspecified,3,NEGATIVE,True,3421,NEGATIVE,
2026-09-20T02:18:17.518232,Llama-3.1-8B,SLM,8B,ollama,29,"I've tried several brands and flavors of ground coffee from Amazon, and this is ...",POSITIVE,product_review_sentiment,unspecified,1,POSITIVE,True,21857,POSITIVE,
2026-09-20T02:18:23.071717,Llama-3.1-8B,SLM,8B,ollama,29,"I've tried several brands and flavors of ground coffee from Amazon, and this is ...",POSITIVE,product_review_sentiment,unspecified,2,POSITIVE,True,3817,POSITIVE,
2026-09-20T02:18:28.042500,Llama-3.1-8B,SLM,8B,ollama,29,"I've tried several brands and flavors of ground coffee from Amazon, and this is ...",POSITIVE,product_review_sentiment,unspecified,3,POSITIVE,True,3238,POSITIVE,
2026-09-20T02:18:38.041704,Llama-3.1-8B,SLM,8B,ollama,30,"My dog is relatively picky when it comes to treats, but she loves these. They do...",POSITIVE,product_review_sentiment,unspecified,1,POSITIVE,True,8321,POSITIVE,
2026-09-20T02:18:43.103561,Llama-3.1-8B,SLM,8B,ollama,30,"My dog is relatively picky when it comes to treats, but she loves these. They do...",POSITIVE,product_review_sentiment,unspecified,2,POSITIVE,True,3389,POSITIVE,
2026-09-20T02:18:48.249055,Llama-3.1-8B,SLM,8B,ollama,30,"My dog is relatively picky when it comes to treats, but she loves these. They do...",POSITIVE,product_review_sentiment,unspecified,3,POSITIVE,True,3462,POSITIVE,
2026-09-20T02:18:57.033623,GPT-OSS-120B,LLM,70B,groq,1,"Having tried a couple of other brands of gluten-free sandwich cookies, these are...",POSITIVE,product_review_sentiment,unspecified,1,POSITIVE,True,964,POSITIVE,
2026-09-20T02:19:00.145562,GPT-OSS-120B,LLM,70B,groq,1,"Having tried a couple of other brands of gluten-free sandwich cookies, these are...",POSITIVE,product_review_sentiment,unspecified,2,POSITIVE,True,402,POSITIVE,
2026-09-20T02:19:03.198208,GPT-OSS-120B,LLM,70B,groq,1,"Having tried a couple of other brands of gluten-free sandwich cookies, these are...",POSITIVE,product_review_sentiment,unspecified,3,POSITIVE,True,357,POSITIVE,
2026-09-20T02:19:06.286225,GPT-OSS-120B,LLM,70B,groq,2,"My cat loves these treats. If ever I can't find her in the house, I just pop the...",POSITIVE,product_review_sentiment,unspecified,1,POSITIVE,True,407,POSITIVE,
2026-09-20T02:19:09.625894,GPT-OSS-120B,LLM,70B,groq,2,"My cat loves these treats. If ever I can't find her in the house, I just pop the...",POSITIVE,product_review_sentiment,unspecified,2,POSITIVE,True,724,POSITIVE,
2026-09-20T02:19:12.535328,GPT-OSS-120B,LLM,70B,groq,2,"My cat loves these treats. If ever I can't find her in the house, I just pop the...",POSITIVE,product_review_sentiment,unspecified,3,POSITIVE,True,295,POSITIVE,
2026-09-20T02:19:15.478878,GPT-OSS-120B,LLM,70B,groq,3,A little less than I expected.  It tends to have a muddy taste - not what I expe...,NEUTRAL,product_review_sentiment,unspecified,1,NEGATIVE,False,318,NEGATIVE,
2026-09-20T02:19:18.443039,GPT-OSS-120B,LLM,70B,groq,3,A little less than I expected.  It tends to have a muddy taste - not what I expe...,NEUTRAL,product_review_sentiment,unspecified,2,NEGATIVE,False,351,NEGATIVE,
2026-09-20T02:19:21.386521,GPT-OSS-120B,LLM,70B,groq,3,A little less than I expected.  It tends to have a muddy taste - not what I expe...,NEUTRAL,product_review_sentiment,unspecified,3,NEGATIVE,False,322,NEGATIVE,
2026-09-20T02:19:24.633382,GPT-OSS-120B,LLM,70B,groq,4,"First there was Frosted Mini-Wheats, in original size, then there was Frosted Mi...",NEGATIVE,product_review_sentiment,unspecified,1,NEGATIVE,True,555,NEGATIVE,
2026-09-20T02:19:27.756290,GPT-OSS-120B,LLM,70B,groq,4,"First there was Frosted Mini-Wheats, in original size, then there was Frosted Mi...",NEGATIVE,product_review_sentiment,unspecified,2,NEGATIVE,True,485,NEGATIVE,
2026-09-20T02:19:30.857230,GPT-OSS-120B,LLM,70B,groq,4,"First there was Frosted Mini-Wheats, in original size, then there was Frosted Mi...",NEGATIVE,product_review_sentiment,unspecified,3,NEGATIVE,True,489,NEGATIVE,
2026-09-20T02:19:34.023446,GPT-OSS-120B,LLM,70B,groq,5,and I want to congratulate the graphic artist for putting the entire product nam...,POSITIVE,product_review_sentiment,unspecified,1,POSITIVE,True,547,POSITIVE,
2026-09-20T02:19:36.949800,GPT-OSS-120B,LLM,70B,groq,5,and I want to congratulate the graphic artist for putting the entire product nam...,POSITIVE,product_review_sentiment,unspecified,2,POSITIVE,True,311,POSITIVE,
2026-09-20T02:19:39.915540,GPT-OSS-120B,LLM,70B,groq,5,and I want to congratulate the graphic artist for putting the entire product nam...,POSITIVE,product_review_sentiment,unspecified,3,POSITIVE,True,338,POSITIVE,
2026-09-20T02:19:42.982022,GPT-OSS-120B,LLM,70B,groq,6,"Please add more Pineapple flavor to your packages of lifesavers, in fact, can yo...",POSITIVE,product_review_sentiment,unspecified,1,NEUTRAL,False,388,NEUTRAL,
2026-09-20T02:19:46.017306,GPT-OSS-120B,LLM,70B,groq,6,"Please add more Pineapple flavor to your packages of lifesavers, in fact, can yo...",POSITIVE,product_review_sentiment,unspecified,2,NEUTRAL,False,410,NEUTRAL,
2026-09-20T02:19:49.060115,GPT-OSS-120B,LLM,70B,groq,6,"Please add more Pineapple flavor to your packages of lifesavers, in fact, can yo...",POSITIVE,product_review_sentiment,unspecified,3,NEUTRAL,False,390,NEUTRAL,
2026-09-20T02:19:52.022940,GPT-OSS-120B,LLM,70B,groq,7,I absolutely love Yorkshire tea and am so glad it is now available on Amazon!  A...,POSITIVE,product_review_sentiment,unspecified,1,POSITIVE,True,324,POSITIVE,
2026-09-20T02:19:54.966506,GPT-OSS-120B,LLM,70B,groq,7,I absolutely love Yorkshire tea and am so glad it is now available on Amazon!  A...,POSITIVE,product_review_sentiment,unspecified,2,POSITIVE,True,330,POSITIVE,
2026-09-20T02:19:57.818944,GPT-OSS-120B,LLM,70B,groq,7,I absolutely love Yorkshire tea and am so glad it is now available on Amazon!  A...,POSITIVE,product_review_sentiment,unspecified,3,POSITIVE,True,241,POSITIVE,
2026-09-20T02:20:00.921678,GPT-OSS-120B,LLM,70B,groq,8,I have such a hard time finding loose tea locally. Being able to order my favori...,POSITIVE,product_review_sentiment,unspecified,1,POSITIVE,True,472,POSITIVE,
2026-09-20T02:20:03.889186,GPT-OSS-120B,LLM,70B,groq,8,I have such a hard time finding loose tea locally. Being able to order my favori...,POSITIVE,product_review_sentiment,unspecified,2,POSITIVE,True,361,POSITIVE,
2026-09-20T02:20:06.958286,GPT-OSS-120B,LLM,70B,groq,8,I have such a hard time finding loose tea locally. Being able to order my favori...,POSITIVE,product_review_sentiment,unspecified,3,POSITIVE,True,415,POSITIVE,
2026-09-20T02:20:10.155095,GPT-OSS-120B,LLM,70B,groq,9,"Previously, I've attempted a recipe with white rice noodles and overcooked them,...",POSITIVE,product_review_sentiment,unspecified,1,INVALID,False,568,,
2026-09-20T02:20:13.323693,GPT-OSS-120B,LLM,70B,groq,9,"Previously, I've attempted a recipe with white rice noodles and overcooked them,...",POSITIVE,product_review_sentiment,unspecified,2,INVALID,False,496,,
2026-09-20T02:20:16.421201,GPT-OSS-120B,LLM,70B,groq,9,"Previously, I've attempted a recipe with white rice noodles and overcooked them,...",POSITIVE,product_review_sentiment,unspecified,3,INVALID,False,404,,
2026-09-20T02:20:19.489510,GPT-OSS-120B,LLM,70B,groq,10,"I make pancakes or waffles every Saturday morning with my kids, and there simply...",POSITIVE,product_review_sentiment,unspecified,1,POSITIVE,True,395,POSITIVE,
2026-09-20T02:20:22.631059,GPT-OSS-120B,LLM,70B,groq,10,"I make pancakes or waffles every Saturday morning with my kids, and there simply...",POSITIVE,product_review_sentiment,unspecified,2,POSITIVE,True,502,POSITIVE,
2026-09-20T02:20:25.795597,GPT-OSS-120B,LLM,70B,groq,10,"I make pancakes or waffles every Saturday morning with my kids, and there simply...",POSITIVE,product_review_sentiment,unspecified,3,POSITIVE,True,381,POSITIVE,
2026-09-20T02:20:28.918538,GPT-OSS-120B,LLM,70B,groq,11,I am a lover of coffee and will try almost any coffee product once. I own a coff...,POSITIVE,product_review_sentiment,unspecified,1,POSITIVE,True,463,POSITIVE,
2026-09-20T02:20:32.094578,GPT-OSS-120B,LLM,70B,groq,11,I am a lover of coffee and will try almost any coffee product once. I own a coff...,POSITIVE,product_review_sentiment,unspecified,2,POSITIVE,True,531,POSITIVE,
2026-09-20T02:20:35.154911,GPT-OSS-120B,LLM,70B,groq,11,I am a lover of coffee and will try almost any coffee product once. I own a coff...,POSITIVE,product_review_sentiment,unspecified,3,POSITIVE,True,434,POSITIVE,
2026-09-20T02:20:38.182560,GPT-OSS-120B,LLM,70B,groq,12,In the UK this is one of the most popular chocolate bars.  It is a light honeyco...,POSITIVE,product_review_sentiment,unspecified,1,POSITIVE,True,388,POSITIVE,
2026-09-20T02:20:41.199030,GPT-OSS-120B,LLM,70B,groq,12,In the UK this is one of the most popular chocolate bars.  It is a light honeyco...,POSITIVE,product_review_sentiment,unspecified,2,POSITIVE,True,386,POSITIVE,
2026-09-20T02:20:44.292757,GPT-OSS-120B,LLM,70B,groq,12,In the UK this is one of the most popular chocolate bars.  It is a light honeyco...,POSITIVE,product_review_sentiment,unspecified,3,POSITIVE,True,458,POSITIVE,
2026-09-20T02:20:47.329643,GPT-OSS-120B,LLM,70B,groq,13,My daughter bought a Keurig coffee maker for my husband for Christmas. His favor...,POSITIVE,product_review_sentiment,unspecified,1,POSITIVE,True,429,POSITIVE,
2026-09-20T02:20:50.426222,GPT-OSS-120B,LLM,70B,groq,13,My daughter bought a Keurig coffee maker for my husband for Christmas. His favor...,POSITIVE,product_review_sentiment,unspecified,2,POSITIVE,True,451,POSITIVE,
2026-09-20T02:20:53.566320,GPT-OSS-120B,LLM,70B,groq,13,My daughter bought a Keurig coffee maker for my husband for Christmas. His favor...,POSITIVE,product_review_sentiment,unspecified,3,POSITIVE,True,451,POSITIVE,
2026-09-20T02:20:56.655739,GPT-OSS-120B,LLM,70B,groq,14,Comparable flavor to Starbucks and cost much less. I don't know why anyone would...,POSITIVE,product_review_sentiment,unspecified,1,INVALID,False,491,,
2026-09-20T02:20:59.910229,GPT-OSS-120B,LLM,70B,groq,14,Comparable flavor to Starbucks and cost much less. I don't know why anyone would...,POSITIVE,product_review_sentiment,unspecified,2,POSITIVE,True,600,POSITIVE,
2026-09-20T02:21:03.126798,GPT-OSS-120B,LLM,70B,groq,14,Comparable flavor to Starbucks and cost much less. I don't know why anyone would...,POSITIVE,product_review_sentiment,unspecified,3,INVALID,False,549,,
2026-09-20T02:21:06.176901,GPT-OSS-120B,LLM,70B,groq,15,Simply awful.  This product should be taken off the market immediately.  They di...,NEGATIVE,product_review_sentiment,unspecified,1,NEGATIVE,True,390,NEGATIVE,
2026-09-20T02:21:09.193423,GPT-OSS-120B,LLM,70B,groq,15,Simply awful.  This product should be taken off the market immediately.  They di...,NEGATIVE,product_review_sentiment,unspecified,2,NEGATIVE,True,330,NEGATIVE,
2026-09-20T02:21:12.254224,GPT-OSS-120B,LLM,70B,groq,15,Simply awful.  This product should be taken off the market immediately.  They di...,NEGATIVE,product_review_sentiment,unspecified,3,NEGATIVE,True,381,NEGATIVE,
2026-09-20T02:21:15.384813,GPT-OSS-120B,LLM,70B,groq,16,I would give it.  This hot sauce is the best hot sauce that has ever been made w...,POSITIVE,product_review_sentiment,unspecified,1,POSITIVE,True,488,POSITIVE,
2026-09-20T02:21:18.440319,GPT-OSS-120B,LLM,70B,groq,16,I would give it.  This hot sauce is the best hot sauce that has ever been made w...,POSITIVE,product_review_sentiment,unspecified,2,POSITIVE,True,384,POSITIVE,
2026-09-20T02:21:21.674324,GPT-OSS-120B,LLM,70B,groq,16,I would give it.  This hot sauce is the best hot sauce that has ever been made w...,POSITIVE,product_review_sentiment,unspecified,3,POSITIVE,True,596,POSITIVE,
2026-09-20T02:21:24.778255,GPT-OSS-120B,LLM,70B,groq,17,Luckily this is available locally so I got to try it without ordering a whole ca...,POSITIVE,product_review_sentiment,unspecified,1,POSITIVE,True,469,POSITIVE,
2026-09-20T02:21:27.838825,GPT-OSS-120B,LLM,70B,groq,17,Luckily this is available locally so I got to try it without ordering a whole ca...,POSITIVE,product_review_sentiment,unspecified,2,POSITIVE,True,361,POSITIVE,
2026-09-20T02:21:30.875308,GPT-OSS-120B,LLM,70B,groq,17,Luckily this is available locally so I got to try it without ordering a whole ca...,POSITIVE,product_review_sentiment,unspecified,3,POSITIVE,True,333,POSITIVE,
2026-09-20T02:21:33.969041,GPT-OSS-120B,LLM,70B,groq,18,This oatmeal is great.  I eat it almost every morning.  The brands in the stores...,POSITIVE,product_review_sentiment,unspecified,1,POSITIVE,True,476,POSITIVE,
2026-09-20T02:21:37.186121,GPT-OSS-120B,LLM,70B,groq,18,This oatmeal is great.  I eat it almost every morning.  The brands in the stores...,POSITIVE,product_review_sentiment,unspecified,2,POSITIVE,True,553,POSITIVE,
2026-09-20T02:21:40.260335,GPT-OSS-120B,LLM,70B,groq,18,This oatmeal is great.  I eat it almost every morning.  The brands in the stores...,POSITIVE,product_review_sentiment,unspecified,3,POSITIVE,True,470,POSITIVE,
2026-09-20T02:21:43.424891,GPT-OSS-120B,LLM,70B,groq,19,Satin Ice is the best tasting fondant I can find on the market.  It's a little m...,POSITIVE,product_review_sentiment,unspecified,1,POSITIVE,True,490,POSITIVE,
2026-09-20T02:21:46.558918,GPT-OSS-120B,LLM,70B,groq,19,Satin Ice is the best tasting fondant I can find on the market.  It's a little m...,POSITIVE,product_review_sentiment,unspecified,2,POSITIVE,True,475,POSITIVE,
2026-09-20T02:21:49.659139,GPT-OSS-120B,LLM,70B,groq,19,Satin Ice is the best tasting fondant I can find on the market.  It's a little m...,POSITIVE,product_review_sentiment,unspecified,3,POSITIVE,True,465,POSITIVE,
2026-09-20T02:21:52.685141,GPT-OSS-120B,LLM,70B,groq,20,I bought this for my 73 year old dad he had seen it on a commercial and thought ...,POSITIVE,product_review_sentiment,unspecified,1,POSITIVE,True,328,POSITIVE,
2026-09-20T02:21:55.763970,GPT-OSS-120B,LLM,70B,groq,20,I bought this for my 73 year old dad he had seen it on a commercial and thought ...,POSITIVE,product_review_sentiment,unspecified,2,POSITIVE,True,387,POSITIVE,
2026-09-20T02:21:58.801493,GPT-OSS-120B,LLM,70B,groq,20,I bought this for my 73 year old dad he had seen it on a commercial and thought ...,POSITIVE,product_review_sentiment,unspecified,3,POSITIVE,True,387,POSITIVE,
2026-09-20T02:22:02.002461,GPT-OSS-120B,LLM,70B,groq,21,I never saw this gift basket myself nor tried any goodies from it. I bought it t...,POSITIVE,product_review_sentiment,unspecified,1,POSITIVE,True,555,POSITIVE,
2026-09-20T02:22:05.229808,GPT-OSS-120B,LLM,70B,groq,21,I never saw this gift basket myself nor tried any goodies from it. I bought it t...,POSITIVE,product_review_sentiment,unspecified,2,POSITIVE,True,525,POSITIVE,
2026-09-20T02:22:08.485682,GPT-OSS-120B,LLM,70B,groq,21,I never saw this gift basket myself nor tried any goodies from it. I bought it t...,POSITIVE,product_review_sentiment,unspecified,3,POSITIVE,True,584,POSITIVE,
2026-09-20T02:22:11.570938,GPT-OSS-120B,LLM,70B,groq,22,Unbeatable little tool for making shredded green papaya salad.  I use it to shre...,POSITIVE,product_review_sentiment,unspecified,1,POSITIVE,True,407,POSITIVE,
2026-09-20T02:22:14.716308,GPT-OSS-120B,LLM,70B,groq,22,Unbeatable little tool for making shredded green papaya salad.  I use it to shre...,POSITIVE,product_review_sentiment,unspecified,2,POSITIVE,True,428,POSITIVE,
2026-09-20T02:22:17.807109,GPT-OSS-120B,LLM,70B,groq,22,Unbeatable little tool for making shredded green papaya salad.  I use it to shre...,POSITIVE,product_review_sentiment,unspecified,3,POSITIVE,True,462,POSITIVE,
2026-09-20T02:22:20.943371,GPT-OSS-120B,LLM,70B,groq,23,It sure would be nice if they stated ANYWHERE in the description of this coffee ...,NEGATIVE,product_review_sentiment,unspecified,1,NEGATIVE,True,510,NEGATIVE,
2026-09-20T02:22:24.011365,GPT-OSS-120B,LLM,70B,groq,23,It sure would be nice if they stated ANYWHERE in the description of this coffee ...,NEGATIVE,product_review_sentiment,unspecified,2,NEGATIVE,True,447,NEGATIVE,
2026-09-20T02:22:27.148548,GPT-OSS-120B,LLM,70B,groq,23,It sure would be nice if they stated ANYWHERE in the description of this coffee ...,NEGATIVE,product_review_sentiment,unspecified,3,NEGATIVE,True,509,NEGATIVE,
2026-09-20T02:22:30.169871,GPT-OSS-120B,LLM,70B,groq,24,I had a salad in a restaurant for lunch and went crazy over the  roasted raspber...,POSITIVE,product_review_sentiment,unspecified,1,POSITIVE,True,424,POSITIVE,
2026-09-20T02:22:33.136352,GPT-OSS-120B,LLM,70B,groq,24,I had a salad in a restaurant for lunch and went crazy over the  roasted raspber...,POSITIVE,product_review_sentiment,unspecified,2,POSITIVE,True,302,POSITIVE,
2026-09-20T02:22:36.129910,GPT-OSS-120B,LLM,70B,groq,24,I had a salad in a restaurant for lunch and went crazy over the  roasted raspber...,POSITIVE,product_review_sentiment,unspecified,3,POSITIVE,True,350,POSITIVE,
2026-09-20T02:22:39.175601,GPT-OSS-120B,LLM,70B,groq,25,I was so happy to see this deal. I recently have been using alot of pumpkin. I w...,POSITIVE,product_review_sentiment,unspecified,1,POSITIVE,True,404,POSITIVE,
2026-09-20T02:22:42.082205,GPT-OSS-120B,LLM,70B,groq,25,I was so happy to see this deal. I recently have been using alot of pumpkin. I w...,POSITIVE,product_review_sentiment,unspecified,2,POSITIVE,True,290,POSITIVE,
2026-09-20T02:22:45.109906,GPT-OSS-120B,LLM,70B,groq,25,I was so happy to see this deal. I recently have been using alot of pumpkin. I w...,POSITIVE,product_review_sentiment,unspecified,3,POSITIVE,True,405,POSITIVE,
2026-09-20T02:22:48.261622,GPT-OSS-120B,LLM,70B,groq,26,"Very hot, but smooth, great consistancy, for use with most Korean cusine. Just a...",POSITIVE,product_review_sentiment,unspecified,1,POSITIVE,True,533,POSITIVE,
2026-09-20T02:22:51.532703,GPT-OSS-120B,LLM,70B,groq,26,"Very hot, but smooth, great consistancy, for use with most Korean cusine. Just a...",POSITIVE,product_review_sentiment,unspecified,2,POSITIVE,True,515,POSITIVE,
2026-09-20T02:22:54.727403,GPT-OSS-120B,LLM,70B,groq,26,"Very hot, but smooth, great consistancy, for use with most Korean cusine. Just a...",POSITIVE,product_review_sentiment,unspecified,3,POSITIVE,True,543,POSITIVE,
2026-09-20T02:22:57.848162,GPT-OSS-120B,LLM,70B,groq,27,"Okay, I jumped the gun, because they were sending me the review information, bef...",POSITIVE,product_review_sentiment,unspecified,1,NEUTRAL,False,489,NEUTRAL,
2026-09-20T02:23:01.261397,GPT-OSS-120B,LLM,70B,groq,27,"Okay, I jumped the gun, because they were sending me the review information, bef...",POSITIVE,product_review_sentiment,unspecified,2,NEUTRAL,False,676,NEUTRAL,
2026-09-20T02:23:04.267684,GPT-OSS-120B,LLM,70B,groq,27,"Okay, I jumped the gun, because they were sending me the review information, bef...",POSITIVE,product_review_sentiment,unspecified,3,NEUTRAL,False,362,NEUTRAL,
2026-09-20T02:23:07.326688,GPT-OSS-120B,LLM,70B,groq,28,"Disappointingly, this is IMITATION Almond Extract and a terrible value.  The $0....",NEGATIVE,product_review_sentiment,unspecified,1,NEGATIVE,True,403,NEGATIVE,
2026-09-20T02:23:10.307207,GPT-OSS-120B,LLM,70B,groq,28,"Disappointingly, this is IMITATION Almond Extract and a terrible value.  The $0....",NEGATIVE,product_review_sentiment,unspecified,2,NEGATIVE,True,315,NEGATIVE,
2026-09-20T02:23:13.418149,GPT-OSS-120B,LLM,70B,groq,28,"Disappointingly, this is IMITATION Almond Extract and a terrible value.  The $0....",NEGATIVE,product_review_sentiment,unspecified,3,NEGATIVE,True,407,NEGATIVE,
2026-09-20T02:23:16.431496,GPT-OSS-120B,LLM,70B,groq,29,"I've tried several brands and flavors of ground coffee from Amazon, and this is ...",POSITIVE,product_review_sentiment,unspecified,1,POSITIVE,True,340,POSITIVE,
2026-09-20T02:23:19.470704,GPT-OSS-120B,LLM,70B,groq,29,"I've tried several brands and flavors of ground coffee from Amazon, and this is ...",POSITIVE,product_review_sentiment,unspecified,2,POSITIVE,True,365,POSITIVE,
2026-09-20T02:23:22.657474,GPT-OSS-120B,LLM,70B,groq,29,"I've tried several brands and flavors of ground coffee from Amazon, and this is ...",POSITIVE,product_review_sentiment,unspecified,3,POSITIVE,True,492,POSITIVE,
2026-09-20T02:23:25.710909,GPT-OSS-120B,LLM,70B,groq,30,"My dog is relatively picky when it comes to treats, but she loves these. They do...",POSITIVE,product_review_sentiment,unspecified,1,POSITIVE,True,405,POSITIVE,
2026-09-20T02:23:28.783970,GPT-OSS-120B,LLM,70B,groq,30,"My dog is relatively picky when it comes to treats, but she loves these. They do...",POSITIVE,product_review_sentiment,unspecified,2,POSITIVE,True,403,POSITIVE,
2026-09-20T02:23:32.288238,GPT-OSS-120B,LLM,70B,groq,30,"My dog is relatively picky when it comes to treats, but she loves these. They do...",POSITIVE,product_review_sentiment,unspecified,3,POSITIVE,True,409,POSITIVE,
