timestamp,model_name,model_tier,model_params,provider,item_id,item_text,gold_label,category,difficulty,run_number,prediction,correct,latency_ms,raw_output,error
2026-09-20T14:29:08.380545,Llama-3.2-3B,SLM,3B,ollama,1,"[Contract: NETGEAR,INC_04_21_2003-EX-10.16-AMENDMENT TO THE DISTRIBUTOR AGREEMEN...",NOT PRESENT (Third Party Beneficiary),contract_clause_classification,unspecified,1,PRESENT,False,18494,PRESENT,
2026-09-20T14:29:12.440941,Llama-3.2-3B,SLM,3B,ollama,1,"[Contract: NETGEAR,INC_04_21_2003-EX-10.16-AMENDMENT TO THE DISTRIBUTOR AGREEMEN...",NOT PRESENT (Third Party Beneficiary),contract_clause_classification,unspecified,2,PRESENT,False,2382,PRESENT,
2026-09-20T14:29:16.323336,Llama-3.2-3B,SLM,3B,ollama,1,"[Contract: NETGEAR,INC_04_21_2003-EX-10.16-AMENDMENT TO THE DISTRIBUTOR AGREEMEN...",NOT PRESENT (Third Party Beneficiary),contract_clause_classification,unspecified,3,PRESENT,False,2304,PRESENT,
2026-09-20T14:29:21.693137,Llama-3.2-3B,SLM,3B,ollama,2,"[Contract: SIBANNAC,INC_12_04_2017-EX-2.1-Strategic Alliance Agreement] Does thi...",NOT PRESENT (Third Party Beneficiary),contract_clause_classification,unspecified,1,PRESENT,False,3777,PRESENT,
2026-09-20T14:29:25.627801,Llama-3.2-3B,SLM,3B,ollama,2,"[Contract: SIBANNAC,INC_12_04_2017-EX-2.1-Strategic Alliance Agreement] Does thi...",NOT PRESENT (Third Party Beneficiary),contract_clause_classification,unspecified,2,PRESENT,False,2341,PRESENT,
2026-09-20T14:29:29.558087,Llama-3.2-3B,SLM,3B,ollama,2,"[Contract: SIBANNAC,INC_12_04_2017-EX-2.1-Strategic Alliance Agreement] Does thi...",NOT PRESENT (Third Party Beneficiary),contract_clause_classification,unspecified,3,PRESENT,False,2343,PRESENT,
2026-09-20T14:29:35.334168,Llama-3.2-3B,SLM,3B,ollama,3,[Contract: AgapeAtpCorp_20191202_10-KA_EX-10.1_11911128_EX-10.1_Supply Agreement...,NOT PRESENT (Audit Rights),contract_clause_classification,unspecified,1,PRESENT,False,4198,PRESENT,
2026-09-20T14:29:39.193694,Llama-3.2-3B,SLM,3B,ollama,3,[Contract: AgapeAtpCorp_20191202_10-KA_EX-10.1_11911128_EX-10.1_Supply Agreement...,NOT PRESENT (Audit Rights),contract_clause_classification,unspecified,2,PRESENT,False,2280,PRESENT,
2026-09-20T14:29:43.053449,Llama-3.2-3B,SLM,3B,ollama,3,[Contract: AgapeAtpCorp_20191202_10-KA_EX-10.1_11911128_EX-10.1_Supply Agreement...,NOT PRESENT (Audit Rights),contract_clause_classification,unspecified,3,PRESENT,False,2275,PRESENT,
2026-09-20T14:29:50.033388,Llama-3.2-3B,SLM,3B,ollama,4,[Contract: PLAYAHOTELS_RESORTSNV_03_14_2017-EX-10.22-STRATEGIC ALLIANCE AGREEMEN...,NOT PRESENT (Unlimited/All-You-Can-Eat-License),contract_clause_classification,unspecified,1,NOT PRESENT,False,5390,NOT PRESENT,
2026-09-20T14:29:54.091304,Llama-3.2-3B,SLM,3B,ollama,4,[Contract: PLAYAHOTELS_RESORTSNV_03_14_2017-EX-10.22-STRATEGIC ALLIANCE AGREEMEN...,NOT PRESENT (Unlimited/All-You-Can-Eat-License),contract_clause_classification,unspecified,2,NOT PRESENT,False,2478,NOT PRESENT,
2026-09-20T14:29:58.116335,Llama-3.2-3B,SLM,3B,ollama,4,[Contract: PLAYAHOTELS_RESORTSNV_03_14_2017-EX-10.22-STRATEGIC ALLIANCE AGREEMEN...,NOT PRESENT (Unlimited/All-You-Can-Eat-License),contract_clause_classification,unspecified,3,NOT PRESENT,False,2443,NOT PRESENT,
2026-09-20T14:30:04.175437,Llama-3.2-3B,SLM,3B,ollama,5,[Contract: USASYNTHETICFUELCORP_10_21_2010-EX-10.10-STRATEGIC ALLIANCE AGREEMENT...,NOT PRESENT (Rofr/Rofo/Rofn),contract_clause_classification,unspecified,1,NOT PRESENT,False,4477,NOT PRESENT,
2026-09-20T14:30:08.222824,Llama-3.2-3B,SLM,3B,ollama,5,[Contract: USASYNTHETICFUELCORP_10_21_2010-EX-10.10-STRATEGIC ALLIANCE AGREEMENT...,NOT PRESENT (Rofr/Rofo/Rofn),contract_clause_classification,unspecified,2,NOT PRESENT,False,2464,NOT PRESENT,
2026-09-20T14:30:12.261157,Llama-3.2-3B,SLM,3B,ollama,5,[Contract: USASYNTHETICFUELCORP_10_21_2010-EX-10.10-STRATEGIC ALLIANCE AGREEMENT...,NOT PRESENT (Rofr/Rofo/Rofn),contract_clause_classification,unspecified,3,NOT PRESENT,False,2464,NOT PRESENT,
2026-09-20T14:30:18.114522,Llama-3.2-3B,SLM,3B,ollama,6,[Contract: ATMOSENERGYCORP_11_22_2002-EX-10.17-TRANSPORTATION SERVICE AGREEMENT]...,"PRESENT (Minimum Commitment): Quantity of capacity to be released: Max 13,370 Dfli/Day,                                Min 13,370 DthDay.",contract_clause_classification,unspecified,1,PRESENT,False,4275,PRESENT,
2026-09-20T14:30:22.059226,Llama-3.2-3B,SLM,3B,ollama,6,[Contract: ATMOSENERGYCORP_11_22_2002-EX-10.17-TRANSPORTATION SERVICE AGREEMENT]...,"PRESENT (Minimum Commitment): Quantity of capacity to be released: Max 13,370 Dfli/Day,                                Min 13,370 DthDay.",contract_clause_classification,unspecified,2,PRESENT,False,2346,PRESENT,
2026-09-20T14:30:26.152831,Llama-3.2-3B,SLM,3B,ollama,6,[Contract: ATMOSENERGYCORP_11_22_2002-EX-10.17-TRANSPORTATION SERVICE AGREEMENT]...,"PRESENT (Minimum Commitment): Quantity of capacity to be released: Max 13,370 Dfli/Day,                                Min 13,370 DthDay.",contract_clause_classification,unspecified,3,PRESENT,False,2266,PRESENT,
2026-09-20T14:30:31.576225,Llama-3.2-3B,SLM,3B,ollama,7,[Contract: WEBHELPCOMINC_03_22_2000-EX-10.8-HOSTING AGREEMENT] Does this contrac...,NOT PRESENT (Warranty Duration),contract_clause_classification,unspecified,1,PRESENT,False,3840,PRESENT,
2026-09-20T14:30:35.426655,Llama-3.2-3B,SLM,3B,ollama,7,[Contract: WEBHELPCOMINC_03_22_2000-EX-10.8-HOSTING AGREEMENT] Does this contrac...,NOT PRESENT (Warranty Duration),contract_clause_classification,unspecified,2,PRESENT,False,2271,PRESENT,
2026-09-20T14:30:39.265353,Llama-3.2-3B,SLM,3B,ollama,7,[Contract: WEBHELPCOMINC_03_22_2000-EX-10.8-HOSTING AGREEMENT] Does this contrac...,NOT PRESENT (Warranty Duration),contract_clause_classification,unspecified,3,PRESENT,False,2253,PRESENT,
2026-09-20T14:30:44.679701,Llama-3.2-3B,SLM,3B,ollama,8,[Contract: BANUESTRAFINANCIALCORP_09_08_2006-EX-10.16-AGENCY AGREEMENT] Does thi...,NOT PRESENT (Cap On Liability),contract_clause_classification,unspecified,1,PRESENT,False,3831,PRESENT,
2026-09-20T14:30:48.556973,Llama-3.2-3B,SLM,3B,ollama,8,[Contract: BANUESTRAFINANCIALCORP_09_08_2006-EX-10.16-AGENCY AGREEMENT] Does thi...,NOT PRESENT (Cap On Liability),contract_clause_classification,unspecified,2,PRESENT,False,2301,PRESENT,
2026-09-20T14:30:52.405827,Llama-3.2-3B,SLM,3B,ollama,8,[Contract: BANUESTRAFINANCIALCORP_09_08_2006-EX-10.16-AGENCY AGREEMENT] Does thi...,NOT PRESENT (Cap On Liability),contract_clause_classification,unspecified,3,PRESENT,False,2272,PRESENT,
2026-09-20T14:30:58.231394,Llama-3.2-3B,SLM,3B,ollama,9,"[Contract: OASYSMOBILE,INC_07_05_2001-EX-10.17-OUTSOURCING AGREEMENT] Does this ...",PRESENT (Revenue/Profit Sharing): HSNS agrees to pay E.piphany an additional                   $0.005 per email for any email distributed by HSNS as a result                   of any deal it closes that either results from a lead     ,contract_clause_classification,unspecified,1,PRESENT,False,4229,PRESENT,
2026-09-20T14:31:02.085408,Llama-3.2-3B,SLM,3B,ollama,9,"[Contract: OASYSMOBILE,INC_07_05_2001-EX-10.17-OUTSOURCING AGREEMENT] Does this ...",PRESENT (Revenue/Profit Sharing): HSNS agrees to pay E.piphany an additional                   $0.005 per email for any email distributed by HSNS as a result                   of any deal it closes that either results from a lead     ,contract_clause_classification,unspecified,2,PRESENT,False,2277,PRESENT,
2026-09-20T14:31:05.927095,Llama-3.2-3B,SLM,3B,ollama,9,"[Contract: OASYSMOBILE,INC_07_05_2001-EX-10.17-OUTSOURCING AGREEMENT] Does this ...",PRESENT (Revenue/Profit Sharing): HSNS agrees to pay E.piphany an additional                   $0.005 per email for any email distributed by HSNS as a result                   of any deal it closes that either results from a lead     ,contract_clause_classification,unspecified,3,PRESENT,False,2258,PRESENT,
2026-09-20T14:31:11.528254,Llama-3.2-3B,SLM,3B,ollama,10,"[Contract: OPTIMIZEDTRANSPORTATIONMANAGEMENT,INC_07_26_2000-EX-6.6-DISTRIBUTOR A...",NOT PRESENT (Insurance),contract_clause_classification,unspecified,1,PRESENT,False,4023,PRESENT,
2026-09-20T14:31:15.401345,Llama-3.2-3B,SLM,3B,ollama,10,"[Contract: OPTIMIZEDTRANSPORTATIONMANAGEMENT,INC_07_26_2000-EX-6.6-DISTRIBUTOR A...",NOT PRESENT (Insurance),contract_clause_classification,unspecified,2,PRESENT,False,2285,PRESENT,
2026-09-20T14:31:19.243251,Llama-3.2-3B,SLM,3B,ollama,10,"[Contract: OPTIMIZEDTRANSPORTATIONMANAGEMENT,INC_07_26_2000-EX-6.6-DISTRIBUTOR A...",NOT PRESENT (Insurance),contract_clause_classification,unspecified,3,PRESENT,False,2260,PRESENT,
2026-09-20T14:31:24.895221,Llama-3.2-3B,SLM,3B,ollama,11,[Contract: BNLFINANCIALCORP_03_30_2007-EX-10.8-OUTSOURCING AGREEMENT] Does this ...,NOT PRESENT (Most Favored Nation),contract_clause_classification,unspecified,1,PRESENT,False,4060,PRESENT,
2026-09-20T14:31:28.790630,Llama-3.2-3B,SLM,3B,ollama,11,[Contract: BNLFINANCIALCORP_03_30_2007-EX-10.8-OUTSOURCING AGREEMENT] Does this ...,NOT PRESENT (Most Favored Nation),contract_clause_classification,unspecified,2,PRESENT,False,2316,PRESENT,
2026-09-20T14:31:32.682181,Llama-3.2-3B,SLM,3B,ollama,11,[Contract: BNLFINANCIALCORP_03_30_2007-EX-10.8-OUTSOURCING AGREEMENT] Does this ...,NOT PRESENT (Most Favored Nation),contract_clause_classification,unspecified,3,PRESENT,False,2312,PRESENT,
2026-09-20T14:31:38.765031,Llama-3.2-3B,SLM,3B,ollama,12,"[Contract: BORROWMONEYCOM,INC_06_11_2020-EX-10.1-JOINT VENTURE AGREEMENT] Does t...",NOT PRESENT (Rofr/Rofo/Rofn),contract_clause_classification,unspecified,1,NOT PRESENT,False,4491,NOT PRESENT,
2026-09-20T14:31:42.807492,Llama-3.2-3B,SLM,3B,ollama,12,"[Contract: BORROWMONEYCOM,INC_06_11_2020-EX-10.1-JOINT VENTURE AGREEMENT] Does t...",NOT PRESENT (Rofr/Rofo/Rofn),contract_clause_classification,unspecified,2,NOT PRESENT,False,2461,NOT PRESENT,
2026-09-20T14:31:46.841677,Llama-3.2-3B,SLM,3B,ollama,12,"[Contract: BORROWMONEYCOM,INC_06_11_2020-EX-10.1-JOINT VENTURE AGREEMENT] Does t...",NOT PRESENT (Rofr/Rofo/Rofn),contract_clause_classification,unspecified,3,NOT PRESENT,False,2442,NOT PRESENT,
2026-09-20T14:31:52.197416,Llama-3.2-3B,SLM,3B,ollama,13,[Contract: Freecook_20180605_S-1_EX-10.3_11233807_EX-10.3_Hosting Agreement] Doe...,NOT PRESENT (Audit Rights),contract_clause_classification,unspecified,1,PRESENT,False,3766,PRESENT,
2026-09-20T14:31:56.038964,Llama-3.2-3B,SLM,3B,ollama,13,[Contract: Freecook_20180605_S-1_EX-10.3_11233807_EX-10.3_Hosting Agreement] Doe...,NOT PRESENT (Audit Rights),contract_clause_classification,unspecified,2,PRESENT,False,2263,PRESENT,
2026-09-20T14:31:59.934680,Llama-3.2-3B,SLM,3B,ollama,13,[Contract: Freecook_20180605_S-1_EX-10.3_11233807_EX-10.3_Hosting Agreement] Doe...,NOT PRESENT (Audit Rights),contract_clause_classification,unspecified,3,PRESENT,False,2306,PRESENT,
2026-09-20T14:32:05.530448,Llama-3.2-3B,SLM,3B,ollama,14,[Contract: VARIABLESEPARATEACCOUNT_04_30_2014-EX-13.C-UNCONDITIONAL CAPITAL MAIN...,NOT PRESENT (Liquidated Damages),contract_clause_classification,unspecified,1,PRESENT,False,3948,PRESENT,
2026-09-20T14:32:09.399680,Llama-3.2-3B,SLM,3B,ollama,14,[Contract: VARIABLESEPARATEACCOUNT_04_30_2014-EX-13.C-UNCONDITIONAL CAPITAL MAIN...,NOT PRESENT (Liquidated Damages),contract_clause_classification,unspecified,2,PRESENT,False,2273,PRESENT,
2026-09-20T14:32:13.287461,Llama-3.2-3B,SLM,3B,ollama,14,[Contract: VARIABLESEPARATEACCOUNT_04_30_2014-EX-13.C-UNCONDITIONAL CAPITAL MAIN...,NOT PRESENT (Liquidated Damages),contract_clause_classification,unspecified,3,PRESENT,False,2313,PRESENT,
2026-09-20T14:32:19.315407,Llama-3.2-3B,SLM,3B,ollama,15,[Contract: MorganStanleyDirectLendingFund_20191119_10-12GA_EX-10.5_11898508_EX-1...,NOT PRESENT (Irrevocable Or Perpetual License),contract_clause_classification,unspecified,1,PRESENT,False,4448,PRESENT,
2026-09-20T14:32:23.212632,Llama-3.2-3B,SLM,3B,ollama,15,[Contract: MorganStanleyDirectLendingFund_20191119_10-12GA_EX-10.5_11898508_EX-1...,NOT PRESENT (Irrevocable Or Perpetual License),contract_clause_classification,unspecified,2,PRESENT,False,2319,PRESENT,
2026-09-20T14:32:27.107802,Llama-3.2-3B,SLM,3B,ollama,15,[Contract: MorganStanleyDirectLendingFund_20191119_10-12GA_EX-10.5_11898508_EX-1...,NOT PRESENT (Irrevocable Or Perpetual License),contract_clause_classification,unspecified,3,PRESENT,False,2296,PRESENT,
2026-09-20T14:32:32.766457,Llama-3.2-3B,SLM,3B,ollama,16,[Contract: TomOnlineInc_20060501_20-F_EX-4.46_749700_EX-4.46_Co-Branding Agreeme...,NOT PRESENT (Insurance),contract_clause_classification,unspecified,1,PRESENT,False,4085,PRESENT,
2026-09-20T14:32:36.644098,Llama-3.2-3B,SLM,3B,ollama,16,[Contract: TomOnlineInc_20060501_20-F_EX-4.46_749700_EX-4.46_Co-Branding Agreeme...,NOT PRESENT (Insurance),contract_clause_classification,unspecified,2,PRESENT,False,2293,PRESENT,
2026-09-20T14:32:40.539146,Llama-3.2-3B,SLM,3B,ollama,16,[Contract: TomOnlineInc_20060501_20-F_EX-4.46_749700_EX-4.46_Co-Branding Agreeme...,NOT PRESENT (Insurance),contract_clause_classification,unspecified,3,PRESENT,False,2290,PRESENT,
2026-09-20T14:32:46.313245,Llama-3.2-3B,SLM,3B,ollama,17,[Contract: TheglobeComInc_19990503_S-1A_EX-10.20_5416126_EX-10.20_Co-Branding Ag...,NOT PRESENT (Liquidated Damages),contract_clause_classification,unspecified,1,PRESENT,False,4195,PRESENT,
2026-09-20T14:32:50.234496,Llama-3.2-3B,SLM,3B,ollama,17,[Contract: TheglobeComInc_19990503_S-1A_EX-10.20_5416126_EX-10.20_Co-Branding Ag...,NOT PRESENT (Liquidated Damages),contract_clause_classification,unspecified,2,PRESENT,False,2276,PRESENT,
2026-09-20T14:32:54.210972,Llama-3.2-3B,SLM,3B,ollama,17,[Contract: TheglobeComInc_19990503_S-1A_EX-10.20_5416126_EX-10.20_Co-Branding Ag...,NOT PRESENT (Liquidated Damages),contract_clause_classification,unspecified,3,PRESENT,False,2340,PRESENT,
2026-09-20T14:32:59.908231,Llama-3.2-3B,SLM,3B,ollama,18,[Contract: NEXSTARFINANCEHOLDINGSINC_03_27_2002-EX-10.26-OUTSOURCING AGREEMENT] ...,NOT PRESENT (Renewal Term),contract_clause_classification,unspecified,1,PRESENT,False,4097,PRESENT,
2026-09-20T14:33:03.822337,Llama-3.2-3B,SLM,3B,ollama,18,[Contract: NEXSTARFINANCEHOLDINGSINC_03_27_2002-EX-10.26-OUTSOURCING AGREEMENT] ...,NOT PRESENT (Renewal Term),contract_clause_classification,unspecified,2,PRESENT,False,2331,PRESENT,
2026-09-20T14:33:07.697500,Llama-3.2-3B,SLM,3B,ollama,18,[Contract: NEXSTARFINANCEHOLDINGSINC_03_27_2002-EX-10.26-OUTSOURCING AGREEMENT] ...,NOT PRESENT (Renewal Term),contract_clause_classification,unspecified,3,PRESENT,False,2272,PRESENT,
2026-09-20T14:33:13.450307,Llama-3.2-3B,SLM,3B,ollama,19,[Contract: BONTONSTORESINC_04_20_2018-EX-99.3-AGENCY AGREEMENT] Does this contra...,NOT PRESENT (Most Favored Nation),contract_clause_classification,unspecified,1,NOT PRESENT,False,4101,NOT PRESENT,
2026-09-20T14:33:17.767285,Llama-3.2-3B,SLM,3B,ollama,19,[Contract: BONTONSTORESINC_04_20_2018-EX-99.3-AGENCY AGREEMENT] Does this contra...,NOT PRESENT (Most Favored Nation),contract_clause_classification,unspecified,2,NOT PRESENT,False,2684,NOT PRESENT,
2026-09-20T14:33:22.452342,Llama-3.2-3B,SLM,3B,ollama,19,[Contract: BONTONSTORESINC_04_20_2018-EX-99.3-AGENCY AGREEMENT] Does this contra...,NOT PRESENT (Most Favored Nation),contract_clause_classification,unspecified,3,NOT PRESENT,False,2642,NOT PRESENT,
2026-09-20T14:33:28.782996,Llama-3.2-3B,SLM,3B,ollama,20,[Contract: LOOKSMARTLTD_07_20_2012-EX-99.(D)(I)-SPONSORSHIP AGREEMENT] Does this...,NOT PRESENT (Volume Restriction),contract_clause_classification,unspecified,1,PRESENT,False,4420,PRESENT,
2026-09-20T14:33:32.877213,Llama-3.2-3B,SLM,3B,ollama,20,[Contract: LOOKSMARTLTD_07_20_2012-EX-99.(D)(I)-SPONSORSHIP AGREEMENT] Does this...,NOT PRESENT (Volume Restriction),contract_clause_classification,unspecified,2,PRESENT,False,2333,PRESENT,
2026-09-20T14:33:37.117140,Llama-3.2-3B,SLM,3B,ollama,20,[Contract: LOOKSMARTLTD_07_20_2012-EX-99.(D)(I)-SPONSORSHIP AGREEMENT] Does this...,NOT PRESENT (Volume Restriction),contract_clause_classification,unspecified,3,PRESENT,False,2423,PRESENT,
2026-09-20T14:33:43.300087,Llama-3.2-3B,SLM,3B,ollama,21,[Contract: DataCallTechnologies_20060918_SB-2A_EX-10.9_944510_EX-10.9_Content Li...,NOT PRESENT (Warranty Duration),contract_clause_classification,unspecified,1,PRESENT,False,4432,PRESENT,
2026-09-20T14:33:47.669096,Llama-3.2-3B,SLM,3B,ollama,21,[Contract: DataCallTechnologies_20060918_SB-2A_EX-10.9_944510_EX-10.9_Content Li...,NOT PRESENT (Warranty Duration),contract_clause_classification,unspecified,2,PRESENT,False,2679,PRESENT,
2026-09-20T14:33:51.736879,Llama-3.2-3B,SLM,3B,ollama,21,[Contract: DataCallTechnologies_20060918_SB-2A_EX-10.9_944510_EX-10.9_Content Li...,NOT PRESENT (Warranty Duration),contract_clause_classification,unspecified,3,PRESENT,False,2362,PRESENT,
2026-09-20T14:33:57.702242,Llama-3.2-3B,SLM,3B,ollama,22,[Contract: BANUESTRAFINANCIALCORP_09_08_2006-EX-10.16-AGENCY AGREEMENT] Does thi...,"PRESENT (Minimum Commitment): In the event the Company is unable to sell a minimum of 1,875,000 Shares on or before June 30, 2007, this Agreement shall terminate and the Company shall cause the Escrow Agent (as defined below) to r",contract_clause_classification,unspecified,1,PRESENT,False,4325,PRESENT,
2026-09-20T14:34:01.716272,Llama-3.2-3B,SLM,3B,ollama,22,[Contract: BANUESTRAFINANCIALCORP_09_08_2006-EX-10.16-AGENCY AGREEMENT] Does thi...,"PRESENT (Minimum Commitment): In the event the Company is unable to sell a minimum of 1,875,000 Shares on or before June 30, 2007, this Agreement shall terminate and the Company shall cause the Escrow Agent (as defined below) to r",contract_clause_classification,unspecified,2,PRESENT,False,2322,PRESENT,
2026-09-20T14:34:05.637721,Llama-3.2-3B,SLM,3B,ollama,22,[Contract: BANUESTRAFINANCIALCORP_09_08_2006-EX-10.16-AGENCY AGREEMENT] Does thi...,"PRESENT (Minimum Commitment): In the event the Company is unable to sell a minimum of 1,875,000 Shares on or before June 30, 2007, this Agreement shall terminate and the Company shall cause the Escrow Agent (as defined below) to r",contract_clause_classification,unspecified,3,PRESENT,False,2302,PRESENT,
2026-09-20T14:34:11.781991,Llama-3.2-3B,SLM,3B,ollama,23,[Contract: SoupmanInc_20150814_8-K_EX-10.1_9230148_EX-10.1_Franchise Agreement1]...,"PRESENT (No-Solicit Of Customers): In consideration for such training, trade secrets and confidential information, you and your principals agree that during the term of this Agreement, and for a continuous uninterrupted period commenci",contract_clause_classification,unspecified,1,PRESENT,False,4498,PRESENT,
2026-09-20T14:34:15.727538,Llama-3.2-3B,SLM,3B,ollama,23,[Contract: SoupmanInc_20150814_8-K_EX-10.1_9230148_EX-10.1_Franchise Agreement1]...,"PRESENT (No-Solicit Of Customers): In consideration for such training, trade secrets and confidential information, you and your principals agree that during the term of this Agreement, and for a continuous uninterrupted period commenci",contract_clause_classification,unspecified,2,PRESENT,False,2299,PRESENT,
2026-09-20T14:34:19.613453,Llama-3.2-3B,SLM,3B,ollama,23,[Contract: SoupmanInc_20150814_8-K_EX-10.1_9230148_EX-10.1_Franchise Agreement1]...,"PRESENT (No-Solicit Of Customers): In consideration for such training, trade secrets and confidential information, you and your principals agree that during the term of this Agreement, and for a continuous uninterrupted period commenci",contract_clause_classification,unspecified,3,PRESENT,False,2280,PRESENT,
2026-09-20T14:34:25.250081,Llama-3.2-3B,SLM,3B,ollama,24,[Contract: PareteumCorp_20081001_8-K_EX-99.1_2654808_EX-99.1_Hosting Agreement] ...,PRESENT (Governing Law): This Agreement shall be governed by and construed in all respects exclusively in accordance with the laws of the Netherlands.,contract_clause_classification,unspecified,1,PRESENT,False,4035,PRESENT,
2026-09-20T14:34:29.112976,Llama-3.2-3B,SLM,3B,ollama,24,[Contract: PareteumCorp_20081001_8-K_EX-99.1_2654808_EX-99.1_Hosting Agreement] ...,PRESENT (Governing Law): This Agreement shall be governed by and construed in all respects exclusively in accordance with the laws of the Netherlands.,contract_clause_classification,unspecified,2,PRESENT,False,2272,PRESENT,
2026-09-20T14:34:32.971407,Llama-3.2-3B,SLM,3B,ollama,24,[Contract: PareteumCorp_20081001_8-K_EX-99.1_2654808_EX-99.1_Hosting Agreement] ...,PRESENT (Governing Law): This Agreement shall be governed by and construed in all respects exclusively in accordance with the laws of the Netherlands.,contract_clause_classification,unspecified,3,PRESENT,False,2266,PRESENT,
2026-09-20T14:34:38.623308,Llama-3.2-3B,SLM,3B,ollama,25,[Contract: StaarSurgicalCompany_20180801_10-Q_EX-10.37_11289449_EX-10.37_Distrib...,PRESENT (Document Name): DISTRIBUTORSHIP AGREEMENT,contract_clause_classification,unspecified,1,PRESENT,False,4065,PRESENT,
2026-09-20T14:34:42.497645,Llama-3.2-3B,SLM,3B,ollama,25,[Contract: StaarSurgicalCompany_20180801_10-Q_EX-10.37_11289449_EX-10.37_Distrib...,PRESENT (Document Name): DISTRIBUTORSHIP AGREEMENT,contract_clause_classification,unspecified,2,PRESENT,False,2287,PRESENT,
2026-09-20T14:34:46.415227,Llama-3.2-3B,SLM,3B,ollama,25,[Contract: StaarSurgicalCompany_20180801_10-Q_EX-10.37_11289449_EX-10.37_Distrib...,PRESENT (Document Name): DISTRIBUTORSHIP AGREEMENT,contract_clause_classification,unspecified,3,PRESENT,False,2323,PRESENT,
2026-09-20T14:34:52.085759,Llama-3.2-3B,SLM,3B,ollama,26,"[Contract: GOOSEHEADINSURANCE,INC_04_02_2018-EX-10.6-Franchise Agreement] Does t...","PRESENT (Covenant Not To Sue): Neither you nor any of your owners, principals, or other persons acting on your behalf will directly or indirectly contest the validity or our ownership of the Proprietary Marks, nor will you, directl",contract_clause_classification,unspecified,1,PRESENT,False,4046,PRESENT,
2026-09-20T14:34:55.951531,Llama-3.2-3B,SLM,3B,ollama,26,"[Contract: GOOSEHEADINSURANCE,INC_04_02_2018-EX-10.6-Franchise Agreement] Does t...","PRESENT (Covenant Not To Sue): Neither you nor any of your owners, principals, or other persons acting on your behalf will directly or indirectly contest the validity or our ownership of the Proprietary Marks, nor will you, directl",contract_clause_classification,unspecified,2,PRESENT,False,2277,PRESENT,
2026-09-20T14:34:59.834117,Llama-3.2-3B,SLM,3B,ollama,26,"[Contract: GOOSEHEADINSURANCE,INC_04_02_2018-EX-10.6-Franchise Agreement] Does t...","PRESENT (Covenant Not To Sue): Neither you nor any of your owners, principals, or other persons acting on your behalf will directly or indirectly contest the validity or our ownership of the Proprietary Marks, nor will you, directl",contract_clause_classification,unspecified,3,PRESENT,False,2285,PRESENT,
2026-09-20T14:35:05.045997,Llama-3.2-3B,SLM,3B,ollama,27,"[Contract: XACCT Technologies, Inc.SUPPORT AND MAINTENANCE AGREEMENT] Does this ...",NOT PRESENT (No-Solicit Of Employees),contract_clause_classification,unspecified,1,PRESENT,False,3618,PRESENT,
2026-09-20T14:35:08.918425,Llama-3.2-3B,SLM,3B,ollama,27,"[Contract: XACCT Technologies, Inc.SUPPORT AND MAINTENANCE AGREEMENT] Does this ...",NOT PRESENT (No-Solicit Of Employees),contract_clause_classification,unspecified,2,PRESENT,False,2278,PRESENT,
2026-09-20T14:35:12.781491,Llama-3.2-3B,SLM,3B,ollama,27,"[Contract: XACCT Technologies, Inc.SUPPORT AND MAINTENANCE AGREEMENT] Does this ...",NOT PRESENT (No-Solicit Of Employees),contract_clause_classification,unspecified,3,PRESENT,False,2274,PRESENT,
2026-09-20T14:35:18.543137,Llama-3.2-3B,SLM,3B,ollama,28,[Contract: ADAMSGOLFINC_03_21_2005-EX-10.17-ENDORSEMENT AGREEMENT] Does this con...,PRESENT (Governing Law): This Agreement shall be governed and construed according to the laws of the State of Kansas.,contract_clause_classification,unspecified,1,PRESENT,False,4120,PRESENT,
2026-09-20T14:35:22.423846,Llama-3.2-3B,SLM,3B,ollama,28,[Contract: ADAMSGOLFINC_03_21_2005-EX-10.17-ENDORSEMENT AGREEMENT] Does this con...,PRESENT (Governing Law): This Agreement shall be governed and construed according to the laws of the State of Kansas.,contract_clause_classification,unspecified,2,PRESENT,False,2293,PRESENT,
2026-09-20T14:35:26.306715,Llama-3.2-3B,SLM,3B,ollama,28,[Contract: ADAMSGOLFINC_03_21_2005-EX-10.17-ENDORSEMENT AGREEMENT] Does this con...,PRESENT (Governing Law): This Agreement shall be governed and construed according to the laws of the State of Kansas.,contract_clause_classification,unspecified,3,PRESENT,False,2302,PRESENT,
2026-09-20T14:35:31.879960,Llama-3.2-3B,SLM,3B,ollama,29,"[Contract: ELFBEAUTY,INC_07_02_2020-EX-10.1-COOPERATION AGREEMENT] Does this con...",NOT PRESENT (Joint Ip Ownership),contract_clause_classification,unspecified,1,PRESENT,False,3987,PRESENT,
2026-09-20T14:35:35.733989,Llama-3.2-3B,SLM,3B,ollama,29,"[Contract: ELFBEAUTY,INC_07_02_2020-EX-10.1-COOPERATION AGREEMENT] Does this con...",NOT PRESENT (Joint Ip Ownership),contract_clause_classification,unspecified,2,PRESENT,False,2266,PRESENT,
2026-09-20T14:35:39.621620,Llama-3.2-3B,SLM,3B,ollama,29,"[Contract: ELFBEAUTY,INC_07_02_2020-EX-10.1-COOPERATION AGREEMENT] Does this con...",NOT PRESENT (Joint Ip Ownership),contract_clause_classification,unspecified,3,PRESENT,False,2294,PRESENT,
2026-09-20T14:35:45.476241,Llama-3.2-3B,SLM,3B,ollama,30,[Contract: BNLFINANCIALCORP_03_30_2007-EX-10.8-OUTSOURCING AGREEMENT] Does this ...,NOT PRESENT (Source Code Escrow),contract_clause_classification,unspecified,1,PRESENT,False,4264,PRESENT,
2026-09-20T14:35:49.335697,Llama-3.2-3B,SLM,3B,ollama,30,[Contract: BNLFINANCIALCORP_03_30_2007-EX-10.8-OUTSOURCING AGREEMENT] Does this ...,NOT PRESENT (Source Code Escrow),contract_clause_classification,unspecified,2,PRESENT,False,2278,PRESENT,
2026-09-20T14:35:53.190173,Llama-3.2-3B,SLM,3B,ollama,30,[Contract: BNLFINANCIALCORP_03_30_2007-EX-10.8-OUTSOURCING AGREEMENT] Does this ...,NOT PRESENT (Source Code Escrow),contract_clause_classification,unspecified,3,PRESENT,False,2278,PRESENT,
2026-09-20T14:36:20.950246,Phi4-Mini,SLM,3.8B,ollama,1,"[Contract: NETGEAR,INC_04_21_2003-EX-10.16-AMENDMENT TO THE DISTRIBUTOR AGREEMEN...",NOT PRESENT (Third Party Beneficiary),contract_clause_classification,unspecified,1,NOT PRESENT,False,20853,NOT PRESENT,
2026-09-20T14:36:24.991308,Phi4-Mini,SLM,3.8B,ollama,1,"[Contract: NETGEAR,INC_04_21_2003-EX-10.16-AMENDMENT TO THE DISTRIBUTOR AGREEMEN...",NOT PRESENT (Third Party Beneficiary),contract_clause_classification,unspecified,2,NOT PRESENT,False,2438,NOT PRESENT,
2026-09-20T14:36:29.028802,Phi4-Mini,SLM,3.8B,ollama,1,"[Contract: NETGEAR,INC_04_21_2003-EX-10.16-AMENDMENT TO THE DISTRIBUTOR AGREEMEN...",NOT PRESENT (Third Party Beneficiary),contract_clause_classification,unspecified,3,NOT PRESENT,False,2454,NOT PRESENT,
2026-09-20T14:36:34.909635,Phi4-Mini,SLM,3.8B,ollama,2,"[Contract: SIBANNAC,INC_12_04_2017-EX-2.1-Strategic Alliance Agreement] Does thi...",NOT PRESENT (Third Party Beneficiary),contract_clause_classification,unspecified,1,NOT PRESENT,False,4290,NOT PRESENT,
2026-09-20T14:36:38.916837,Phi4-Mini,SLM,3.8B,ollama,2,"[Contract: SIBANNAC,INC_12_04_2017-EX-2.1-Strategic Alliance Agreement] Does thi...",NOT PRESENT (Third Party Beneficiary),contract_clause_classification,unspecified,2,NOT PRESENT,False,2426,NOT PRESENT,
2026-09-20T14:36:42.948842,Phi4-Mini,SLM,3.8B,ollama,2,"[Contract: SIBANNAC,INC_12_04_2017-EX-2.1-Strategic Alliance Agreement] Does thi...",NOT PRESENT (Third Party Beneficiary),contract_clause_classification,unspecified,3,NOT PRESENT,False,2452,NOT PRESENT,
2026-09-20T14:36:49.340431,Phi4-Mini,SLM,3.8B,ollama,3,[Contract: AgapeAtpCorp_20191202_10-KA_EX-10.1_11911128_EX-10.1_Supply Agreement...,NOT PRESENT (Audit Rights),contract_clause_classification,unspecified,1,PRESENT,False,4805,PRESENT,
2026-09-20T14:36:53.390623,Phi4-Mini,SLM,3.8B,ollama,3,[Contract: AgapeAtpCorp_20191202_10-KA_EX-10.1_11911128_EX-10.1_Supply Agreement...,NOT PRESENT (Audit Rights),contract_clause_classification,unspecified,2,PRESENT,False,2444,PRESENT,
2026-09-20T14:36:57.397137,Phi4-Mini,SLM,3.8B,ollama,3,[Contract: AgapeAtpCorp_20191202_10-KA_EX-10.1_11911128_EX-10.1_Supply Agreement...,NOT PRESENT (Audit Rights),contract_clause_classification,unspecified,3,PRESENT,False,2424,PRESENT,
2026-09-20T14:37:04.309364,Phi4-Mini,SLM,3.8B,ollama,4,[Contract: PLAYAHOTELS_RESORTSNV_03_14_2017-EX-10.22-STRATEGIC ALLIANCE AGREEMEN...,NOT PRESENT (Unlimited/All-You-Can-Eat-License),contract_clause_classification,unspecified,1,NOT PRESENT,False,5335,NOT PRESENT,
2026-09-20T14:37:08.394710,Phi4-Mini,SLM,3.8B,ollama,4,[Contract: PLAYAHOTELS_RESORTSNV_03_14_2017-EX-10.22-STRATEGIC ALLIANCE AGREEMEN...,NOT PRESENT (Unlimited/All-You-Can-Eat-License),contract_clause_classification,unspecified,2,NOT PRESENT,False,2504,NOT PRESENT,
2026-09-20T14:37:12.377500,Phi4-Mini,SLM,3.8B,ollama,4,[Contract: PLAYAHOTELS_RESORTSNV_03_14_2017-EX-10.22-STRATEGIC ALLIANCE AGREEMEN...,NOT PRESENT (Unlimited/All-You-Can-Eat-License),contract_clause_classification,unspecified,3,NOT PRESENT,False,2397,NOT PRESENT,
2026-09-20T14:37:19.016362,Phi4-Mini,SLM,3.8B,ollama,5,[Contract: USASYNTHETICFUELCORP_10_21_2010-EX-10.10-STRATEGIC ALLIANCE AGREEMENT...,NOT PRESENT (Rofr/Rofo/Rofn),contract_clause_classification,unspecified,1,NOT PRESENT,False,5047,NOT PRESENT,
2026-09-20T14:37:23.010083,Phi4-Mini,SLM,3.8B,ollama,5,[Contract: USASYNTHETICFUELCORP_10_21_2010-EX-10.10-STRATEGIC ALLIANCE AGREEMENT...,NOT PRESENT (Rofr/Rofo/Rofn),contract_clause_classification,unspecified,2,NOT PRESENT,False,2395,NOT PRESENT,
2026-09-20T14:37:27.146079,Phi4-Mini,SLM,3.8B,ollama,5,[Contract: USASYNTHETICFUELCORP_10_21_2010-EX-10.10-STRATEGIC ALLIANCE AGREEMENT...,NOT PRESENT (Rofr/Rofo/Rofn),contract_clause_classification,unspecified,3,NOT PRESENT,False,2549,NOT PRESENT,
2026-09-20T14:37:33.532666,Phi4-Mini,SLM,3.8B,ollama,6,[Contract: ATMOSENERGYCORP_11_22_2002-EX-10.17-TRANSPORTATION SERVICE AGREEMENT]...,"PRESENT (Minimum Commitment): Quantity of capacity to be released: Max 13,370 Dfli/Day,                                Min 13,370 DthDay.",contract_clause_classification,unspecified,1,NOT PRESENT,False,4768,NOT PRESENT,
2026-09-20T14:37:37.557711,Phi4-Mini,SLM,3.8B,ollama,6,[Contract: ATMOSENERGYCORP_11_22_2002-EX-10.17-TRANSPORTATION SERVICE AGREEMENT]...,"PRESENT (Minimum Commitment): Quantity of capacity to be released: Max 13,370 Dfli/Day,                                Min 13,370 DthDay.",contract_clause_classification,unspecified,2,NOT PRESENT,False,2440,NOT PRESENT,
2026-09-20T14:37:41.546577,Phi4-Mini,SLM,3.8B,ollama,6,[Contract: ATMOSENERGYCORP_11_22_2002-EX-10.17-TRANSPORTATION SERVICE AGREEMENT]...,"PRESENT (Minimum Commitment): Quantity of capacity to be released: Max 13,370 Dfli/Day,                                Min 13,370 DthDay.",contract_clause_classification,unspecified,3,NOT PRESENT,False,2404,NOT PRESENT,
2026-09-20T14:37:47.313300,Phi4-Mini,SLM,3.8B,ollama,7,[Contract: WEBHELPCOMINC_03_22_2000-EX-10.8-HOSTING AGREEMENT] Does this contrac...,NOT PRESENT (Warranty Duration),contract_clause_classification,unspecified,1,PRESENT,False,4179,PRESENT,
2026-09-20T14:37:51.318589,Phi4-Mini,SLM,3.8B,ollama,7,[Contract: WEBHELPCOMINC_03_22_2000-EX-10.8-HOSTING AGREEMENT] Does this contrac...,NOT PRESENT (Warranty Duration),contract_clause_classification,unspecified,2,PRESENT,False,2419,PRESENT,
2026-09-20T14:37:55.337364,Phi4-Mini,SLM,3.8B,ollama,7,[Contract: WEBHELPCOMINC_03_22_2000-EX-10.8-HOSTING AGREEMENT] Does this contrac...,NOT PRESENT (Warranty Duration),contract_clause_classification,unspecified,3,PRESENT,False,2440,PRESENT,
2026-09-20T14:38:01.645134,Phi4-Mini,SLM,3.8B,ollama,8,[Contract: BANUESTRAFINANCIALCORP_09_08_2006-EX-10.16-AGENCY AGREEMENT] Does thi...,NOT PRESENT (Cap On Liability),contract_clause_classification,unspecified,1,PRESENT,False,4723,PRESENT,
2026-09-20T14:38:05.643182,Phi4-Mini,SLM,3.8B,ollama,8,[Contract: BANUESTRAFINANCIALCORP_09_08_2006-EX-10.16-AGENCY AGREEMENT] Does thi...,NOT PRESENT (Cap On Liability),contract_clause_classification,unspecified,2,PRESENT,False,2419,PRESENT,
2026-09-20T14:38:09.661192,Phi4-Mini,SLM,3.8B,ollama,8,[Contract: BANUESTRAFINANCIALCORP_09_08_2006-EX-10.16-AGENCY AGREEMENT] Does thi...,NOT PRESENT (Cap On Liability),contract_clause_classification,unspecified,3,PRESENT,False,2436,PRESENT,
2026-09-20T14:38:15.936689,Phi4-Mini,SLM,3.8B,ollama,9,"[Contract: OASYSMOBILE,INC_07_05_2001-EX-10.17-OUTSOURCING AGREEMENT] Does this ...",PRESENT (Revenue/Profit Sharing): HSNS agrees to pay E.piphany an additional                   $0.005 per email for any email distributed by HSNS as a result                   of any deal it closes that either results from a lead     ,contract_clause_classification,unspecified,1,NOT PRESENT,False,4694,NOT PRESENT,
2026-09-20T14:38:19.941117,Phi4-Mini,SLM,3.8B,ollama,9,"[Contract: OASYSMOBILE,INC_07_05_2001-EX-10.17-OUTSOURCING AGREEMENT] Does this ...",PRESENT (Revenue/Profit Sharing): HSNS agrees to pay E.piphany an additional                   $0.005 per email for any email distributed by HSNS as a result                   of any deal it closes that either results from a lead     ,contract_clause_classification,unspecified,2,NOT PRESENT,False,2423,NOT PRESENT,
2026-09-20T14:38:23.989392,Phi4-Mini,SLM,3.8B,ollama,9,"[Contract: OASYSMOBILE,INC_07_05_2001-EX-10.17-OUTSOURCING AGREEMENT] Does this ...",PRESENT (Revenue/Profit Sharing): HSNS agrees to pay E.piphany an additional                   $0.005 per email for any email distributed by HSNS as a result                   of any deal it closes that either results from a lead     ,contract_clause_classification,unspecified,3,NOT PRESENT,False,2462,NOT PRESENT,
2026-09-20T14:38:30.290939,Phi4-Mini,SLM,3.8B,ollama,10,"[Contract: OPTIMIZEDTRANSPORTATIONMANAGEMENT,INC_07_26_2000-EX-6.6-DISTRIBUTOR A...",NOT PRESENT (Insurance),contract_clause_classification,unspecified,1,NOT PRESENT,False,4721,NOT PRESENT,
2026-09-20T14:38:34.312710,Phi4-Mini,SLM,3.8B,ollama,10,"[Contract: OPTIMIZEDTRANSPORTATIONMANAGEMENT,INC_07_26_2000-EX-6.6-DISTRIBUTOR A...",NOT PRESENT (Insurance),contract_clause_classification,unspecified,2,NOT PRESENT,False,2438,NOT PRESENT,
2026-09-20T14:38:38.290469,Phi4-Mini,SLM,3.8B,ollama,10,"[Contract: OPTIMIZEDTRANSPORTATIONMANAGEMENT,INC_07_26_2000-EX-6.6-DISTRIBUTOR A...",NOT PRESENT (Insurance),contract_clause_classification,unspecified,3,NOT PRESENT,False,2394,NOT PRESENT,
2026-09-20T14:38:44.549842,Phi4-Mini,SLM,3.8B,ollama,11,[Contract: BNLFINANCIALCORP_03_30_2007-EX-10.8-OUTSOURCING AGREEMENT] Does this ...,NOT PRESENT (Most Favored Nation),contract_clause_classification,unspecified,1,NOT PRESENT,False,4683,NOT PRESENT,
2026-09-20T14:38:48.562389,Phi4-Mini,SLM,3.8B,ollama,11,[Contract: BNLFINANCIALCORP_03_30_2007-EX-10.8-OUTSOURCING AGREEMENT] Does this ...,NOT PRESENT (Most Favored Nation),contract_clause_classification,unspecified,2,NOT PRESENT,False,2433,NOT PRESENT,
2026-09-20T14:38:52.601108,Phi4-Mini,SLM,3.8B,ollama,11,[Contract: BNLFINANCIALCORP_03_30_2007-EX-10.8-OUTSOURCING AGREEMENT] Does this ...,NOT PRESENT (Most Favored Nation),contract_clause_classification,unspecified,3,NOT PRESENT,False,2452,NOT PRESENT,
2026-09-20T14:38:59.143131,Phi4-Mini,SLM,3.8B,ollama,12,"[Contract: BORROWMONEYCOM,INC_06_11_2020-EX-10.1-JOINT VENTURE AGREEMENT] Does t...",NOT PRESENT (Rofr/Rofo/Rofn),contract_clause_classification,unspecified,1,NOT PRESENT,False,4959,NOT PRESENT,
2026-09-20T14:39:03.161576,Phi4-Mini,SLM,3.8B,ollama,12,"[Contract: BORROWMONEYCOM,INC_06_11_2020-EX-10.1-JOINT VENTURE AGREEMENT] Does t...",NOT PRESENT (Rofr/Rofo/Rofn),contract_clause_classification,unspecified,2,NOT PRESENT,False,2426,NOT PRESENT,
2026-09-20T14:39:07.171356,Phi4-Mini,SLM,3.8B,ollama,12,"[Contract: BORROWMONEYCOM,INC_06_11_2020-EX-10.1-JOINT VENTURE AGREEMENT] Does t...",NOT PRESENT (Rofr/Rofo/Rofn),contract_clause_classification,unspecified,3,NOT PRESENT,False,2424,NOT PRESENT,
2026-09-20T14:39:13.545467,Phi4-Mini,SLM,3.8B,ollama,13,[Contract: Freecook_20180605_S-1_EX-10.3_11233807_EX-10.3_Hosting Agreement] Doe...,NOT PRESENT (Audit Rights),contract_clause_classification,unspecified,1,PRESENT,False,4791,PRESENT,
2026-09-20T14:39:17.569541,Phi4-Mini,SLM,3.8B,ollama,13,[Contract: Freecook_20180605_S-1_EX-10.3_11233807_EX-10.3_Hosting Agreement] Doe...,NOT PRESENT (Audit Rights),contract_clause_classification,unspecified,2,PRESENT,False,2400,PRESENT,
2026-09-20T14:39:21.558652,Phi4-Mini,SLM,3.8B,ollama,13,[Contract: Freecook_20180605_S-1_EX-10.3_11233807_EX-10.3_Hosting Agreement] Doe...,NOT PRESENT (Audit Rights),contract_clause_classification,unspecified,3,PRESENT,False,2406,PRESENT,
2026-09-20T14:39:27.804206,Phi4-Mini,SLM,3.8B,ollama,14,[Contract: VARIABLESEPARATEACCOUNT_04_30_2014-EX-13.C-UNCONDITIONAL CAPITAL MAIN...,NOT PRESENT (Liquidated Damages),contract_clause_classification,unspecified,1,NOT PRESENT,False,4662,NOT PRESENT,
2026-09-20T14:39:31.858645,Phi4-Mini,SLM,3.8B,ollama,14,[Contract: VARIABLESEPARATEACCOUNT_04_30_2014-EX-13.C-UNCONDITIONAL CAPITAL MAIN...,NOT PRESENT (Liquidated Damages),contract_clause_classification,unspecified,2,NOT PRESENT,False,2445,NOT PRESENT,
2026-09-20T14:39:35.876399,Phi4-Mini,SLM,3.8B,ollama,14,[Contract: VARIABLESEPARATEACCOUNT_04_30_2014-EX-13.C-UNCONDITIONAL CAPITAL MAIN...,NOT PRESENT (Liquidated Damages),contract_clause_classification,unspecified,3,NOT PRESENT,False,2429,NOT PRESENT,
2026-09-20T14:39:43.283409,Phi4-Mini,SLM,3.8B,ollama,15,[Contract: MorganStanleyDirectLendingFund_20191119_10-12GA_EX-10.5_11898508_EX-1...,NOT PRESENT (Irrevocable Or Perpetual License),contract_clause_classification,unspecified,1,NOT PRESENT,False,5819,NOT PRESENT,
2026-09-20T14:39:47.288124,Phi4-Mini,SLM,3.8B,ollama,15,[Contract: MorganStanleyDirectLendingFund_20191119_10-12GA_EX-10.5_11898508_EX-1...,NOT PRESENT (Irrevocable Or Perpetual License),contract_clause_classification,unspecified,2,NOT PRESENT,False,2419,NOT PRESENT,
2026-09-20T14:39:51.336568,Phi4-Mini,SLM,3.8B,ollama,15,[Contract: MorganStanleyDirectLendingFund_20191119_10-12GA_EX-10.5_11898508_EX-1...,NOT PRESENT (Irrevocable Or Perpetual License),contract_clause_classification,unspecified,3,NOT PRESENT,False,2471,NOT PRESENT,
2026-09-20T14:39:57.414752,Phi4-Mini,SLM,3.8B,ollama,16,[Contract: TomOnlineInc_20060501_20-F_EX-4.46_749700_EX-4.46_Co-Branding Agreeme...,NOT PRESENT (Insurance),contract_clause_classification,unspecified,1,NOT PRESENT,False,4505,NOT PRESENT,
2026-09-20T14:40:01.436760,Phi4-Mini,SLM,3.8B,ollama,16,[Contract: TomOnlineInc_20060501_20-F_EX-4.46_749700_EX-4.46_Co-Branding Agreeme...,NOT PRESENT (Insurance),contract_clause_classification,unspecified,2,NOT PRESENT,False,2427,NOT PRESENT,
2026-09-20T14:40:05.469158,Phi4-Mini,SLM,3.8B,ollama,16,[Contract: TomOnlineInc_20060501_20-F_EX-4.46_749700_EX-4.46_Co-Branding Agreeme...,NOT PRESENT (Insurance),contract_clause_classification,unspecified,3,NOT PRESENT,False,2446,NOT PRESENT,
2026-09-20T14:40:12.015142,Phi4-Mini,SLM,3.8B,ollama,17,[Contract: TheglobeComInc_19990503_S-1A_EX-10.20_5416126_EX-10.20_Co-Branding Ag...,NOT PRESENT (Liquidated Damages),contract_clause_classification,unspecified,1,PRESENT,False,4962,PRESENT,
2026-09-20T14:40:16.030783,Phi4-Mini,SLM,3.8B,ollama,17,[Contract: TheglobeComInc_19990503_S-1A_EX-10.20_5416126_EX-10.20_Co-Branding Ag...,NOT PRESENT (Liquidated Damages),contract_clause_classification,unspecified,2,PRESENT,False,2426,PRESENT,
2026-09-20T14:40:20.040327,Phi4-Mini,SLM,3.8B,ollama,17,[Contract: TheglobeComInc_19990503_S-1A_EX-10.20_5416126_EX-10.20_Co-Branding Ag...,NOT PRESENT (Liquidated Damages),contract_clause_classification,unspecified,3,PRESENT,False,2432,PRESENT,
2026-09-20T14:40:27.129742,Phi4-Mini,SLM,3.8B,ollama,18,[Contract: NEXSTARFINANCEHOLDINGSINC_03_27_2002-EX-10.26-OUTSOURCING AGREEMENT] ...,NOT PRESENT (Renewal Term),contract_clause_classification,unspecified,1,PRESENT,False,4999,PRESENT,
2026-09-20T14:40:31.180217,Phi4-Mini,SLM,3.8B,ollama,18,[Contract: NEXSTARFINANCEHOLDINGSINC_03_27_2002-EX-10.26-OUTSOURCING AGREEMENT] ...,NOT PRESENT (Renewal Term),contract_clause_classification,unspecified,2,PRESENT,False,2460,PRESENT,
2026-09-20T14:40:35.256625,Phi4-Mini,SLM,3.8B,ollama,18,[Contract: NEXSTARFINANCEHOLDINGSINC_03_27_2002-EX-10.26-OUTSOURCING AGREEMENT] ...,NOT PRESENT (Renewal Term),contract_clause_classification,unspecified,3,PRESENT,False,2486,PRESENT,
2026-09-20T14:40:41.516297,Phi4-Mini,SLM,3.8B,ollama,19,[Contract: BONTONSTORESINC_04_20_2018-EX-99.3-AGENCY AGREEMENT] Does this contra...,NOT PRESENT (Most Favored Nation),contract_clause_classification,unspecified,1,NOT PRESENT,False,4669,NOT PRESENT,
2026-09-20T14:40:45.510725,Phi4-Mini,SLM,3.8B,ollama,19,[Contract: BONTONSTORESINC_04_20_2018-EX-99.3-AGENCY AGREEMENT] Does this contra...,NOT PRESENT (Most Favored Nation),contract_clause_classification,unspecified,2,NOT PRESENT,False,2415,NOT PRESENT,
2026-09-20T14:40:49.493920,Phi4-Mini,SLM,3.8B,ollama,19,[Contract: BONTONSTORESINC_04_20_2018-EX-99.3-AGENCY AGREEMENT] Does this contra...,NOT PRESENT (Most Favored Nation),contract_clause_classification,unspecified,3,NOT PRESENT,False,2401,NOT PRESENT,
2026-09-20T14:40:55.770312,Phi4-Mini,SLM,3.8B,ollama,20,[Contract: LOOKSMARTLTD_07_20_2012-EX-99.(D)(I)-SPONSORSHIP AGREEMENT] Does this...,NOT PRESENT (Volume Restriction),contract_clause_classification,unspecified,1,NOT PRESENT,False,4687,NOT PRESENT,
2026-09-20T14:40:59.826809,Phi4-Mini,SLM,3.8B,ollama,20,[Contract: LOOKSMARTLTD_07_20_2012-EX-99.(D)(I)-SPONSORSHIP AGREEMENT] Does this...,NOT PRESENT (Volume Restriction),contract_clause_classification,unspecified,2,NOT PRESENT,False,2460,NOT PRESENT,
2026-09-20T14:41:03.826526,Phi4-Mini,SLM,3.8B,ollama,20,[Contract: LOOKSMARTLTD_07_20_2012-EX-99.(D)(I)-SPONSORSHIP AGREEMENT] Does this...,NOT PRESENT (Volume Restriction),contract_clause_classification,unspecified,3,NOT PRESENT,False,2409,NOT PRESENT,
2026-09-20T14:41:10.301115,Phi4-Mini,SLM,3.8B,ollama,21,[Contract: DataCallTechnologies_20060918_SB-2A_EX-10.9_944510_EX-10.9_Content Li...,NOT PRESENT (Warranty Duration),contract_clause_classification,unspecified,1,PRESENT,False,4891,PRESENT,
2026-09-20T14:41:14.307940,Phi4-Mini,SLM,3.8B,ollama,21,[Contract: DataCallTechnologies_20060918_SB-2A_EX-10.9_944510_EX-10.9_Content Li...,NOT PRESENT (Warranty Duration),contract_clause_classification,unspecified,2,PRESENT,False,2426,PRESENT,
2026-09-20T14:41:18.319518,Phi4-Mini,SLM,3.8B,ollama,21,[Contract: DataCallTechnologies_20060918_SB-2A_EX-10.9_944510_EX-10.9_Content Li...,NOT PRESENT (Warranty Duration),contract_clause_classification,unspecified,3,PRESENT,False,2427,PRESENT,
2026-09-20T14:41:24.279192,Phi4-Mini,SLM,3.8B,ollama,22,[Contract: BANUESTRAFINANCIALCORP_09_08_2006-EX-10.16-AGENCY AGREEMENT] Does thi...,"PRESENT (Minimum Commitment): In the event the Company is unable to sell a minimum of 1,875,000 Shares on or before June 30, 2007, this Agreement shall terminate and the Company shall cause the Escrow Agent (as defined below) to r",contract_clause_classification,unspecified,1,NOT PRESENT,False,4371,NOT PRESENT,
2026-09-20T14:41:28.287702,Phi4-Mini,SLM,3.8B,ollama,22,[Contract: BANUESTRAFINANCIALCORP_09_08_2006-EX-10.16-AGENCY AGREEMENT] Does thi...,"PRESENT (Minimum Commitment): In the event the Company is unable to sell a minimum of 1,875,000 Shares on or before June 30, 2007, this Agreement shall terminate and the Company shall cause the Escrow Agent (as defined below) to r",contract_clause_classification,unspecified,2,NOT PRESENT,False,2427,NOT PRESENT,
2026-09-20T14:41:32.333927,Phi4-Mini,SLM,3.8B,ollama,22,[Contract: BANUESTRAFINANCIALCORP_09_08_2006-EX-10.16-AGENCY AGREEMENT] Does thi...,"PRESENT (Minimum Commitment): In the event the Company is unable to sell a minimum of 1,875,000 Shares on or before June 30, 2007, this Agreement shall terminate and the Company shall cause the Escrow Agent (as defined below) to r",contract_clause_classification,unspecified,3,NOT PRESENT,False,2466,NOT PRESENT,
2026-09-20T14:41:38.907921,Phi4-Mini,SLM,3.8B,ollama,23,[Contract: SoupmanInc_20150814_8-K_EX-10.1_9230148_EX-10.1_Franchise Agreement1]...,"PRESENT (No-Solicit Of Customers): In consideration for such training, trade secrets and confidential information, you and your principals agree that during the term of this Agreement, and for a continuous uninterrupted period commenci",contract_clause_classification,unspecified,1,NOT PRESENT,False,4985,NOT PRESENT,
2026-09-20T14:41:42.922017,Phi4-Mini,SLM,3.8B,ollama,23,[Contract: SoupmanInc_20150814_8-K_EX-10.1_9230148_EX-10.1_Franchise Agreement1]...,"PRESENT (No-Solicit Of Customers): In consideration for such training, trade secrets and confidential information, you and your principals agree that during the term of this Agreement, and for a continuous uninterrupted period commenci",contract_clause_classification,unspecified,2,NOT PRESENT,False,2423,NOT PRESENT,
2026-09-20T14:41:46.957526,Phi4-Mini,SLM,3.8B,ollama,23,[Contract: SoupmanInc_20150814_8-K_EX-10.1_9230148_EX-10.1_Franchise Agreement1]...,"PRESENT (No-Solicit Of Customers): In consideration for such training, trade secrets and confidential information, you and your principals agree that during the term of this Agreement, and for a continuous uninterrupted period commenci",contract_clause_classification,unspecified,3,NOT PRESENT,False,2432,NOT PRESENT,
2026-09-20T14:41:53.377859,Phi4-Mini,SLM,3.8B,ollama,24,[Contract: PareteumCorp_20081001_8-K_EX-99.1_2654808_EX-99.1_Hosting Agreement] ...,PRESENT (Governing Law): This Agreement shall be governed by and construed in all respects exclusively in accordance with the laws of the Netherlands.,contract_clause_classification,unspecified,1,PRESENT,False,4833,PRESENT,
2026-09-20T14:41:57.378279,Phi4-Mini,SLM,3.8B,ollama,24,[Contract: PareteumCorp_20081001_8-K_EX-99.1_2654808_EX-99.1_Hosting Agreement] ...,PRESENT (Governing Law): This Agreement shall be governed by and construed in all respects exclusively in accordance with the laws of the Netherlands.,contract_clause_classification,unspecified,2,PRESENT,False,2419,PRESENT,
2026-09-20T14:42:01.405697,Phi4-Mini,SLM,3.8B,ollama,24,[Contract: PareteumCorp_20081001_8-K_EX-99.1_2654808_EX-99.1_Hosting Agreement] ...,PRESENT (Governing Law): This Agreement shall be governed by and construed in all respects exclusively in accordance with the laws of the Netherlands.,contract_clause_classification,unspecified,3,PRESENT,False,2439,PRESENT,
2026-09-20T14:42:07.841861,Phi4-Mini,SLM,3.8B,ollama,25,[Contract: StaarSurgicalCompany_20180801_10-Q_EX-10.37_11289449_EX-10.37_Distrib...,PRESENT (Document Name): DISTRIBUTORSHIP AGREEMENT,contract_clause_classification,unspecified,1,PRESENT,False,4853,PRESENT,
2026-09-20T14:42:11.858842,Phi4-Mini,SLM,3.8B,ollama,25,[Contract: StaarSurgicalCompany_20180801_10-Q_EX-10.37_11289449_EX-10.37_Distrib...,PRESENT (Document Name): DISTRIBUTORSHIP AGREEMENT,contract_clause_classification,unspecified,2,PRESENT,False,2424,PRESENT,
2026-09-20T14:42:15.870431,Phi4-Mini,SLM,3.8B,ollama,25,[Contract: StaarSurgicalCompany_20180801_10-Q_EX-10.37_11289449_EX-10.37_Distrib...,PRESENT (Document Name): DISTRIBUTORSHIP AGREEMENT,contract_clause_classification,unspecified,3,PRESENT,False,2421,PRESENT,
2026-09-20T14:42:22.638796,Phi4-Mini,SLM,3.8B,ollama,26,"[Contract: GOOSEHEADINSURANCE,INC_04_02_2018-EX-10.6-Franchise Agreement] Does t...","PRESENT (Covenant Not To Sue): Neither you nor any of your owners, principals, or other persons acting on your behalf will directly or indirectly contest the validity or our ownership of the Proprietary Marks, nor will you, directl",contract_clause_classification,unspecified,1,NOT PRESENT,False,5180,NOT PRESENT,
2026-09-20T14:42:26.660773,Phi4-Mini,SLM,3.8B,ollama,26,"[Contract: GOOSEHEADINSURANCE,INC_04_02_2018-EX-10.6-Franchise Agreement] Does t...","PRESENT (Covenant Not To Sue): Neither you nor any of your owners, principals, or other persons acting on your behalf will directly or indirectly contest the validity or our ownership of the Proprietary Marks, nor will you, directl",contract_clause_classification,unspecified,2,NOT PRESENT,False,2444,NOT PRESENT,
2026-09-20T14:42:30.678104,Phi4-Mini,SLM,3.8B,ollama,26,"[Contract: GOOSEHEADINSURANCE,INC_04_02_2018-EX-10.6-Franchise Agreement] Does t...","PRESENT (Covenant Not To Sue): Neither you nor any of your owners, principals, or other persons acting on your behalf will directly or indirectly contest the validity or our ownership of the Proprietary Marks, nor will you, directl",contract_clause_classification,unspecified,3,NOT PRESENT,False,2431,NOT PRESENT,
2026-09-20T14:42:36.640273,Phi4-Mini,SLM,3.8B,ollama,27,"[Contract: XACCT Technologies, Inc.SUPPORT AND MAINTENANCE AGREEMENT] Does this ...",NOT PRESENT (No-Solicit Of Employees),contract_clause_classification,unspecified,1,NOT PRESENT,False,4366,NOT PRESENT,
2026-09-20T14:42:40.668455,Phi4-Mini,SLM,3.8B,ollama,27,"[Contract: XACCT Technologies, Inc.SUPPORT AND MAINTENANCE AGREEMENT] Does this ...",NOT PRESENT (No-Solicit Of Employees),contract_clause_classification,unspecified,2,NOT PRESENT,False,2435,NOT PRESENT,
2026-09-20T14:42:44.658202,Phi4-Mini,SLM,3.8B,ollama,27,"[Contract: XACCT Technologies, Inc.SUPPORT AND MAINTENANCE AGREEMENT] Does this ...",NOT PRESENT (No-Solicit Of Employees),contract_clause_classification,unspecified,3,NOT PRESENT,False,2415,NOT PRESENT,
2026-09-20T14:42:50.909417,Phi4-Mini,SLM,3.8B,ollama,28,[Contract: ADAMSGOLFINC_03_21_2005-EX-10.17-ENDORSEMENT AGREEMENT] Does this con...,PRESENT (Governing Law): This Agreement shall be governed and construed according to the laws of the State of Kansas.,contract_clause_classification,unspecified,1,PRESENT,False,4667,PRESENT,
2026-09-20T14:42:54.943827,Phi4-Mini,SLM,3.8B,ollama,28,[Contract: ADAMSGOLFINC_03_21_2005-EX-10.17-ENDORSEMENT AGREEMENT] Does this con...,PRESENT (Governing Law): This Agreement shall be governed and construed according to the laws of the State of Kansas.,contract_clause_classification,unspecified,2,PRESENT,False,2449,PRESENT,
2026-09-20T14:42:58.985869,Phi4-Mini,SLM,3.8B,ollama,28,[Contract: ADAMSGOLFINC_03_21_2005-EX-10.17-ENDORSEMENT AGREEMENT] Does this con...,PRESENT (Governing Law): This Agreement shall be governed and construed according to the laws of the State of Kansas.,contract_clause_classification,unspecified,3,PRESENT,False,2449,PRESENT,
2026-09-20T14:43:05.306935,Phi4-Mini,SLM,3.8B,ollama,29,"[Contract: ELFBEAUTY,INC_07_02_2020-EX-10.1-COOPERATION AGREEMENT] Does this con...",NOT PRESENT (Joint Ip Ownership),contract_clause_classification,unspecified,1,NOT PRESENT,False,4724,NOT PRESENT,
2026-09-20T14:43:09.388513,Phi4-Mini,SLM,3.8B,ollama,29,"[Contract: ELFBEAUTY,INC_07_02_2020-EX-10.1-COOPERATION AGREEMENT] Does this con...",NOT PRESENT (Joint Ip Ownership),contract_clause_classification,unspecified,2,NOT PRESENT,False,2487,NOT PRESENT,
2026-09-20T14:43:13.384697,Phi4-Mini,SLM,3.8B,ollama,29,"[Contract: ELFBEAUTY,INC_07_02_2020-EX-10.1-COOPERATION AGREEMENT] Does this con...",NOT PRESENT (Joint Ip Ownership),contract_clause_classification,unspecified,3,NOT PRESENT,False,2413,NOT PRESENT,
2026-09-20T14:43:19.712636,Phi4-Mini,SLM,3.8B,ollama,30,[Contract: BNLFINANCIALCORP_03_30_2007-EX-10.8-OUTSOURCING AGREEMENT] Does this ...,NOT PRESENT (Source Code Escrow),contract_clause_classification,unspecified,1,NOT PRESENT,False,4735,NOT PRESENT,
2026-09-20T14:43:23.763011,Phi4-Mini,SLM,3.8B,ollama,30,[Contract: BNLFINANCIALCORP_03_30_2007-EX-10.8-OUTSOURCING AGREEMENT] Does this ...,NOT PRESENT (Source Code Escrow),contract_clause_classification,unspecified,2,NOT PRESENT,False,2467,NOT PRESENT,
2026-09-20T14:43:27.754339,Phi4-Mini,SLM,3.8B,ollama,30,[Contract: BNLFINANCIALCORP_03_30_2007-EX-10.8-OUTSOURCING AGREEMENT] Does this ...,NOT PRESENT (Source Code Escrow),contract_clause_classification,unspecified,3,NOT PRESENT,False,2412,NOT PRESENT,
2026-09-20T14:43:56.810343,Gemma3-4B,SLM,4B,ollama,1,"[Contract: NETGEAR,INC_04_21_2003-EX-10.16-AMENDMENT TO THE DISTRIBUTOR AGREEMEN...",NOT PRESENT (Third Party Beneficiary),contract_clause_classification,unspecified,1,NOT PRESENT,False,22196,NOT PRESENT,
2026-09-20T14:44:01.170630,Gemma3-4B,SLM,4B,ollama,1,"[Contract: NETGEAR,INC_04_21_2003-EX-10.16-AMENDMENT TO THE DISTRIBUTOR AGREEMEN...",NOT PRESENT (Third Party Beneficiary),contract_clause_classification,unspecified,2,NOT PRESENT,False,2747,NOT PRESENT,
2026-09-20T14:44:05.495754,Gemma3-4B,SLM,4B,ollama,1,"[Contract: NETGEAR,INC_04_21_2003-EX-10.16-AMENDMENT TO THE DISTRIBUTOR AGREEMEN...",NOT PRESENT (Third Party Beneficiary),contract_clause_classification,unspecified,3,NOT PRESENT,False,2735,NOT PRESENT,
2026-09-20T14:44:14.315708,Gemma3-4B,SLM,4B,ollama,2,"[Contract: SIBANNAC,INC_12_04_2017-EX-2.1-Strategic Alliance Agreement] Does thi...",NOT PRESENT (Third Party Beneficiary),contract_clause_classification,unspecified,1,NOT PRESENT,False,7241,NOT PRESENT,
2026-09-20T14:44:18.582941,Gemma3-4B,SLM,4B,ollama,2,"[Contract: SIBANNAC,INC_12_04_2017-EX-2.1-Strategic Alliance Agreement] Does thi...",NOT PRESENT (Third Party Beneficiary),contract_clause_classification,unspecified,2,NOT PRESENT,False,2676,NOT PRESENT,
2026-09-20T14:44:22.853126,Gemma3-4B,SLM,4B,ollama,2,"[Contract: SIBANNAC,INC_12_04_2017-EX-2.1-Strategic Alliance Agreement] Does thi...",NOT PRESENT (Third Party Beneficiary),contract_clause_classification,unspecified,3,NOT PRESENT,False,2694,NOT PRESENT,
2026-09-20T14:44:32.276654,Gemma3-4B,SLM,4B,ollama,3,[Contract: AgapeAtpCorp_20191202_10-KA_EX-10.1_11911128_EX-10.1_Supply Agreement...,NOT PRESENT (Audit Rights),contract_clause_classification,unspecified,1,PRESENT,False,7848,PRESENT,
2026-09-20T14:44:36.395598,Gemma3-4B,SLM,4B,ollama,3,[Contract: AgapeAtpCorp_20191202_10-KA_EX-10.1_11911128_EX-10.1_Supply Agreement...,NOT PRESENT (Audit Rights),contract_clause_classification,unspecified,2,PRESENT,False,2529,PRESENT,
2026-09-20T14:44:40.598794,Gemma3-4B,SLM,4B,ollama,3,[Contract: AgapeAtpCorp_20191202_10-KA_EX-10.1_11911128_EX-10.1_Supply Agreement...,NOT PRESENT (Audit Rights),contract_clause_classification,unspecified,3,PRESENT,False,2583,PRESENT,
2026-09-20T14:44:50.531620,Gemma3-4B,SLM,4B,ollama,4,[Contract: PLAYAHOTELS_RESORTSNV_03_14_2017-EX-10.22-STRATEGIC ALLIANCE AGREEMEN...,NOT PRESENT (Unlimited/All-You-Can-Eat-License),contract_clause_classification,unspecified,1,NOT PRESENT,False,8354,NOT PRESENT,
2026-09-20T14:44:54.798832,Gemma3-4B,SLM,4B,ollama,4,[Contract: PLAYAHOTELS_RESORTSNV_03_14_2017-EX-10.22-STRATEGIC ALLIANCE AGREEMEN...,NOT PRESENT (Unlimited/All-You-Can-Eat-License),contract_clause_classification,unspecified,2,NOT PRESENT,False,2683,NOT PRESENT,
2026-09-20T14:44:59.081012,Gemma3-4B,SLM,4B,ollama,4,[Contract: PLAYAHOTELS_RESORTSNV_03_14_2017-EX-10.22-STRATEGIC ALLIANCE AGREEMEN...,NOT PRESENT (Unlimited/All-You-Can-Eat-License),contract_clause_classification,unspecified,3,NOT PRESENT,False,2696,NOT PRESENT,
2026-09-20T14:45:08.775321,Gemma3-4B,SLM,4B,ollama,5,[Contract: USASYNTHETICFUELCORP_10_21_2010-EX-10.10-STRATEGIC ALLIANCE AGREEMENT...,NOT PRESENT (Rofr/Rofo/Rofn),contract_clause_classification,unspecified,1,PRESENT,False,8110,PRESENT,
2026-09-20T14:45:12.929007,Gemma3-4B,SLM,4B,ollama,5,[Contract: USASYNTHETICFUELCORP_10_21_2010-EX-10.10-STRATEGIC ALLIANCE AGREEMENT...,NOT PRESENT (Rofr/Rofo/Rofn),contract_clause_classification,unspecified,2,PRESENT,False,2576,PRESENT,
2026-09-20T14:45:17.117072,Gemma3-4B,SLM,4B,ollama,5,[Contract: USASYNTHETICFUELCORP_10_21_2010-EX-10.10-STRATEGIC ALLIANCE AGREEMENT...,NOT PRESENT (Rofr/Rofo/Rofn),contract_clause_classification,unspecified,3,PRESENT,False,2612,PRESENT,
2026-09-20T14:45:25.737227,Gemma3-4B,SLM,4B,ollama,6,[Contract: ATMOSENERGYCORP_11_22_2002-EX-10.17-TRANSPORTATION SERVICE AGREEMENT]...,"PRESENT (Minimum Commitment): Quantity of capacity to be released: Max 13,370 Dfli/Day,                                Min 13,370 DthDay.",contract_clause_classification,unspecified,1,PRESENT,False,7025,PRESENT,
2026-09-20T14:45:29.981028,Gemma3-4B,SLM,4B,ollama,6,[Contract: ATMOSENERGYCORP_11_22_2002-EX-10.17-TRANSPORTATION SERVICE AGREEMENT]...,"PRESENT (Minimum Commitment): Quantity of capacity to be released: Max 13,370 Dfli/Day,                                Min 13,370 DthDay.",contract_clause_classification,unspecified,2,PRESENT,False,2660,PRESENT,
2026-09-20T14:45:34.226275,Gemma3-4B,SLM,4B,ollama,6,[Contract: ATMOSENERGYCORP_11_22_2002-EX-10.17-TRANSPORTATION SERVICE AGREEMENT]...,"PRESENT (Minimum Commitment): Quantity of capacity to be released: Max 13,370 Dfli/Day,                                Min 13,370 DthDay.",contract_clause_classification,unspecified,3,PRESENT,False,2601,PRESENT,
2026-09-20T14:45:43.640403,Gemma3-4B,SLM,4B,ollama,7,[Contract: WEBHELPCOMINC_03_22_2000-EX-10.8-HOSTING AGREEMENT] Does this contrac...,NOT PRESENT (Warranty Duration),contract_clause_classification,unspecified,1,PRESENT,False,7805,PRESENT,
2026-09-20T14:45:47.977403,Gemma3-4B,SLM,4B,ollama,7,[Contract: WEBHELPCOMINC_03_22_2000-EX-10.8-HOSTING AGREEMENT] Does this contrac...,NOT PRESENT (Warranty Duration),contract_clause_classification,unspecified,2,PRESENT,False,2652,PRESENT,
2026-09-20T14:45:52.157909,Gemma3-4B,SLM,4B,ollama,7,[Contract: WEBHELPCOMINC_03_22_2000-EX-10.8-HOSTING AGREEMENT] Does this contrac...,NOT PRESENT (Warranty Duration),contract_clause_classification,unspecified,3,PRESENT,False,2588,PRESENT,
2026-09-20T14:46:01.411559,Gemma3-4B,SLM,4B,ollama,8,[Contract: BANUESTRAFINANCIALCORP_09_08_2006-EX-10.16-AGENCY AGREEMENT] Does thi...,NOT PRESENT (Cap On Liability),contract_clause_classification,unspecified,1,PRESENT,False,7618,PRESENT,
2026-09-20T14:46:05.568193,Gemma3-4B,SLM,4B,ollama,8,[Contract: BANUESTRAFINANCIALCORP_09_08_2006-EX-10.16-AGENCY AGREEMENT] Does thi...,NOT PRESENT (Cap On Liability),contract_clause_classification,unspecified,2,PRESENT,False,2549,PRESENT,
2026-09-20T14:46:09.753597,Gemma3-4B,SLM,4B,ollama,8,[Contract: BANUESTRAFINANCIALCORP_09_08_2006-EX-10.16-AGENCY AGREEMENT] Does thi...,NOT PRESENT (Cap On Liability),contract_clause_classification,unspecified,3,PRESENT,False,2608,PRESENT,
2026-09-20T14:46:18.745077,Gemma3-4B,SLM,4B,ollama,9,"[Contract: OASYSMOBILE,INC_07_05_2001-EX-10.17-OUTSOURCING AGREEMENT] Does this ...",PRESENT (Revenue/Profit Sharing): HSNS agrees to pay E.piphany an additional                   $0.005 per email for any email distributed by HSNS as a result                   of any deal it closes that either results from a lead     ,contract_clause_classification,unspecified,1,NOT PRESENT,False,7416,NOT PRESENT,
2026-09-20T14:46:23.042745,Gemma3-4B,SLM,4B,ollama,9,"[Contract: OASYSMOBILE,INC_07_05_2001-EX-10.17-OUTSOURCING AGREEMENT] Does this ...",PRESENT (Revenue/Profit Sharing): HSNS agrees to pay E.piphany an additional                   $0.005 per email for any email distributed by HSNS as a result                   of any deal it closes that either results from a lead     ,contract_clause_classification,unspecified,2,NOT PRESENT,False,2704,NOT PRESENT,
2026-09-20T14:46:27.414642,Gemma3-4B,SLM,4B,ollama,9,"[Contract: OASYSMOBILE,INC_07_05_2001-EX-10.17-OUTSOURCING AGREEMENT] Does this ...",PRESENT (Revenue/Profit Sharing): HSNS agrees to pay E.piphany an additional                   $0.005 per email for any email distributed by HSNS as a result                   of any deal it closes that either results from a lead     ,contract_clause_classification,unspecified,3,NOT PRESENT,False,2776,NOT PRESENT,
2026-09-20T14:46:36.424708,Gemma3-4B,SLM,4B,ollama,10,"[Contract: OPTIMIZEDTRANSPORTATIONMANAGEMENT,INC_07_26_2000-EX-6.6-DISTRIBUTOR A...",NOT PRESENT (Insurance),contract_clause_classification,unspecified,1,PRESENT,False,7436,PRESENT,
2026-09-20T14:46:40.596507,Gemma3-4B,SLM,4B,ollama,10,"[Contract: OPTIMIZEDTRANSPORTATIONMANAGEMENT,INC_07_26_2000-EX-6.6-DISTRIBUTOR A...",NOT PRESENT (Insurance),contract_clause_classification,unspecified,2,PRESENT,False,2582,PRESENT,
2026-09-20T14:46:44.761806,Gemma3-4B,SLM,4B,ollama,10,"[Contract: OPTIMIZEDTRANSPORTATIONMANAGEMENT,INC_07_26_2000-EX-6.6-DISTRIBUTOR A...",NOT PRESENT (Insurance),contract_clause_classification,unspecified,3,PRESENT,False,2580,PRESENT,
2026-09-20T14:46:54.093447,Gemma3-4B,SLM,4B,ollama,11,[Contract: BNLFINANCIALCORP_03_30_2007-EX-10.8-OUTSOURCING AGREEMENT] Does this ...,NOT PRESENT (Most Favored Nation),contract_clause_classification,unspecified,1,NOT PRESENT,False,7700,NOT PRESENT,
2026-09-20T14:46:58.358166,Gemma3-4B,SLM,4B,ollama,11,[Contract: BNLFINANCIALCORP_03_30_2007-EX-10.8-OUTSOURCING AGREEMENT] Does this ...,NOT PRESENT (Most Favored Nation),contract_clause_classification,unspecified,2,NOT PRESENT,False,2686,NOT PRESENT,
2026-09-20T14:47:02.575214,Gemma3-4B,SLM,4B,ollama,11,[Contract: BNLFINANCIALCORP_03_30_2007-EX-10.8-OUTSOURCING AGREEMENT] Does this ...,NOT PRESENT (Most Favored Nation),contract_clause_classification,unspecified,3,NOT PRESENT,False,2632,NOT PRESENT,
2026-09-20T14:47:11.938733,Gemma3-4B,SLM,4B,ollama,12,"[Contract: BORROWMONEYCOM,INC_06_11_2020-EX-10.1-JOINT VENTURE AGREEMENT] Does t...",NOT PRESENT (Rofr/Rofo/Rofn),contract_clause_classification,unspecified,1,PRESENT,False,7783,PRESENT,
2026-09-20T14:47:16.186480,Gemma3-4B,SLM,4B,ollama,12,"[Contract: BORROWMONEYCOM,INC_06_11_2020-EX-10.1-JOINT VENTURE AGREEMENT] Does t...",NOT PRESENT (Rofr/Rofo/Rofn),contract_clause_classification,unspecified,2,NOT PRESENT,False,2662,NOT PRESENT,
2026-09-20T14:47:20.418896,Gemma3-4B,SLM,4B,ollama,12,"[Contract: BORROWMONEYCOM,INC_06_11_2020-EX-10.1-JOINT VENTURE AGREEMENT] Does t...",NOT PRESENT (Rofr/Rofo/Rofn),contract_clause_classification,unspecified,3,NOT PRESENT,False,2654,NOT PRESENT,
2026-09-20T14:47:30.265229,Gemma3-4B,SLM,4B,ollama,13,[Contract: Freecook_20180605_S-1_EX-10.3_11233807_EX-10.3_Hosting Agreement] Doe...,NOT PRESENT (Audit Rights),contract_clause_classification,unspecified,1,PRESENT,False,8255,PRESENT,
2026-09-20T14:47:34.409225,Gemma3-4B,SLM,4B,ollama,13,[Contract: Freecook_20180605_S-1_EX-10.3_11233807_EX-10.3_Hosting Agreement] Doe...,NOT PRESENT (Audit Rights),contract_clause_classification,unspecified,2,PRESENT,False,2557,PRESENT,
2026-09-20T14:47:38.599784,Gemma3-4B,SLM,4B,ollama,13,[Contract: Freecook_20180605_S-1_EX-10.3_11233807_EX-10.3_Hosting Agreement] Doe...,NOT PRESENT (Audit Rights),contract_clause_classification,unspecified,3,PRESENT,False,2609,PRESENT,
2026-09-20T14:47:48.164015,Gemma3-4B,SLM,4B,ollama,14,[Contract: VARIABLESEPARATEACCOUNT_04_30_2014-EX-13.C-UNCONDITIONAL CAPITAL MAIN...,NOT PRESENT (Liquidated Damages),contract_clause_classification,unspecified,1,NOT PRESENT,False,7974,NOT PRESENT,
2026-09-20T14:47:52.453031,Gemma3-4B,SLM,4B,ollama,14,[Contract: VARIABLESEPARATEACCOUNT_04_30_2014-EX-13.C-UNCONDITIONAL CAPITAL MAIN...,NOT PRESENT (Liquidated Damages),contract_clause_classification,unspecified,2,NOT PRESENT,False,2708,NOT PRESENT,
2026-09-20T14:47:56.787345,Gemma3-4B,SLM,4B,ollama,14,[Contract: VARIABLESEPARATEACCOUNT_04_30_2014-EX-13.C-UNCONDITIONAL CAPITAL MAIN...,NOT PRESENT (Liquidated Damages),contract_clause_classification,unspecified,3,NOT PRESENT,False,2756,NOT PRESENT,
2026-09-20T14:48:06.794130,Gemma3-4B,SLM,4B,ollama,15,[Contract: MorganStanleyDirectLendingFund_20191119_10-12GA_EX-10.5_11898508_EX-1...,NOT PRESENT (Irrevocable Or Perpetual License),contract_clause_classification,unspecified,1,NOT PRESENT,False,8414,NOT PRESENT,
2026-09-20T14:48:11.088346,Gemma3-4B,SLM,4B,ollama,15,[Contract: MorganStanleyDirectLendingFund_20191119_10-12GA_EX-10.5_11898508_EX-1...,NOT PRESENT (Irrevocable Or Perpetual License),contract_clause_classification,unspecified,2,NOT PRESENT,False,2715,NOT PRESENT,
2026-09-20T14:48:15.383031,Gemma3-4B,SLM,4B,ollama,15,[Contract: MorganStanleyDirectLendingFund_20191119_10-12GA_EX-10.5_11898508_EX-1...,NOT PRESENT (Irrevocable Or Perpetual License),contract_clause_classification,unspecified,3,NOT PRESENT,False,2700,NOT PRESENT,
2026-09-20T14:48:24.979902,Gemma3-4B,SLM,4B,ollama,16,[Contract: TomOnlineInc_20060501_20-F_EX-4.46_749700_EX-4.46_Co-Branding Agreeme...,NOT PRESENT (Insurance),contract_clause_classification,unspecified,1,NOT PRESENT,False,8013,NOT PRESENT,
2026-09-20T14:48:29.266471,Gemma3-4B,SLM,4B,ollama,16,[Contract: TomOnlineInc_20060501_20-F_EX-4.46_749700_EX-4.46_Co-Branding Agreeme...,NOT PRESENT (Insurance),contract_clause_classification,unspecified,2,NOT PRESENT,False,2695,NOT PRESENT,
2026-09-20T14:48:33.662472,Gemma3-4B,SLM,4B,ollama,16,[Contract: TomOnlineInc_20060501_20-F_EX-4.46_749700_EX-4.46_Co-Branding Agreeme...,NOT PRESENT (Insurance),contract_clause_classification,unspecified,3,NOT PRESENT,False,2819,NOT PRESENT,
2026-09-20T14:48:43.374890,Gemma3-4B,SLM,4B,ollama,17,[Contract: TheglobeComInc_19990503_S-1A_EX-10.20_5416126_EX-10.20_Co-Branding Ag...,NOT PRESENT (Liquidated Damages),contract_clause_classification,unspecified,1,NOT PRESENT,False,8060,NOT PRESENT,
2026-09-20T14:48:47.669583,Gemma3-4B,SLM,4B,ollama,17,[Contract: TheglobeComInc_19990503_S-1A_EX-10.20_5416126_EX-10.20_Co-Branding Ag...,NOT PRESENT (Liquidated Damages),contract_clause_classification,unspecified,2,NOT PRESENT,False,2671,NOT PRESENT,
2026-09-20T14:48:52.008319,Gemma3-4B,SLM,4B,ollama,17,[Contract: TheglobeComInc_19990503_S-1A_EX-10.20_5416126_EX-10.20_Co-Branding Ag...,NOT PRESENT (Liquidated Damages),contract_clause_classification,unspecified,3,NOT PRESENT,False,2754,NOT PRESENT,
2026-09-20T14:49:00.715952,Gemma3-4B,SLM,4B,ollama,18,[Contract: NEXSTARFINANCEHOLDINGSINC_03_27_2002-EX-10.26-OUTSOURCING AGREEMENT] ...,NOT PRESENT (Renewal Term),contract_clause_classification,unspecified,1,PRESENT,False,7124,PRESENT,
2026-09-20T14:49:04.904962,Gemma3-4B,SLM,4B,ollama,18,[Contract: NEXSTARFINANCEHOLDINGSINC_03_27_2002-EX-10.26-OUTSOURCING AGREEMENT] ...,NOT PRESENT (Renewal Term),contract_clause_classification,unspecified,2,PRESENT,False,2600,PRESENT,
2026-09-20T14:49:09.036466,Gemma3-4B,SLM,4B,ollama,18,[Contract: NEXSTARFINANCEHOLDINGSINC_03_27_2002-EX-10.26-OUTSOURCING AGREEMENT] ...,NOT PRESENT (Renewal Term),contract_clause_classification,unspecified,3,PRESENT,False,2558,PRESENT,
2026-09-20T14:49:18.451864,Gemma3-4B,SLM,4B,ollama,19,[Contract: BONTONSTORESINC_04_20_2018-EX-99.3-AGENCY AGREEMENT] Does this contra...,NOT PRESENT (Most Favored Nation),contract_clause_classification,unspecified,1,NOT PRESENT,False,7834,NOT PRESENT,
2026-09-20T14:49:22.729773,Gemma3-4B,SLM,4B,ollama,19,[Contract: BONTONSTORESINC_04_20_2018-EX-99.3-AGENCY AGREEMENT] Does this contra...,NOT PRESENT (Most Favored Nation),contract_clause_classification,unspecified,2,NOT PRESENT,False,2700,NOT PRESENT,
2026-09-20T14:49:26.960159,Gemma3-4B,SLM,4B,ollama,19,[Contract: BONTONSTORESINC_04_20_2018-EX-99.3-AGENCY AGREEMENT] Does this contra...,NOT PRESENT (Most Favored Nation),contract_clause_classification,unspecified,3,NOT PRESENT,False,2639,NOT PRESENT,
2026-09-20T14:49:36.048762,Gemma3-4B,SLM,4B,ollama,20,[Contract: LOOKSMARTLTD_07_20_2012-EX-99.(D)(I)-SPONSORSHIP AGREEMENT] Does this...,NOT PRESENT (Volume Restriction),contract_clause_classification,unspecified,1,NOT PRESENT,False,7504,NOT PRESENT,
2026-09-20T14:49:40.307670,Gemma3-4B,SLM,4B,ollama,20,[Contract: LOOKSMARTLTD_07_20_2012-EX-99.(D)(I)-SPONSORSHIP AGREEMENT] Does this...,NOT PRESENT (Volume Restriction),contract_clause_classification,unspecified,2,NOT PRESENT,False,2672,NOT PRESENT,
2026-09-20T14:49:44.536727,Gemma3-4B,SLM,4B,ollama,20,[Contract: LOOKSMARTLTD_07_20_2012-EX-99.(D)(I)-SPONSORSHIP AGREEMENT] Does this...,NOT PRESENT (Volume Restriction),contract_clause_classification,unspecified,3,NOT PRESENT,False,2641,NOT PRESENT,
2026-09-20T14:49:53.481595,Gemma3-4B,SLM,4B,ollama,21,[Contract: DataCallTechnologies_20060918_SB-2A_EX-10.9_944510_EX-10.9_Content Li...,NOT PRESENT (Warranty Duration),contract_clause_classification,unspecified,1,PRESENT,False,7354,PRESENT,
2026-09-20T14:49:57.663367,Gemma3-4B,SLM,4B,ollama,21,[Contract: DataCallTechnologies_20060918_SB-2A_EX-10.9_944510_EX-10.9_Content Li...,NOT PRESENT (Warranty Duration),contract_clause_classification,unspecified,2,PRESENT,False,2544,PRESENT,
2026-09-20T14:50:01.920099,Gemma3-4B,SLM,4B,ollama,21,[Contract: DataCallTechnologies_20060918_SB-2A_EX-10.9_944510_EX-10.9_Content Li...,NOT PRESENT (Warranty Duration),contract_clause_classification,unspecified,3,PRESENT,False,2673,PRESENT,
2026-09-20T14:50:10.742006,Gemma3-4B,SLM,4B,ollama,22,[Contract: BANUESTRAFINANCIALCORP_09_08_2006-EX-10.16-AGENCY AGREEMENT] Does thi...,"PRESENT (Minimum Commitment): In the event the Company is unable to sell a minimum of 1,875,000 Shares on or before June 30, 2007, this Agreement shall terminate and the Company shall cause the Escrow Agent (as defined below) to r",contract_clause_classification,unspecified,1,PRESENT,False,7226,PRESENT,
2026-09-20T14:50:14.852942,Gemma3-4B,SLM,4B,ollama,22,[Contract: BANUESTRAFINANCIALCORP_09_08_2006-EX-10.16-AGENCY AGREEMENT] Does thi...,"PRESENT (Minimum Commitment): In the event the Company is unable to sell a minimum of 1,875,000 Shares on or before June 30, 2007, this Agreement shall terminate and the Company shall cause the Escrow Agent (as defined below) to r",contract_clause_classification,unspecified,2,PRESENT,False,2520,PRESENT,
2026-09-20T14:50:19.077948,Gemma3-4B,SLM,4B,ollama,22,[Contract: BANUESTRAFINANCIALCORP_09_08_2006-EX-10.16-AGENCY AGREEMENT] Does thi...,"PRESENT (Minimum Commitment): In the event the Company is unable to sell a minimum of 1,875,000 Shares on or before June 30, 2007, this Agreement shall terminate and the Company shall cause the Escrow Agent (as defined below) to r",contract_clause_classification,unspecified,3,PRESENT,False,2645,PRESENT,
2026-09-20T14:50:29.543248,Gemma3-4B,SLM,4B,ollama,23,[Contract: SoupmanInc_20150814_8-K_EX-10.1_9230148_EX-10.1_Franchise Agreement1]...,"PRESENT (No-Solicit Of Customers): In consideration for such training, trade secrets and confidential information, you and your principals agree that during the term of this Agreement, and for a continuous uninterrupted period commenci",contract_clause_classification,unspecified,1,PRESENT,False,8880,PRESENT,
2026-09-20T14:50:33.803915,Gemma3-4B,SLM,4B,ollama,23,[Contract: SoupmanInc_20150814_8-K_EX-10.1_9230148_EX-10.1_Franchise Agreement1]...,"PRESENT (No-Solicit Of Customers): In consideration for such training, trade secrets and confidential information, you and your principals agree that during the term of this Agreement, and for a continuous uninterrupted period commenci",contract_clause_classification,unspecified,2,PRESENT,False,2599,PRESENT,
2026-09-20T14:50:37.963854,Gemma3-4B,SLM,4B,ollama,23,[Contract: SoupmanInc_20150814_8-K_EX-10.1_9230148_EX-10.1_Franchise Agreement1]...,"PRESENT (No-Solicit Of Customers): In consideration for such training, trade secrets and confidential information, you and your principals agree that during the term of this Agreement, and for a continuous uninterrupted period commenci",contract_clause_classification,unspecified,3,PRESENT,False,2578,PRESENT,
2026-09-20T14:50:47.257311,Gemma3-4B,SLM,4B,ollama,24,[Contract: PareteumCorp_20081001_8-K_EX-99.1_2654808_EX-99.1_Hosting Agreement] ...,PRESENT (Governing Law): This Agreement shall be governed by and construed in all respects exclusively in accordance with the laws of the Netherlands.,contract_clause_classification,unspecified,1,PRESENT,False,7712,PRESENT,
2026-09-20T14:50:51.442097,Gemma3-4B,SLM,4B,ollama,24,[Contract: PareteumCorp_20081001_8-K_EX-99.1_2654808_EX-99.1_Hosting Agreement] ...,PRESENT (Governing Law): This Agreement shall be governed by and construed in all respects exclusively in accordance with the laws of the Netherlands.,contract_clause_classification,unspecified,2,PRESENT,False,2608,PRESENT,
2026-09-20T14:50:55.571136,Gemma3-4B,SLM,4B,ollama,24,[Contract: PareteumCorp_20081001_8-K_EX-99.1_2654808_EX-99.1_Hosting Agreement] ...,PRESENT (Governing Law): This Agreement shall be governed by and construed in all respects exclusively in accordance with the laws of the Netherlands.,contract_clause_classification,unspecified,3,PRESENT,False,2539,PRESENT,
2026-09-20T14:51:05.912899,Gemma3-4B,SLM,4B,ollama,25,[Contract: StaarSurgicalCompany_20180801_10-Q_EX-10.37_11289449_EX-10.37_Distrib...,PRESENT (Document Name): DISTRIBUTORSHIP AGREEMENT,contract_clause_classification,unspecified,1,PRESENT,False,8757,PRESENT,
2026-09-20T14:51:10.118979,Gemma3-4B,SLM,4B,ollama,25,[Contract: StaarSurgicalCompany_20180801_10-Q_EX-10.37_11289449_EX-10.37_Distrib...,PRESENT (Document Name): DISTRIBUTORSHIP AGREEMENT,contract_clause_classification,unspecified,2,PRESENT,False,2625,PRESENT,
2026-09-20T14:51:14.246894,Gemma3-4B,SLM,4B,ollama,25,[Contract: StaarSurgicalCompany_20180801_10-Q_EX-10.37_11289449_EX-10.37_Distrib...,PRESENT (Document Name): DISTRIBUTORSHIP AGREEMENT,contract_clause_classification,unspecified,3,PRESENT,False,2535,PRESENT,
2026-09-20T14:51:23.394122,Gemma3-4B,SLM,4B,ollama,26,"[Contract: GOOSEHEADINSURANCE,INC_04_02_2018-EX-10.6-Franchise Agreement] Does t...","PRESENT (Covenant Not To Sue): Neither you nor any of your owners, principals, or other persons acting on your behalf will directly or indirectly contest the validity or our ownership of the Proprietary Marks, nor will you, directl",contract_clause_classification,unspecified,1,NOT PRESENT,False,7563,NOT PRESENT,
2026-09-20T14:51:27.689287,Gemma3-4B,SLM,4B,ollama,26,"[Contract: GOOSEHEADINSURANCE,INC_04_02_2018-EX-10.6-Franchise Agreement] Does t...","PRESENT (Covenant Not To Sue): Neither you nor any of your owners, principals, or other persons acting on your behalf will directly or indirectly contest the validity or our ownership of the Proprietary Marks, nor will you, directl",contract_clause_classification,unspecified,2,NOT PRESENT,False,2703,NOT PRESENT,
2026-09-20T14:51:32.080910,Gemma3-4B,SLM,4B,ollama,26,"[Contract: GOOSEHEADINSURANCE,INC_04_02_2018-EX-10.6-Franchise Agreement] Does t...","PRESENT (Covenant Not To Sue): Neither you nor any of your owners, principals, or other persons acting on your behalf will directly or indirectly contest the validity or our ownership of the Proprietary Marks, nor will you, directl",contract_clause_classification,unspecified,3,NOT PRESENT,False,2753,NOT PRESENT,
2026-09-20T14:51:40.081801,Gemma3-4B,SLM,4B,ollama,27,"[Contract: XACCT Technologies, Inc.SUPPORT AND MAINTENANCE AGREEMENT] Does this ...",NOT PRESENT (No-Solicit Of Employees),contract_clause_classification,unspecified,1,NOT PRESENT,False,6405,NOT PRESENT,
2026-09-20T14:51:44.361474,Gemma3-4B,SLM,4B,ollama,27,"[Contract: XACCT Technologies, Inc.SUPPORT AND MAINTENANCE AGREEMENT] Does this ...",NOT PRESENT (No-Solicit Of Employees),contract_clause_classification,unspecified,2,NOT PRESENT,False,2692,NOT PRESENT,
2026-09-20T14:51:48.670054,Gemma3-4B,SLM,4B,ollama,27,"[Contract: XACCT Technologies, Inc.SUPPORT AND MAINTENANCE AGREEMENT] Does this ...",NOT PRESENT (No-Solicit Of Employees),contract_clause_classification,unspecified,3,NOT PRESENT,False,2716,NOT PRESENT,
2026-09-20T14:51:57.597112,Gemma3-4B,SLM,4B,ollama,28,[Contract: ADAMSGOLFINC_03_21_2005-EX-10.17-ENDORSEMENT AGREEMENT] Does this con...,PRESENT (Governing Law): This Agreement shall be governed and construed according to the laws of the State of Kansas.,contract_clause_classification,unspecified,1,PRESENT,False,7328,PRESENT,
2026-09-20T14:52:01.807173,Gemma3-4B,SLM,4B,ollama,28,[Contract: ADAMSGOLFINC_03_21_2005-EX-10.17-ENDORSEMENT AGREEMENT] Does this con...,PRESENT (Governing Law): This Agreement shall be governed and construed according to the laws of the State of Kansas.,contract_clause_classification,unspecified,2,PRESENT,False,2626,PRESENT,
2026-09-20T14:52:05.980561,Gemma3-4B,SLM,4B,ollama,28,[Contract: ADAMSGOLFINC_03_21_2005-EX-10.17-ENDORSEMENT AGREEMENT] Does this con...,PRESENT (Governing Law): This Agreement shall be governed and construed according to the laws of the State of Kansas.,contract_clause_classification,unspecified,3,PRESENT,False,2588,PRESENT,
2026-09-20T14:52:15.108455,Gemma3-4B,SLM,4B,ollama,29,"[Contract: ELFBEAUTY,INC_07_02_2020-EX-10.1-COOPERATION AGREEMENT] Does this con...",NOT PRESENT (Joint Ip Ownership),contract_clause_classification,unspecified,1,NOT PRESENT,False,7550,NOT PRESENT,
2026-09-20T14:52:19.411275,Gemma3-4B,SLM,4B,ollama,29,"[Contract: ELFBEAUTY,INC_07_02_2020-EX-10.1-COOPERATION AGREEMENT] Does this con...",NOT PRESENT (Joint Ip Ownership),contract_clause_classification,unspecified,2,NOT PRESENT,False,2721,NOT PRESENT,
2026-09-20T14:52:23.698546,Gemma3-4B,SLM,4B,ollama,29,"[Contract: ELFBEAUTY,INC_07_02_2020-EX-10.1-COOPERATION AGREEMENT] Does this con...",NOT PRESENT (Joint Ip Ownership),contract_clause_classification,unspecified,3,NOT PRESENT,False,2670,NOT PRESENT,
2026-09-20T14:52:32.953048,Gemma3-4B,SLM,4B,ollama,30,[Contract: BNLFINANCIALCORP_03_30_2007-EX-10.8-OUTSOURCING AGREEMENT] Does this ...,NOT PRESENT (Source Code Escrow),contract_clause_classification,unspecified,1,NOT PRESENT,False,7673,NOT PRESENT,
2026-09-20T14:52:37.222499,Gemma3-4B,SLM,4B,ollama,30,[Contract: BNLFINANCIALCORP_03_30_2007-EX-10.8-OUTSOURCING AGREEMENT] Does this ...,NOT PRESENT (Source Code Escrow),contract_clause_classification,unspecified,2,NOT PRESENT,False,2683,NOT PRESENT,
2026-09-20T14:52:41.540270,Gemma3-4B,SLM,4B,ollama,30,[Contract: BNLFINANCIALCORP_03_30_2007-EX-10.8-OUTSOURCING AGREEMENT] Does this ...,NOT PRESENT (Source Code Escrow),contract_clause_classification,unspecified,3,NOT PRESENT,False,2729,NOT PRESENT,
2026-09-20T14:53:26.504777,Qwen2.5-7B,SLM,7B,ollama,1,"[Contract: NETGEAR,INC_04_21_2003-EX-10.16-AMENDMENT TO THE DISTRIBUTOR AGREEMEN...",NOT PRESENT (Third Party Beneficiary),contract_clause_classification,unspecified,1,NOT PRESENT,False,38055,NOT PRESENT,
2026-09-20T14:53:31.397875,Qwen2.5-7B,SLM,7B,ollama,1,"[Contract: NETGEAR,INC_04_21_2003-EX-10.16-AMENDMENT TO THE DISTRIBUTOR AGREEMEN...",NOT PRESENT (Third Party Beneficiary),contract_clause_classification,unspecified,2,NOT PRESENT,False,3121,NOT PRESENT,
2026-09-20T14:53:36.205101,Qwen2.5-7B,SLM,7B,ollama,1,"[Contract: NETGEAR,INC_04_21_2003-EX-10.16-AMENDMENT TO THE DISTRIBUTOR AGREEMEN...",NOT PRESENT (Third Party Beneficiary),contract_clause_classification,unspecified,3,NOT PRESENT,False,3182,NOT PRESENT,
2026-09-20T14:53:45.636173,Qwen2.5-7B,SLM,7B,ollama,2,"[Contract: SIBANNAC,INC_12_04_2017-EX-2.1-Strategic Alliance Agreement] Does thi...",NOT PRESENT (Third Party Beneficiary),contract_clause_classification,unspecified,1,NOT PRESENT,False,7794,NOT PRESENT,
2026-09-20T14:53:50.299544,Qwen2.5-7B,SLM,7B,ollama,2,"[Contract: SIBANNAC,INC_12_04_2017-EX-2.1-Strategic Alliance Agreement] Does thi...",NOT PRESENT (Third Party Beneficiary),contract_clause_classification,unspecified,2,NOT PRESENT,False,3027,NOT PRESENT,
2026-09-20T14:53:55.084341,Qwen2.5-7B,SLM,7B,ollama,2,"[Contract: SIBANNAC,INC_12_04_2017-EX-2.1-Strategic Alliance Agreement] Does thi...",NOT PRESENT (Third Party Beneficiary),contract_clause_classification,unspecified,3,NOT PRESENT,False,3157,NOT PRESENT,
2026-09-20T14:54:06.478455,Qwen2.5-7B,SLM,7B,ollama,3,[Contract: AgapeAtpCorp_20191202_10-KA_EX-10.1_11911128_EX-10.1_Supply Agreement...,NOT PRESENT (Audit Rights),contract_clause_classification,unspecified,1,NOT PRESENT,False,9751,NOT PRESENT,
2026-09-20T14:54:11.086994,Qwen2.5-7B,SLM,7B,ollama,3,[Contract: AgapeAtpCorp_20191202_10-KA_EX-10.1_11911128_EX-10.1_Supply Agreement...,NOT PRESENT (Audit Rights),contract_clause_classification,unspecified,2,NOT PRESENT,False,2969,NOT PRESENT,
2026-09-20T14:54:15.763779,Qwen2.5-7B,SLM,7B,ollama,3,[Contract: AgapeAtpCorp_20191202_10-KA_EX-10.1_11911128_EX-10.1_Supply Agreement...,NOT PRESENT (Audit Rights),contract_clause_classification,unspecified,3,NOT PRESENT,False,3080,NOT PRESENT,
2026-09-20T14:54:26.443101,Qwen2.5-7B,SLM,7B,ollama,4,[Contract: PLAYAHOTELS_RESORTSNV_03_14_2017-EX-10.22-STRATEGIC ALLIANCE AGREEMEN...,NOT PRESENT (Unlimited/All-You-Can-Eat-License),contract_clause_classification,unspecified,1,NOT PRESENT,False,9053,NOT PRESENT,
2026-09-20T14:54:31.147412,Qwen2.5-7B,SLM,7B,ollama,4,[Contract: PLAYAHOTELS_RESORTSNV_03_14_2017-EX-10.22-STRATEGIC ALLIANCE AGREEMEN...,NOT PRESENT (Unlimited/All-You-Can-Eat-License),contract_clause_classification,unspecified,2,NOT PRESENT,False,3107,NOT PRESENT,
2026-09-20T14:54:35.688924,Qwen2.5-7B,SLM,7B,ollama,4,[Contract: PLAYAHOTELS_RESORTSNV_03_14_2017-EX-10.22-STRATEGIC ALLIANCE AGREEMEN...,NOT PRESENT (Unlimited/All-You-Can-Eat-License),contract_clause_classification,unspecified,3,NOT PRESENT,False,2934,NOT PRESENT,
2026-09-20T14:54:46.147910,Qwen2.5-7B,SLM,7B,ollama,5,[Contract: USASYNTHETICFUELCORP_10_21_2010-EX-10.10-STRATEGIC ALLIANCE AGREEMENT...,NOT PRESENT (Rofr/Rofo/Rofn),contract_clause_classification,unspecified,1,NOT PRESENT,False,8875,NOT PRESENT,
2026-09-20T14:54:51.055083,Qwen2.5-7B,SLM,7B,ollama,5,[Contract: USASYNTHETICFUELCORP_10_21_2010-EX-10.10-STRATEGIC ALLIANCE AGREEMENT...,NOT PRESENT (Rofr/Rofo/Rofn),contract_clause_classification,unspecified,2,NOT PRESENT,False,3281,NOT PRESENT,
2026-09-20T14:54:55.658104,Qwen2.5-7B,SLM,7B,ollama,5,[Contract: USASYNTHETICFUELCORP_10_21_2010-EX-10.10-STRATEGIC ALLIANCE AGREEMENT...,NOT PRESENT (Rofr/Rofo/Rofn),contract_clause_classification,unspecified,3,NOT PRESENT,False,3002,NOT PRESENT,
2026-09-20T14:55:05.446718,Qwen2.5-7B,SLM,7B,ollama,6,[Contract: ATMOSENERGYCORP_11_22_2002-EX-10.17-TRANSPORTATION SERVICE AGREEMENT]...,"PRESENT (Minimum Commitment): Quantity of capacity to be released: Max 13,370 Dfli/Day,                                Min 13,370 DthDay.",contract_clause_classification,unspecified,1,NOT PRESENT,False,8182,NOT PRESENT,
2026-09-20T14:55:10.090425,Qwen2.5-7B,SLM,7B,ollama,6,[Contract: ATMOSENERGYCORP_11_22_2002-EX-10.17-TRANSPORTATION SERVICE AGREEMENT]...,"PRESENT (Minimum Commitment): Quantity of capacity to be released: Max 13,370 Dfli/Day,                                Min 13,370 DthDay.",contract_clause_classification,unspecified,2,NOT PRESENT,False,2971,NOT PRESENT,
2026-09-20T14:55:14.601062,Qwen2.5-7B,SLM,7B,ollama,6,[Contract: ATMOSENERGYCORP_11_22_2002-EX-10.17-TRANSPORTATION SERVICE AGREEMENT]...,"PRESENT (Minimum Commitment): Quantity of capacity to be released: Max 13,370 Dfli/Day,                                Min 13,370 DthDay.",contract_clause_classification,unspecified,3,NOT PRESENT,False,2897,NOT PRESENT,
2026-09-20T14:55:23.384041,Qwen2.5-7B,SLM,7B,ollama,7,[Contract: WEBHELPCOMINC_03_22_2000-EX-10.8-HOSTING AGREEMENT] Does this contrac...,NOT PRESENT (Warranty Duration),contract_clause_classification,unspecified,1,NOT PRESENT,False,7165,NOT PRESENT,
2026-09-20T14:55:27.879109,Qwen2.5-7B,SLM,7B,ollama,7,[Contract: WEBHELPCOMINC_03_22_2000-EX-10.8-HOSTING AGREEMENT] Does this contrac...,NOT PRESENT (Warranty Duration),contract_clause_classification,unspecified,2,NOT PRESENT,False,2893,NOT PRESENT,
2026-09-20T14:55:32.766668,Qwen2.5-7B,SLM,7B,ollama,7,[Contract: WEBHELPCOMINC_03_22_2000-EX-10.8-HOSTING AGREEMENT] Does this contrac...,NOT PRESENT (Warranty Duration),contract_clause_classification,unspecified,3,NOT PRESENT,False,3228,NOT PRESENT,
2026-09-20T14:55:43.361345,Qwen2.5-7B,SLM,7B,ollama,8,[Contract: BANUESTRAFINANCIALCORP_09_08_2006-EX-10.16-AGENCY AGREEMENT] Does thi...,NOT PRESENT (Cap On Liability),contract_clause_classification,unspecified,1,NOT PRESENT,False,8981,NOT PRESENT,
2026-09-20T14:55:47.887216,Qwen2.5-7B,SLM,7B,ollama,8,[Contract: BANUESTRAFINANCIALCORP_09_08_2006-EX-10.16-AGENCY AGREEMENT] Does thi...,NOT PRESENT (Cap On Liability),contract_clause_classification,unspecified,2,NOT PRESENT,False,2922,NOT PRESENT,
2026-09-20T14:55:52.610513,Qwen2.5-7B,SLM,7B,ollama,8,[Contract: BANUESTRAFINANCIALCORP_09_08_2006-EX-10.16-AGENCY AGREEMENT] Does thi...,NOT PRESENT (Cap On Liability),contract_clause_classification,unspecified,3,NOT PRESENT,False,3106,NOT PRESENT,
2026-09-20T14:56:03.136559,Qwen2.5-7B,SLM,7B,ollama,9,"[Contract: OASYSMOBILE,INC_07_05_2001-EX-10.17-OUTSOURCING AGREEMENT] Does this ...",PRESENT (Revenue/Profit Sharing): HSNS agrees to pay E.piphany an additional                   $0.005 per email for any email distributed by HSNS as a result                   of any deal it closes that either results from a lead     ,contract_clause_classification,unspecified,1,NOT PRESENT,False,8941,NOT PRESENT,
2026-09-20T14:56:07.670416,Qwen2.5-7B,SLM,7B,ollama,9,"[Contract: OASYSMOBILE,INC_07_05_2001-EX-10.17-OUTSOURCING AGREEMENT] Does this ...",PRESENT (Revenue/Profit Sharing): HSNS agrees to pay E.piphany an additional                   $0.005 per email for any email distributed by HSNS as a result                   of any deal it closes that either results from a lead     ,contract_clause_classification,unspecified,2,NOT PRESENT,False,2937,NOT PRESENT,
2026-09-20T14:56:12.582095,Qwen2.5-7B,SLM,7B,ollama,9,"[Contract: OASYSMOBILE,INC_07_05_2001-EX-10.17-OUTSOURCING AGREEMENT] Does this ...",PRESENT (Revenue/Profit Sharing): HSNS agrees to pay E.piphany an additional                   $0.005 per email for any email distributed by HSNS as a result                   of any deal it closes that either results from a lead     ,contract_clause_classification,unspecified,3,NOT PRESENT,False,3256,NOT PRESENT,
2026-09-20T14:56:21.576616,Qwen2.5-7B,SLM,7B,ollama,10,"[Contract: OPTIMIZEDTRANSPORTATIONMANAGEMENT,INC_07_26_2000-EX-6.6-DISTRIBUTOR A...",NOT PRESENT (Insurance),contract_clause_classification,unspecified,1,NOT PRESENT,False,7409,NOT PRESENT,
2026-09-20T14:56:26.318897,Qwen2.5-7B,SLM,7B,ollama,10,"[Contract: OPTIMIZEDTRANSPORTATIONMANAGEMENT,INC_07_26_2000-EX-6.6-DISTRIBUTOR A...",NOT PRESENT (Insurance),contract_clause_classification,unspecified,2,NOT PRESENT,False,3114,NOT PRESENT,
2026-09-20T14:56:30.961021,Qwen2.5-7B,SLM,7B,ollama,10,"[Contract: OPTIMIZEDTRANSPORTATIONMANAGEMENT,INC_07_26_2000-EX-6.6-DISTRIBUTOR A...",NOT PRESENT (Insurance),contract_clause_classification,unspecified,3,NOT PRESENT,False,3029,NOT PRESENT,
2026-09-20T14:56:40.234006,Qwen2.5-7B,SLM,7B,ollama,11,[Contract: BNLFINANCIALCORP_03_30_2007-EX-10.8-OUTSOURCING AGREEMENT] Does this ...,NOT PRESENT (Most Favored Nation),contract_clause_classification,unspecified,1,NOT PRESENT,False,7621,NOT PRESENT,
2026-09-20T14:56:45.006821,Qwen2.5-7B,SLM,7B,ollama,11,[Contract: BNLFINANCIALCORP_03_30_2007-EX-10.8-OUTSOURCING AGREEMENT] Does this ...,NOT PRESENT (Most Favored Nation),contract_clause_classification,unspecified,2,NOT PRESENT,False,3030,NOT PRESENT,
2026-09-20T14:56:49.866410,Qwen2.5-7B,SLM,7B,ollama,11,[Contract: BNLFINANCIALCORP_03_30_2007-EX-10.8-OUTSOURCING AGREEMENT] Does this ...,NOT PRESENT (Most Favored Nation),contract_clause_classification,unspecified,3,NOT PRESENT,False,3158,NOT PRESENT,
2026-09-20T14:56:59.509940,Qwen2.5-7B,SLM,7B,ollama,12,"[Contract: BORROWMONEYCOM,INC_06_11_2020-EX-10.1-JOINT VENTURE AGREEMENT] Does t...",NOT PRESENT (Rofr/Rofo/Rofn),contract_clause_classification,unspecified,1,NOT PRESENT,False,8000,NOT PRESENT,
2026-09-20T14:57:04.159332,Qwen2.5-7B,SLM,7B,ollama,12,"[Contract: BORROWMONEYCOM,INC_06_11_2020-EX-10.1-JOINT VENTURE AGREEMENT] Does t...",NOT PRESENT (Rofr/Rofo/Rofn),contract_clause_classification,unspecified,2,NOT PRESENT,False,3009,NOT PRESENT,
2026-09-20T14:57:08.664270,Qwen2.5-7B,SLM,7B,ollama,12,"[Contract: BORROWMONEYCOM,INC_06_11_2020-EX-10.1-JOINT VENTURE AGREEMENT] Does t...",NOT PRESENT (Rofr/Rofo/Rofn),contract_clause_classification,unspecified,3,NOT PRESENT,False,2875,NOT PRESENT,
2026-09-20T14:57:18.612752,Qwen2.5-7B,SLM,7B,ollama,13,[Contract: Freecook_20180605_S-1_EX-10.3_11233807_EX-10.3_Hosting Agreement] Doe...,NOT PRESENT (Audit Rights),contract_clause_classification,unspecified,1,NOT PRESENT,False,8319,NOT PRESENT,
2026-09-20T14:57:24.977049,Qwen2.5-7B,SLM,7B,ollama,13,[Contract: Freecook_20180605_S-1_EX-10.3_11233807_EX-10.3_Hosting Agreement] Doe...,NOT PRESENT (Audit Rights),contract_clause_classification,unspecified,2,NOT PRESENT,False,4644,NOT PRESENT,
2026-09-20T14:57:29.495886,Qwen2.5-7B,SLM,7B,ollama,13,[Contract: Freecook_20180605_S-1_EX-10.3_11233807_EX-10.3_Hosting Agreement] Doe...,NOT PRESENT (Audit Rights),contract_clause_classification,unspecified,3,NOT PRESENT,False,2899,NOT PRESENT,
2026-09-20T14:57:38.792559,Qwen2.5-7B,SLM,7B,ollama,14,[Contract: VARIABLESEPARATEACCOUNT_04_30_2014-EX-13.C-UNCONDITIONAL CAPITAL MAIN...,NOT PRESENT (Liquidated Damages),contract_clause_classification,unspecified,1,NOT PRESENT,False,7666,NOT PRESENT,
2026-09-20T14:57:43.708268,Qwen2.5-7B,SLM,7B,ollama,14,[Contract: VARIABLESEPARATEACCOUNT_04_30_2014-EX-13.C-UNCONDITIONAL CAPITAL MAIN...,NOT PRESENT (Liquidated Damages),contract_clause_classification,unspecified,2,NOT PRESENT,False,3282,NOT PRESENT,
2026-09-20T14:57:48.224121,Qwen2.5-7B,SLM,7B,ollama,14,[Contract: VARIABLESEPARATEACCOUNT_04_30_2014-EX-13.C-UNCONDITIONAL CAPITAL MAIN...,NOT PRESENT (Liquidated Damages),contract_clause_classification,unspecified,3,NOT PRESENT,False,2903,NOT PRESENT,
2026-09-20T14:58:00.060556,Qwen2.5-7B,SLM,7B,ollama,15,[Contract: MorganStanleyDirectLendingFund_20191119_10-12GA_EX-10.5_11898508_EX-1...,NOT PRESENT (Irrevocable Or Perpetual License),contract_clause_classification,unspecified,1,NOT PRESENT,False,10108,NOT PRESENT,
2026-09-20T14:58:04.791568,Qwen2.5-7B,SLM,7B,ollama,15,[Contract: MorganStanleyDirectLendingFund_20191119_10-12GA_EX-10.5_11898508_EX-1...,NOT PRESENT (Irrevocable Or Perpetual License),contract_clause_classification,unspecified,2,NOT PRESENT,False,3069,NOT PRESENT,
2026-09-20T14:58:09.559601,Qwen2.5-7B,SLM,7B,ollama,15,[Contract: MorganStanleyDirectLendingFund_20191119_10-12GA_EX-10.5_11898508_EX-1...,NOT PRESENT (Irrevocable Or Perpetual License),contract_clause_classification,unspecified,3,NOT PRESENT,False,3156,NOT PRESENT,
2026-09-20T14:58:19.364348,Qwen2.5-7B,SLM,7B,ollama,16,[Contract: TomOnlineInc_20060501_20-F_EX-4.46_749700_EX-4.46_Co-Branding Agreeme...,NOT PRESENT (Insurance),contract_clause_classification,unspecified,1,NOT PRESENT,False,8131,NOT PRESENT,
2026-09-20T14:58:23.994840,Qwen2.5-7B,SLM,7B,ollama,16,[Contract: TomOnlineInc_20060501_20-F_EX-4.46_749700_EX-4.46_Co-Branding Agreeme...,NOT PRESENT (Insurance),contract_clause_classification,unspecified,2,NOT PRESENT,False,2927,NOT PRESENT,
2026-09-20T14:58:28.608465,Qwen2.5-7B,SLM,7B,ollama,16,[Contract: TomOnlineInc_20060501_20-F_EX-4.46_749700_EX-4.46_Co-Branding Agreeme...,NOT PRESENT (Insurance),contract_clause_classification,unspecified,3,NOT PRESENT,False,3010,NOT PRESENT,
2026-09-20T14:58:38.983696,Qwen2.5-7B,SLM,7B,ollama,17,[Contract: TheglobeComInc_19990503_S-1A_EX-10.20_5416126_EX-10.20_Co-Branding Ag...,NOT PRESENT (Liquidated Damages),contract_clause_classification,unspecified,1,NOT PRESENT,False,8744,NOT PRESENT,
2026-09-20T14:58:43.680611,Qwen2.5-7B,SLM,7B,ollama,17,[Contract: TheglobeComInc_19990503_S-1A_EX-10.20_5416126_EX-10.20_Co-Branding Ag...,NOT PRESENT (Liquidated Damages),contract_clause_classification,unspecified,2,NOT PRESENT,False,3038,NOT PRESENT,
2026-09-20T14:58:48.252043,Qwen2.5-7B,SLM,7B,ollama,17,[Contract: TheglobeComInc_19990503_S-1A_EX-10.20_5416126_EX-10.20_Co-Branding Ag...,NOT PRESENT (Liquidated Damages),contract_clause_classification,unspecified,3,NOT PRESENT,False,2920,NOT PRESENT,
2026-09-20T14:58:57.663237,Qwen2.5-7B,SLM,7B,ollama,18,[Contract: NEXSTARFINANCEHOLDINGSINC_03_27_2002-EX-10.26-OUTSOURCING AGREEMENT] ...,NOT PRESENT (Renewal Term),contract_clause_classification,unspecified,1,NOT PRESENT,False,7804,NOT PRESENT,
2026-09-20T14:59:02.589538,Qwen2.5-7B,SLM,7B,ollama,18,[Contract: NEXSTARFINANCEHOLDINGSINC_03_27_2002-EX-10.26-OUTSOURCING AGREEMENT] ...,NOT PRESENT (Renewal Term),contract_clause_classification,unspecified,2,NOT PRESENT,False,3240,NOT PRESENT,
2026-09-20T14:59:07.144929,Qwen2.5-7B,SLM,7B,ollama,18,[Contract: NEXSTARFINANCEHOLDINGSINC_03_27_2002-EX-10.26-OUTSOURCING AGREEMENT] ...,NOT PRESENT (Renewal Term),contract_clause_classification,unspecified,3,NOT PRESENT,False,2953,NOT PRESENT,
2026-09-20T14:59:17.083024,Qwen2.5-7B,SLM,7B,ollama,19,[Contract: BONTONSTORESINC_04_20_2018-EX-99.3-AGENCY AGREEMENT] Does this contra...,NOT PRESENT (Most Favored Nation),contract_clause_classification,unspecified,1,NOT PRESENT,False,8333,NOT PRESENT,
2026-09-20T14:59:21.636133,Qwen2.5-7B,SLM,7B,ollama,19,[Contract: BONTONSTORESINC_04_20_2018-EX-99.3-AGENCY AGREEMENT] Does this contra...,NOT PRESENT (Most Favored Nation),contract_clause_classification,unspecified,2,NOT PRESENT,False,2918,NOT PRESENT,
2026-09-20T14:59:26.332608,Qwen2.5-7B,SLM,7B,ollama,19,[Contract: BONTONSTORESINC_04_20_2018-EX-99.3-AGENCY AGREEMENT] Does this contra...,NOT PRESENT (Most Favored Nation),contract_clause_classification,unspecified,3,NOT PRESENT,False,3100,NOT PRESENT,
2026-09-20T14:59:35.290544,Qwen2.5-7B,SLM,7B,ollama,20,[Contract: LOOKSMARTLTD_07_20_2012-EX-99.(D)(I)-SPONSORSHIP AGREEMENT] Does this...,NOT PRESENT (Volume Restriction),contract_clause_classification,unspecified,1,NOT PRESENT,False,7328,NOT PRESENT,
2026-09-20T14:59:39.915146,Qwen2.5-7B,SLM,7B,ollama,20,[Contract: LOOKSMARTLTD_07_20_2012-EX-99.(D)(I)-SPONSORSHIP AGREEMENT] Does this...,NOT PRESENT (Volume Restriction),contract_clause_classification,unspecified,2,NOT PRESENT,False,3037,NOT PRESENT,
2026-09-20T14:59:44.523284,Qwen2.5-7B,SLM,7B,ollama,20,[Contract: LOOKSMARTLTD_07_20_2012-EX-99.(D)(I)-SPONSORSHIP AGREEMENT] Does this...,NOT PRESENT (Volume Restriction),contract_clause_classification,unspecified,3,NOT PRESENT,False,2933,NOT PRESENT,
2026-09-20T14:59:54.753666,Qwen2.5-7B,SLM,7B,ollama,21,[Contract: DataCallTechnologies_20060918_SB-2A_EX-10.9_944510_EX-10.9_Content Li...,NOT PRESENT (Warranty Duration),contract_clause_classification,unspecified,1,NOT PRESENT,False,8580,NOT PRESENT,
2026-09-20T14:59:59.534248,Qwen2.5-7B,SLM,7B,ollama,21,[Contract: DataCallTechnologies_20060918_SB-2A_EX-10.9_944510_EX-10.9_Content Li...,NOT PRESENT (Warranty Duration),contract_clause_classification,unspecified,2,NOT PRESENT,False,3191,NOT PRESENT,
2026-09-20T15:00:04.130873,Qwen2.5-7B,SLM,7B,ollama,21,[Contract: DataCallTechnologies_20060918_SB-2A_EX-10.9_944510_EX-10.9_Content Li...,NOT PRESENT (Warranty Duration),contract_clause_classification,unspecified,3,NOT PRESENT,False,2951,NOT PRESENT,
2026-09-20T15:00:13.774196,Qwen2.5-7B,SLM,7B,ollama,22,[Contract: BANUESTRAFINANCIALCORP_09_08_2006-EX-10.16-AGENCY AGREEMENT] Does thi...,"PRESENT (Minimum Commitment): In the event the Company is unable to sell a minimum of 1,875,000 Shares on or before June 30, 2007, this Agreement shall terminate and the Company shall cause the Escrow Agent (as defined below) to r",contract_clause_classification,unspecified,1,NOT PRESENT,False,7994,NOT PRESENT,
2026-09-20T15:00:18.276676,Qwen2.5-7B,SLM,7B,ollama,22,[Contract: BANUESTRAFINANCIALCORP_09_08_2006-EX-10.16-AGENCY AGREEMENT] Does thi...,"PRESENT (Minimum Commitment): In the event the Company is unable to sell a minimum of 1,875,000 Shares on or before June 30, 2007, this Agreement shall terminate and the Company shall cause the Escrow Agent (as defined below) to r",contract_clause_classification,unspecified,2,NOT PRESENT,False,2907,NOT PRESENT,
2026-09-20T15:00:23.400590,Qwen2.5-7B,SLM,7B,ollama,22,[Contract: BANUESTRAFINANCIALCORP_09_08_2006-EX-10.16-AGENCY AGREEMENT] Does thi...,"PRESENT (Minimum Commitment): In the event the Company is unable to sell a minimum of 1,875,000 Shares on or before June 30, 2007, this Agreement shall terminate and the Company shall cause the Escrow Agent (as defined below) to r",contract_clause_classification,unspecified,3,NOT PRESENT,False,3400,NOT PRESENT,
2026-09-20T15:00:35.297730,Qwen2.5-7B,SLM,7B,ollama,23,[Contract: SoupmanInc_20150814_8-K_EX-10.1_9230148_EX-10.1_Franchise Agreement1]...,"PRESENT (No-Solicit Of Customers): In consideration for such training, trade secrets and confidential information, you and your principals agree that during the term of this Agreement, and for a continuous uninterrupted period commenci",contract_clause_classification,unspecified,1,NOT PRESENT,False,9745,NOT PRESENT,
2026-09-20T15:00:40.270877,Qwen2.5-7B,SLM,7B,ollama,23,[Contract: SoupmanInc_20150814_8-K_EX-10.1_9230148_EX-10.1_Franchise Agreement1]...,"PRESENT (No-Solicit Of Customers): In consideration for such training, trade secrets and confidential information, you and your principals agree that during the term of this Agreement, and for a continuous uninterrupted period commenci",contract_clause_classification,unspecified,2,NOT PRESENT,False,3086,NOT PRESENT,
2026-09-20T15:00:45.019167,Qwen2.5-7B,SLM,7B,ollama,23,[Contract: SoupmanInc_20150814_8-K_EX-10.1_9230148_EX-10.1_Franchise Agreement1]...,"PRESENT (No-Solicit Of Customers): In consideration for such training, trade secrets and confidential information, you and your principals agree that during the term of this Agreement, and for a continuous uninterrupted period commenci",contract_clause_classification,unspecified,3,NOT PRESENT,False,3153,NOT PRESENT,
2026-09-20T15:00:54.825112,Qwen2.5-7B,SLM,7B,ollama,24,[Contract: PareteumCorp_20081001_8-K_EX-99.1_2654808_EX-99.1_Hosting Agreement] ...,PRESENT (Governing Law): This Agreement shall be governed by and construed in all respects exclusively in accordance with the laws of the Netherlands.,contract_clause_classification,unspecified,1,NOT PRESENT,False,8204,NOT PRESENT,
2026-09-20T15:00:59.466623,Qwen2.5-7B,SLM,7B,ollama,24,[Contract: PareteumCorp_20081001_8-K_EX-99.1_2654808_EX-99.1_Hosting Agreement] ...,PRESENT (Governing Law): This Agreement shall be governed by and construed in all respects exclusively in accordance with the laws of the Netherlands.,contract_clause_classification,unspecified,2,NOT PRESENT,False,2927,NOT PRESENT,
2026-09-20T15:01:03.982310,Qwen2.5-7B,SLM,7B,ollama,24,[Contract: PareteumCorp_20081001_8-K_EX-99.1_2654808_EX-99.1_Hosting Agreement] ...,PRESENT (Governing Law): This Agreement shall be governed by and construed in all respects exclusively in accordance with the laws of the Netherlands.,contract_clause_classification,unspecified,3,NOT PRESENT,False,2913,NOT PRESENT,
2026-09-20T15:01:13.903563,Qwen2.5-7B,SLM,7B,ollama,25,[Contract: StaarSurgicalCompany_20180801_10-Q_EX-10.37_11289449_EX-10.37_Distrib...,PRESENT (Document Name): DISTRIBUTORSHIP AGREEMENT,contract_clause_classification,unspecified,1,NOT PRESENT,False,8264,NOT PRESENT,
2026-09-20T15:01:18.721709,Qwen2.5-7B,SLM,7B,ollama,25,[Contract: StaarSurgicalCompany_20180801_10-Q_EX-10.37_11289449_EX-10.37_Distrib...,PRESENT (Document Name): DISTRIBUTORSHIP AGREEMENT,contract_clause_classification,unspecified,2,NOT PRESENT,False,3144,NOT PRESENT,
2026-09-20T15:01:23.224560,Qwen2.5-7B,SLM,7B,ollama,25,[Contract: StaarSurgicalCompany_20180801_10-Q_EX-10.37_11289449_EX-10.37_Distrib...,PRESENT (Document Name): DISTRIBUTORSHIP AGREEMENT,contract_clause_classification,unspecified,3,NOT PRESENT,False,2911,NOT PRESENT,
2026-09-20T15:01:32.742292,Qwen2.5-7B,SLM,7B,ollama,26,"[Contract: GOOSEHEADINSURANCE,INC_04_02_2018-EX-10.6-Franchise Agreement] Does t...","PRESENT (Covenant Not To Sue): Neither you nor any of your owners, principals, or other persons acting on your behalf will directly or indirectly contest the validity or our ownership of the Proprietary Marks, nor will you, directl",contract_clause_classification,unspecified,1,NOT PRESENT,False,7874,NOT PRESENT,
2026-09-20T15:01:37.710295,Qwen2.5-7B,SLM,7B,ollama,26,"[Contract: GOOSEHEADINSURANCE,INC_04_02_2018-EX-10.6-Franchise Agreement] Does t...","PRESENT (Covenant Not To Sue): Neither you nor any of your owners, principals, or other persons acting on your behalf will directly or indirectly contest the validity or our ownership of the Proprietary Marks, nor will you, directl",contract_clause_classification,unspecified,2,NOT PRESENT,False,3353,NOT PRESENT,
2026-09-20T15:01:42.442851,Qwen2.5-7B,SLM,7B,ollama,26,"[Contract: GOOSEHEADINSURANCE,INC_04_02_2018-EX-10.6-Franchise Agreement] Does t...","PRESENT (Covenant Not To Sue): Neither you nor any of your owners, principals, or other persons acting on your behalf will directly or indirectly contest the validity or our ownership of the Proprietary Marks, nor will you, directl",contract_clause_classification,unspecified,3,NOT PRESENT,False,3102,NOT PRESENT,
2026-09-20T15:01:50.515563,Qwen2.5-7B,SLM,7B,ollama,27,"[Contract: XACCT Technologies, Inc.SUPPORT AND MAINTENANCE AGREEMENT] Does this ...",NOT PRESENT (No-Solicit Of Employees),contract_clause_classification,unspecified,1,NOT PRESENT,False,6461,NOT PRESENT,
2026-09-20T15:01:55.270039,Qwen2.5-7B,SLM,7B,ollama,27,"[Contract: XACCT Technologies, Inc.SUPPORT AND MAINTENANCE AGREEMENT] Does this ...",NOT PRESENT (No-Solicit Of Employees),contract_clause_classification,unspecified,2,NOT PRESENT,False,3053,NOT PRESENT,
2026-09-20T15:02:00.051955,Qwen2.5-7B,SLM,7B,ollama,27,"[Contract: XACCT Technologies, Inc.SUPPORT AND MAINTENANCE AGREEMENT] Does this ...",NOT PRESENT (No-Solicit Of Employees),contract_clause_classification,unspecified,3,NOT PRESENT,False,3133,NOT PRESENT,
2026-09-20T15:02:09.170259,Qwen2.5-7B,SLM,7B,ollama,28,[Contract: ADAMSGOLFINC_03_21_2005-EX-10.17-ENDORSEMENT AGREEMENT] Does this con...,PRESENT (Governing Law): This Agreement shall be governed and construed according to the laws of the State of Kansas.,contract_clause_classification,unspecified,1,NOT PRESENT,False,7455,NOT PRESENT,
2026-09-20T15:02:13.855402,Qwen2.5-7B,SLM,7B,ollama,28,[Contract: ADAMSGOLFINC_03_21_2005-EX-10.17-ENDORSEMENT AGREEMENT] Does this con...,PRESENT (Governing Law): This Agreement shall be governed and construed according to the laws of the State of Kansas.,contract_clause_classification,unspecified,2,NOT PRESENT,False,3011,NOT PRESENT,
2026-09-20T15:02:18.341066,Qwen2.5-7B,SLM,7B,ollama,28,[Contract: ADAMSGOLFINC_03_21_2005-EX-10.17-ENDORSEMENT AGREEMENT] Does this con...,PRESENT (Governing Law): This Agreement shall be governed and construed according to the laws of the State of Kansas.,contract_clause_classification,unspecified,3,NOT PRESENT,False,2901,NOT PRESENT,
2026-09-20T15:02:27.717883,Qwen2.5-7B,SLM,7B,ollama,29,"[Contract: ELFBEAUTY,INC_07_02_2020-EX-10.1-COOPERATION AGREEMENT] Does this con...",NOT PRESENT (Joint Ip Ownership),contract_clause_classification,unspecified,1,NOT PRESENT,False,7578,NOT PRESENT,
2026-09-20T15:02:32.685939,Qwen2.5-7B,SLM,7B,ollama,29,"[Contract: ELFBEAUTY,INC_07_02_2020-EX-10.1-COOPERATION AGREEMENT] Does this con...",NOT PRESENT (Joint Ip Ownership),contract_clause_classification,unspecified,2,NOT PRESENT,False,3344,NOT PRESENT,
2026-09-20T15:02:37.284725,Qwen2.5-7B,SLM,7B,ollama,29,"[Contract: ELFBEAUTY,INC_07_02_2020-EX-10.1-COOPERATION AGREEMENT] Does this con...",NOT PRESENT (Joint Ip Ownership),contract_clause_classification,unspecified,3,NOT PRESENT,False,3006,NOT PRESENT,
2026-09-20T15:02:46.731458,Qwen2.5-7B,SLM,7B,ollama,30,[Contract: BNLFINANCIALCORP_03_30_2007-EX-10.8-OUTSOURCING AGREEMENT] Does this ...,NOT PRESENT (Source Code Escrow),contract_clause_classification,unspecified,1,NOT PRESENT,False,7845,NOT PRESENT,
2026-09-20T15:02:51.370188,Qwen2.5-7B,SLM,7B,ollama,30,[Contract: BNLFINANCIALCORP_03_30_2007-EX-10.8-OUTSOURCING AGREEMENT] Does this ...,NOT PRESENT (Source Code Escrow),contract_clause_classification,unspecified,2,NOT PRESENT,False,2953,NOT PRESENT,
2026-09-20T15:02:56.144062,Qwen2.5-7B,SLM,7B,ollama,30,[Contract: BNLFINANCIALCORP_03_30_2007-EX-10.8-OUTSOURCING AGREEMENT] Does this ...,NOT PRESENT (Source Code Escrow),contract_clause_classification,unspecified,3,NOT PRESENT,False,3169,NOT PRESENT,
2026-09-20T15:03:36.022227,Mistral-7B,SLM,7B,ollama,1,"[Contract: NETGEAR,INC_04_21_2003-EX-10.16-AMENDMENT TO THE DISTRIBUTOR AGREEMEN...",NOT PRESENT (Third Party Beneficiary),contract_clause_classification,unspecified,1,PRESENT,False,32712, PRESENT,
2026-09-20T15:03:40.812546,Mistral-7B,SLM,7B,ollama,1,"[Contract: NETGEAR,INC_04_21_2003-EX-10.16-AMENDMENT TO THE DISTRIBUTOR AGREEMEN...",NOT PRESENT (Third Party Beneficiary),contract_clause_classification,unspecified,2,PRESENT,False,3099, PRESENT,
2026-09-20T15:03:45.661091,Mistral-7B,SLM,7B,ollama,1,"[Contract: NETGEAR,INC_04_21_2003-EX-10.16-AMENDMENT TO THE DISTRIBUTOR AGREEMEN...",NOT PRESENT (Third Party Beneficiary),contract_clause_classification,unspecified,3,PRESENT,False,3156, PRESENT,
2026-09-20T15:03:54.408602,Mistral-7B,SLM,7B,ollama,2,"[Contract: SIBANNAC,INC_12_04_2017-EX-2.1-Strategic Alliance Agreement] Does thi...",NOT PRESENT (Third Party Beneficiary),contract_clause_classification,unspecified,1,PRESENT,False,7121, PRESENT,
2026-09-20T15:03:59.061219,Mistral-7B,SLM,7B,ollama,2,"[Contract: SIBANNAC,INC_12_04_2017-EX-2.1-Strategic Alliance Agreement] Does thi...",NOT PRESENT (Third Party Beneficiary),contract_clause_classification,unspecified,2,PRESENT,False,3002, PRESENT,
2026-09-20T15:04:03.637861,Mistral-7B,SLM,7B,ollama,2,"[Contract: SIBANNAC,INC_12_04_2017-EX-2.1-Strategic Alliance Agreement] Does thi...",NOT PRESENT (Third Party Beneficiary),contract_clause_classification,unspecified,3,PRESENT,False,2960, PRESENT,
2026-09-20T15:04:14.508048,Mistral-7B,SLM,7B,ollama,3,[Contract: AgapeAtpCorp_20191202_10-KA_EX-10.1_11911128_EX-10.1_Supply Agreement...,NOT PRESENT (Audit Rights),contract_clause_classification,unspecified,1,PRESENT,False,9245, PRESENT,
2026-09-20T15:04:19.163442,Mistral-7B,SLM,7B,ollama,3,[Contract: AgapeAtpCorp_20191202_10-KA_EX-10.1_11911128_EX-10.1_Supply Agreement...,NOT PRESENT (Audit Rights),contract_clause_classification,unspecified,2,PRESENT,False,3027, PRESENT,
2026-09-20T15:04:23.845660,Mistral-7B,SLM,7B,ollama,3,[Contract: AgapeAtpCorp_20191202_10-KA_EX-10.1_11911128_EX-10.1_Supply Agreement...,NOT PRESENT (Audit Rights),contract_clause_classification,unspecified,3,PRESENT,False,3056, PRESENT,
2026-09-20T15:04:35.381732,Mistral-7B,SLM,7B,ollama,4,[Contract: PLAYAHOTELS_RESORTSNV_03_14_2017-EX-10.22-STRATEGIC ALLIANCE AGREEMEN...,NOT PRESENT (Unlimited/All-You-Can-Eat-License),contract_clause_classification,unspecified,1,NOT PRESENT,False,9929, NOT PRESENT,
2026-09-20T15:04:40.152425,Mistral-7B,SLM,7B,ollama,4,[Contract: PLAYAHOTELS_RESORTSNV_03_14_2017-EX-10.22-STRATEGIC ALLIANCE AGREEMEN...,NOT PRESENT (Unlimited/All-You-Can-Eat-License),contract_clause_classification,unspecified,2,NOT PRESENT,False,3180, NOT PRESENT,
2026-09-20T15:04:44.939321,Mistral-7B,SLM,7B,ollama,4,[Contract: PLAYAHOTELS_RESORTSNV_03_14_2017-EX-10.22-STRATEGIC ALLIANCE AGREEMEN...,NOT PRESENT (Unlimited/All-You-Can-Eat-License),contract_clause_classification,unspecified,3,NOT PRESENT,False,3122, NOT PRESENT,
2026-09-20T15:04:55.788931,Mistral-7B,SLM,7B,ollama,5,[Contract: USASYNTHETICFUELCORP_10_21_2010-EX-10.10-STRATEGIC ALLIANCE AGREEMENT...,NOT PRESENT (Rofr/Rofo/Rofn),contract_clause_classification,unspecified,1,NOT PRESENT,False,9224, NOT PRESENT,
2026-09-20T15:05:00.506135,Mistral-7B,SLM,7B,ollama,5,[Contract: USASYNTHETICFUELCORP_10_21_2010-EX-10.10-STRATEGIC ALLIANCE AGREEMENT...,NOT PRESENT (Rofr/Rofo/Rofn),contract_clause_classification,unspecified,2,NOT PRESENT,False,3115, NOT PRESENT,
2026-09-20T15:05:05.258802,Mistral-7B,SLM,7B,ollama,5,[Contract: USASYNTHETICFUELCORP_10_21_2010-EX-10.10-STRATEGIC ALLIANCE AGREEMENT...,NOT PRESENT (Rofr/Rofo/Rofn),contract_clause_classification,unspecified,3,NOT PRESENT,False,3074, NOT PRESENT,
2026-09-20T15:05:14.889535,Mistral-7B,SLM,7B,ollama,6,[Contract: ATMOSENERGYCORP_11_22_2002-EX-10.17-TRANSPORTATION SERVICE AGREEMENT]...,"PRESENT (Minimum Commitment): Quantity of capacity to be released: Max 13,370 Dfli/Day,                                Min 13,370 DthDay.",contract_clause_classification,unspecified,1,PRESENT,False,8038, PRESENT,
2026-09-20T15:05:19.479048,Mistral-7B,SLM,7B,ollama,6,[Contract: ATMOSENERGYCORP_11_22_2002-EX-10.17-TRANSPORTATION SERVICE AGREEMENT]...,"PRESENT (Minimum Commitment): Quantity of capacity to be released: Max 13,370 Dfli/Day,                                Min 13,370 DthDay.",contract_clause_classification,unspecified,2,PRESENT,False,2929, PRESENT,
2026-09-20T15:05:24.198989,Mistral-7B,SLM,7B,ollama,6,[Contract: ATMOSENERGYCORP_11_22_2002-EX-10.17-TRANSPORTATION SERVICE AGREEMENT]...,"PRESENT (Minimum Commitment): Quantity of capacity to be released: Max 13,370 Dfli/Day,                                Min 13,370 DthDay.",contract_clause_classification,unspecified,3,PRESENT,False,3117, PRESENT,
2026-09-20T15:05:33.232506,Mistral-7B,SLM,7B,ollama,7,[Contract: WEBHELPCOMINC_03_22_2000-EX-10.8-HOSTING AGREEMENT] Does this contrac...,NOT PRESENT (Warranty Duration),contract_clause_classification,unspecified,1,PRESENT,False,7403, PRESENT,
2026-09-20T15:05:37.851123,Mistral-7B,SLM,7B,ollama,7,[Contract: WEBHELPCOMINC_03_22_2000-EX-10.8-HOSTING AGREEMENT] Does this contrac...,NOT PRESENT (Warranty Duration),contract_clause_classification,unspecified,2,PRESENT,False,2950, PRESENT,
2026-09-20T15:05:42.560719,Mistral-7B,SLM,7B,ollama,7,[Contract: WEBHELPCOMINC_03_22_2000-EX-10.8-HOSTING AGREEMENT] Does this contrac...,NOT PRESENT (Warranty Duration),contract_clause_classification,unspecified,3,PRESENT,False,3089, PRESENT,
2026-09-20T15:05:52.252060,Mistral-7B,SLM,7B,ollama,8,[Contract: BANUESTRAFINANCIALCORP_09_08_2006-EX-10.16-AGENCY AGREEMENT] Does thi...,NOT PRESENT (Cap On Liability),contract_clause_classification,unspecified,1,PRESENT,False,8005, PRESENT,
2026-09-20T15:05:57.014611,Mistral-7B,SLM,7B,ollama,8,[Contract: BANUESTRAFINANCIALCORP_09_08_2006-EX-10.16-AGENCY AGREEMENT] Does thi...,NOT PRESENT (Cap On Liability),contract_clause_classification,unspecified,2,PRESENT,False,3110, PRESENT,
2026-09-20T15:06:01.593090,Mistral-7B,SLM,7B,ollama,8,[Contract: BANUESTRAFINANCIALCORP_09_08_2006-EX-10.16-AGENCY AGREEMENT] Does thi...,NOT PRESENT (Cap On Liability),contract_clause_classification,unspecified,3,PRESENT,False,2994, PRESENT,
2026-09-20T15:06:11.710859,Mistral-7B,SLM,7B,ollama,9,"[Contract: OASYSMOBILE,INC_07_05_2001-EX-10.17-OUTSOURCING AGREEMENT] Does this ...",PRESENT (Revenue/Profit Sharing): HSNS agrees to pay E.piphany an additional                   $0.005 per email for any email distributed by HSNS as a result                   of any deal it closes that either results from a lead     ,contract_clause_classification,unspecified,1,NOT PRESENT,False,8445, NOT PRESENT,
2026-09-20T15:06:16.795041,Mistral-7B,SLM,7B,ollama,9,"[Contract: OASYSMOBILE,INC_07_05_2001-EX-10.17-OUTSOURCING AGREEMENT] Does this ...",PRESENT (Revenue/Profit Sharing): HSNS agrees to pay E.piphany an additional                   $0.005 per email for any email distributed by HSNS as a result                   of any deal it closes that either results from a lead     ,contract_clause_classification,unspecified,2,NOT PRESENT,False,3505, NOT PRESENT,
2026-09-20T15:06:21.477157,Mistral-7B,SLM,7B,ollama,9,"[Contract: OASYSMOBILE,INC_07_05_2001-EX-10.17-OUTSOURCING AGREEMENT] Does this ...",PRESENT (Revenue/Profit Sharing): HSNS agrees to pay E.piphany an additional                   $0.005 per email for any email distributed by HSNS as a result                   of any deal it closes that either results from a lead     ,contract_clause_classification,unspecified,3,NOT PRESENT,False,3056, NOT PRESENT,
2026-09-20T15:06:31.692100,Mistral-7B,SLM,7B,ollama,10,"[Contract: OPTIMIZEDTRANSPORTATIONMANAGEMENT,INC_07_26_2000-EX-6.6-DISTRIBUTOR A...",NOT PRESENT (Insurance),contract_clause_classification,unspecified,1,PRESENT,False,8603, PRESENT,
2026-09-20T15:06:36.476986,Mistral-7B,SLM,7B,ollama,10,"[Contract: OPTIMIZEDTRANSPORTATIONMANAGEMENT,INC_07_26_2000-EX-6.6-DISTRIBUTOR A...",NOT PRESENT (Insurance),contract_clause_classification,unspecified,2,PRESENT,False,3100, PRESENT,
2026-09-20T15:06:41.302513,Mistral-7B,SLM,7B,ollama,10,"[Contract: OPTIMIZEDTRANSPORTATIONMANAGEMENT,INC_07_26_2000-EX-6.6-DISTRIBUTOR A...",NOT PRESENT (Insurance),contract_clause_classification,unspecified,3,PRESENT,False,3152, PRESENT,
2026-09-20T15:06:51.594478,Mistral-7B,SLM,7B,ollama,11,[Contract: BNLFINANCIALCORP_03_30_2007-EX-10.8-OUTSOURCING AGREEMENT] Does this ...,NOT PRESENT (Most Favored Nation),contract_clause_classification,unspecified,1,NOT PRESENT,False,8693, NOT PRESENT,
2026-09-20T15:06:56.412097,Mistral-7B,SLM,7B,ollama,11,[Contract: BNLFINANCIALCORP_03_30_2007-EX-10.8-OUTSOURCING AGREEMENT] Does this ...,NOT PRESENT (Most Favored Nation),contract_clause_classification,unspecified,2,NOT PRESENT,False,3168, NOT PRESENT,
2026-09-20T15:07:01.205186,Mistral-7B,SLM,7B,ollama,11,[Contract: BNLFINANCIALCORP_03_30_2007-EX-10.8-OUTSOURCING AGREEMENT] Does this ...,NOT PRESENT (Most Favored Nation),contract_clause_classification,unspecified,3,NOT PRESENT,False,3131, NOT PRESENT,
2026-09-20T15:07:11.594496,Mistral-7B,SLM,7B,ollama,12,"[Contract: BORROWMONEYCOM,INC_06_11_2020-EX-10.1-JOINT VENTURE AGREEMENT] Does t...",NOT PRESENT (Rofr/Rofo/Rofn),contract_clause_classification,unspecified,1,NOT PRESENT,False,8764, NOT PRESENT,
2026-09-20T15:07:16.463242,Mistral-7B,SLM,7B,ollama,12,"[Contract: BORROWMONEYCOM,INC_06_11_2020-EX-10.1-JOINT VENTURE AGREEMENT] Does t...",NOT PRESENT (Rofr/Rofo/Rofn),contract_clause_classification,unspecified,2,NOT PRESENT,False,3224, NOT PRESENT,
2026-09-20T15:07:21.302281,Mistral-7B,SLM,7B,ollama,12,"[Contract: BORROWMONEYCOM,INC_06_11_2020-EX-10.1-JOINT VENTURE AGREEMENT] Does t...",NOT PRESENT (Rofr/Rofo/Rofn),contract_clause_classification,unspecified,3,NOT PRESENT,False,3195, NOT PRESENT,
2026-09-20T15:07:31.247664,Mistral-7B,SLM,7B,ollama,13,[Contract: Freecook_20180605_S-1_EX-10.3_11233807_EX-10.3_Hosting Agreement] Doe...,NOT PRESENT (Audit Rights),contract_clause_classification,unspecified,1,PRESENT,False,8341, PRESENT,
2026-09-20T15:07:35.892664,Mistral-7B,SLM,7B,ollama,13,[Contract: Freecook_20180605_S-1_EX-10.3_11233807_EX-10.3_Hosting Agreement] Doe...,NOT PRESENT (Audit Rights),contract_clause_classification,unspecified,2,PRESENT,False,3039, PRESENT,
2026-09-20T15:07:40.572765,Mistral-7B,SLM,7B,ollama,13,[Contract: Freecook_20180605_S-1_EX-10.3_11233807_EX-10.3_Hosting Agreement] Doe...,NOT PRESENT (Audit Rights),contract_clause_classification,unspecified,3,PRESENT,False,2995, PRESENT,
2026-09-20T15:07:51.297988,Mistral-7B,SLM,7B,ollama,14,[Contract: VARIABLESEPARATEACCOUNT_04_30_2014-EX-13.C-UNCONDITIONAL CAPITAL MAIN...,NOT PRESENT (Liquidated Damages),contract_clause_classification,unspecified,1,PRESENT,False,9088, PRESENT,
2026-09-20T15:07:55.819925,Mistral-7B,SLM,7B,ollama,14,[Contract: VARIABLESEPARATEACCOUNT_04_30_2014-EX-13.C-UNCONDITIONAL CAPITAL MAIN...,NOT PRESENT (Liquidated Damages),contract_clause_classification,unspecified,2,PRESENT,False,2906, PRESENT,
2026-09-20T15:08:01.337017,Mistral-7B,SLM,7B,ollama,14,[Contract: VARIABLESEPARATEACCOUNT_04_30_2014-EX-13.C-UNCONDITIONAL CAPITAL MAIN...,NOT PRESENT (Liquidated Damages),contract_clause_classification,unspecified,3,PRESENT,False,3489, PRESENT,
2026-09-20T15:08:14.133120,Mistral-7B,SLM,7B,ollama,15,[Contract: MorganStanleyDirectLendingFund_20191119_10-12GA_EX-10.5_11898508_EX-1...,NOT PRESENT (Irrevocable Or Perpetual License),contract_clause_classification,unspecified,1,PRESENT,False,11208, PRESENT,
2026-09-20T15:08:18.937601,Mistral-7B,SLM,7B,ollama,15,[Contract: MorganStanleyDirectLendingFund_20191119_10-12GA_EX-10.5_11898508_EX-1...,NOT PRESENT (Irrevocable Or Perpetual License),contract_clause_classification,unspecified,2,PRESENT,False,3111, PRESENT,
2026-09-20T15:08:23.576032,Mistral-7B,SLM,7B,ollama,15,[Contract: MorganStanleyDirectLendingFund_20191119_10-12GA_EX-10.5_11898508_EX-1...,NOT PRESENT (Irrevocable Or Perpetual License),contract_clause_classification,unspecified,3,PRESENT,False,2983, PRESENT,
2026-09-20T15:08:34.171905,Mistral-7B,SLM,7B,ollama,16,[Contract: TomOnlineInc_20060501_20-F_EX-4.46_749700_EX-4.46_Co-Branding Agreeme...,NOT PRESENT (Insurance),contract_clause_classification,unspecified,1,PRESENT,False,8991, PRESENT,
2026-09-20T15:08:38.724788,Mistral-7B,SLM,7B,ollama,16,[Contract: TomOnlineInc_20060501_20-F_EX-4.46_749700_EX-4.46_Co-Branding Agreeme...,NOT PRESENT (Insurance),contract_clause_classification,unspecified,2,PRESENT,False,2949, PRESENT,
2026-09-20T15:08:43.279217,Mistral-7B,SLM,7B,ollama,16,[Contract: TomOnlineInc_20060501_20-F_EX-4.46_749700_EX-4.46_Co-Branding Agreeme...,NOT PRESENT (Insurance),contract_clause_classification,unspecified,3,PRESENT,False,2957, PRESENT,
2026-09-20T15:08:54.764935,Mistral-7B,SLM,7B,ollama,17,[Contract: TheglobeComInc_19990503_S-1A_EX-10.20_5416126_EX-10.20_Co-Branding Ag...,NOT PRESENT (Liquidated Damages),contract_clause_classification,unspecified,1,PRESENT,False,9861, PRESENT,
2026-09-20T15:09:00.005613,Mistral-7B,SLM,7B,ollama,17,[Contract: TheglobeComInc_19990503_S-1A_EX-10.20_5416126_EX-10.20_Co-Branding Ag...,NOT PRESENT (Liquidated Damages),contract_clause_classification,unspecified,2,PRESENT,False,3579, PRESENT,
2026-09-20T15:09:04.613906,Mistral-7B,SLM,7B,ollama,17,[Contract: TheglobeComInc_19990503_S-1A_EX-10.20_5416126_EX-10.20_Co-Branding Ag...,NOT PRESENT (Liquidated Damages),contract_clause_classification,unspecified,3,PRESENT,False,3006, PRESENT,
2026-09-20T15:09:14.905346,Mistral-7B,SLM,7B,ollama,18,[Contract: NEXSTARFINANCEHOLDINGSINC_03_27_2002-EX-10.26-OUTSOURCING AGREEMENT] ...,NOT PRESENT (Renewal Term),contract_clause_classification,unspecified,1,PRESENT,False,8655, PRESENT,
2026-09-20T15:09:19.683950,Mistral-7B,SLM,7B,ollama,18,[Contract: NEXSTARFINANCEHOLDINGSINC_03_27_2002-EX-10.26-OUTSOURCING AGREEMENT] ...,NOT PRESENT (Renewal Term),contract_clause_classification,unspecified,2,PRESENT,False,3090, PRESENT,
2026-09-20T15:09:24.380995,Mistral-7B,SLM,7B,ollama,18,[Contract: NEXSTARFINANCEHOLDINGSINC_03_27_2002-EX-10.26-OUTSOURCING AGREEMENT] ...,NOT PRESENT (Renewal Term),contract_clause_classification,unspecified,3,PRESENT,False,3096, PRESENT,
2026-09-20T15:09:33.655638,Mistral-7B,SLM,7B,ollama,19,[Contract: BONTONSTORESINC_04_20_2018-EX-99.3-AGENCY AGREEMENT] Does this contra...,NOT PRESENT (Most Favored Nation),contract_clause_classification,unspecified,1,NOT PRESENT,False,7676, NOT PRESENT,
2026-09-20T15:09:38.275209,Mistral-7B,SLM,7B,ollama,19,[Contract: BONTONSTORESINC_04_20_2018-EX-99.3-AGENCY AGREEMENT] Does this contra...,NOT PRESENT (Most Favored Nation),contract_clause_classification,unspecified,2,NOT PRESENT,False,3037, NOT PRESENT,
2026-09-20T15:09:43.246887,Mistral-7B,SLM,7B,ollama,19,[Contract: BONTONSTORESINC_04_20_2018-EX-99.3-AGENCY AGREEMENT] Does this contra...,NOT PRESENT (Most Favored Nation),contract_clause_classification,unspecified,3,NOT PRESENT,False,3378, NOT PRESENT,
2026-09-20T15:09:53.040553,Mistral-7B,SLM,7B,ollama,20,[Contract: LOOKSMARTLTD_07_20_2012-EX-99.(D)(I)-SPONSORSHIP AGREEMENT] Does this...,NOT PRESENT (Volume Restriction),contract_clause_classification,unspecified,1,PRESENT,False,8159, PRESENT,
2026-09-20T15:09:57.663714,Mistral-7B,SLM,7B,ollama,20,[Contract: LOOKSMARTLTD_07_20_2012-EX-99.(D)(I)-SPONSORSHIP AGREEMENT] Does this...,NOT PRESENT (Volume Restriction),contract_clause_classification,unspecified,2,PRESENT,False,3001, PRESENT,
2026-09-20T15:10:02.419893,Mistral-7B,SLM,7B,ollama,20,[Contract: LOOKSMARTLTD_07_20_2012-EX-99.(D)(I)-SPONSORSHIP AGREEMENT] Does this...,NOT PRESENT (Volume Restriction),contract_clause_classification,unspecified,3,PRESENT,False,3162, PRESENT,
2026-09-20T15:10:14.830485,Mistral-7B,SLM,7B,ollama,21,[Contract: DataCallTechnologies_20060918_SB-2A_EX-10.9_944510_EX-10.9_Content Li...,NOT PRESENT (Warranty Duration),contract_clause_classification,unspecified,1,PRESENT,False,10763, PRESENT,
2026-09-20T15:10:19.385176,Mistral-7B,SLM,7B,ollama,21,[Contract: DataCallTechnologies_20060918_SB-2A_EX-10.9_944510_EX-10.9_Content Li...,NOT PRESENT (Warranty Duration),contract_clause_classification,unspecified,2,PRESENT,False,2944, PRESENT,
2026-09-20T15:10:25.127254,Mistral-7B,SLM,7B,ollama,21,[Contract: DataCallTechnologies_20060918_SB-2A_EX-10.9_944510_EX-10.9_Content Li...,NOT PRESENT (Warranty Duration),contract_clause_classification,unspecified,3,PRESENT,False,4039, PRESENT,
2026-09-20T15:10:36.264468,Mistral-7B,SLM,7B,ollama,22,[Contract: BANUESTRAFINANCIALCORP_09_08_2006-EX-10.16-AGENCY AGREEMENT] Does thi...,"PRESENT (Minimum Commitment): In the event the Company is unable to sell a minimum of 1,875,000 Shares on or before June 30, 2007, this Agreement shall terminate and the Company shall cause the Escrow Agent (as defined below) to r",contract_clause_classification,unspecified,1,PRESENT,False,9367, PRESENT,
2026-09-20T15:10:40.930741,Mistral-7B,SLM,7B,ollama,22,[Contract: BANUESTRAFINANCIALCORP_09_08_2006-EX-10.16-AGENCY AGREEMENT] Does thi...,"PRESENT (Minimum Commitment): In the event the Company is unable to sell a minimum of 1,875,000 Shares on or before June 30, 2007, this Agreement shall terminate and the Company shall cause the Escrow Agent (as defined below) to r",contract_clause_classification,unspecified,2,PRESENT,False,2993, PRESENT,
2026-09-20T15:10:45.558075,Mistral-7B,SLM,7B,ollama,22,[Contract: BANUESTRAFINANCIALCORP_09_08_2006-EX-10.16-AGENCY AGREEMENT] Does thi...,"PRESENT (Minimum Commitment): In the event the Company is unable to sell a minimum of 1,875,000 Shares on or before June 30, 2007, this Agreement shall terminate and the Company shall cause the Escrow Agent (as defined below) to r",contract_clause_classification,unspecified,3,PRESENT,False,3002, PRESENT,
2026-09-20T15:10:56.538767,Mistral-7B,SLM,7B,ollama,23,[Contract: SoupmanInc_20150814_8-K_EX-10.1_9230148_EX-10.1_Franchise Agreement1]...,"PRESENT (No-Solicit Of Customers): In consideration for such training, trade secrets and confidential information, you and your principals agree that during the term of this Agreement, and for a continuous uninterrupted period commenci",contract_clause_classification,unspecified,1,PRESENT,False,9389, PRESENT,
2026-09-20T15:11:01.168160,Mistral-7B,SLM,7B,ollama,23,[Contract: SoupmanInc_20150814_8-K_EX-10.1_9230148_EX-10.1_Franchise Agreement1]...,"PRESENT (No-Solicit Of Customers): In consideration for such training, trade secrets and confidential information, you and your principals agree that during the term of this Agreement, and for a continuous uninterrupted period commenci",contract_clause_classification,unspecified,2,PRESENT,False,2957, PRESENT,
2026-09-20T15:11:05.806551,Mistral-7B,SLM,7B,ollama,23,[Contract: SoupmanInc_20150814_8-K_EX-10.1_9230148_EX-10.1_Franchise Agreement1]...,"PRESENT (No-Solicit Of Customers): In consideration for such training, trade secrets and confidential information, you and your principals agree that during the term of this Agreement, and for a continuous uninterrupted period commenci",contract_clause_classification,unspecified,3,PRESENT,False,3042, PRESENT,
2026-09-20T15:11:15.744729,Mistral-7B,SLM,7B,ollama,24,[Contract: PareteumCorp_20081001_8-K_EX-99.1_2654808_EX-99.1_Hosting Agreement] ...,PRESENT (Governing Law): This Agreement shall be governed by and construed in all respects exclusively in accordance with the laws of the Netherlands.,contract_clause_classification,unspecified,1,PRESENT,False,8300, PRESENT,
2026-09-20T15:11:20.553400,Mistral-7B,SLM,7B,ollama,24,[Contract: PareteumCorp_20081001_8-K_EX-99.1_2654808_EX-99.1_Hosting Agreement] ...,PRESENT (Governing Law): This Agreement shall be governed by and construed in all respects exclusively in accordance with the laws of the Netherlands.,contract_clause_classification,unspecified,2,PRESENT,False,3148, PRESENT,
2026-09-20T15:11:25.153326,Mistral-7B,SLM,7B,ollama,24,[Contract: PareteumCorp_20081001_8-K_EX-99.1_2654808_EX-99.1_Hosting Agreement] ...,PRESENT (Governing Law): This Agreement shall be governed by and construed in all respects exclusively in accordance with the laws of the Netherlands.,contract_clause_classification,unspecified,3,PRESENT,False,2941, PRESENT,
2026-09-20T15:11:35.975342,Mistral-7B,SLM,7B,ollama,25,[Contract: StaarSurgicalCompany_20180801_10-Q_EX-10.37_11289449_EX-10.37_Distrib...,PRESENT (Document Name): DISTRIBUTORSHIP AGREEMENT,contract_clause_classification,unspecified,1,PRESENT,False,9219, PRESENT,
2026-09-20T15:11:40.481659,Mistral-7B,SLM,7B,ollama,25,[Contract: StaarSurgicalCompany_20180801_10-Q_EX-10.37_11289449_EX-10.37_Distrib...,PRESENT (Document Name): DISTRIBUTORSHIP AGREEMENT,contract_clause_classification,unspecified,2,PRESENT,False,2880, PRESENT,
2026-09-20T15:11:45.182094,Mistral-7B,SLM,7B,ollama,25,[Contract: StaarSurgicalCompany_20180801_10-Q_EX-10.37_11289449_EX-10.37_Distrib...,PRESENT (Document Name): DISTRIBUTORSHIP AGREEMENT,contract_clause_classification,unspecified,3,PRESENT,False,3031, PRESENT,
2026-09-20T15:11:55.234118,Mistral-7B,SLM,7B,ollama,26,"[Contract: GOOSEHEADINSURANCE,INC_04_02_2018-EX-10.6-Franchise Agreement] Does t...","PRESENT (Covenant Not To Sue): Neither you nor any of your owners, principals, or other persons acting on your behalf will directly or indirectly contest the validity or our ownership of the Proprietary Marks, nor will you, directl",contract_clause_classification,unspecified,1,PRESENT,False,8415, PRESENT,
2026-09-20T15:11:59.962914,Mistral-7B,SLM,7B,ollama,26,"[Contract: GOOSEHEADINSURANCE,INC_04_02_2018-EX-10.6-Franchise Agreement] Does t...","PRESENT (Covenant Not To Sue): Neither you nor any of your owners, principals, or other persons acting on your behalf will directly or indirectly contest the validity or our ownership of the Proprietary Marks, nor will you, directl",contract_clause_classification,unspecified,2,PRESENT,False,3057, PRESENT,
2026-09-20T15:12:04.531860,Mistral-7B,SLM,7B,ollama,26,"[Contract: GOOSEHEADINSURANCE,INC_04_02_2018-EX-10.6-Franchise Agreement] Does t...","PRESENT (Covenant Not To Sue): Neither you nor any of your owners, principals, or other persons acting on your behalf will directly or indirectly contest the validity or our ownership of the Proprietary Marks, nor will you, directl",contract_clause_classification,unspecified,3,PRESENT,False,2934, PRESENT,
2026-09-20T15:12:12.889072,Mistral-7B,SLM,7B,ollama,27,"[Contract: XACCT Technologies, Inc.SUPPORT AND MAINTENANCE AGREEMENT] Does this ...",NOT PRESENT (No-Solicit Of Employees),contract_clause_classification,unspecified,1,NOT PRESENT,False,6744, NOT PRESENT,
2026-09-20T15:12:17.603786,Mistral-7B,SLM,7B,ollama,27,"[Contract: XACCT Technologies, Inc.SUPPORT AND MAINTENANCE AGREEMENT] Does this ...",NOT PRESENT (No-Solicit Of Employees),contract_clause_classification,unspecified,2,NOT PRESENT,False,3083, NOT PRESENT,
2026-09-20T15:12:22.371451,Mistral-7B,SLM,7B,ollama,27,"[Contract: XACCT Technologies, Inc.SUPPORT AND MAINTENANCE AGREEMENT] Does this ...",NOT PRESENT (No-Solicit Of Employees),contract_clause_classification,unspecified,3,NOT PRESENT,False,3156, NOT PRESENT,
2026-09-20T15:12:31.994730,Mistral-7B,SLM,7B,ollama,28,[Contract: ADAMSGOLFINC_03_21_2005-EX-10.17-ENDORSEMENT AGREEMENT] Does this con...,PRESENT (Governing Law): This Agreement shall be governed and construed according to the laws of the State of Kansas.,contract_clause_classification,unspecified,1,PRESENT,False,7972, PRESENT,
2026-09-20T15:12:36.734583,Mistral-7B,SLM,7B,ollama,28,[Contract: ADAMSGOLFINC_03_21_2005-EX-10.17-ENDORSEMENT AGREEMENT] Does this con...,PRESENT (Governing Law): This Agreement shall be governed and construed according to the laws of the State of Kansas.,contract_clause_classification,unspecified,2,PRESENT,False,3103, PRESENT,
2026-09-20T15:12:41.380176,Mistral-7B,SLM,7B,ollama,28,[Contract: ADAMSGOLFINC_03_21_2005-EX-10.17-ENDORSEMENT AGREEMENT] Does this con...,PRESENT (Governing Law): This Agreement shall be governed and construed according to the laws of the State of Kansas.,contract_clause_classification,unspecified,3,PRESENT,False,2974, PRESENT,
2026-09-20T15:12:51.118849,Mistral-7B,SLM,7B,ollama,29,"[Contract: ELFBEAUTY,INC_07_02_2020-EX-10.1-COOPERATION AGREEMENT] Does this con...",NOT PRESENT (Joint Ip Ownership),contract_clause_classification,unspecified,1,PRESENT,False,8147, PRESENT,
2026-09-20T15:12:55.670569,Mistral-7B,SLM,7B,ollama,29,"[Contract: ELFBEAUTY,INC_07_02_2020-EX-10.1-COOPERATION AGREEMENT] Does this con...",NOT PRESENT (Joint Ip Ownership),contract_clause_classification,unspecified,2,PRESENT,False,2937, PRESENT,
2026-09-20T15:13:00.297382,Mistral-7B,SLM,7B,ollama,29,"[Contract: ELFBEAUTY,INC_07_02_2020-EX-10.1-COOPERATION AGREEMENT] Does this con...",NOT PRESENT (Joint Ip Ownership),contract_clause_classification,unspecified,3,PRESENT,False,3002, PRESENT,
2026-09-20T15:13:10.706621,Mistral-7B,SLM,7B,ollama,30,[Contract: BNLFINANCIALCORP_03_30_2007-EX-10.8-OUTSOURCING AGREEMENT] Does this ...,NOT PRESENT (Source Code Escrow),contract_clause_classification,unspecified,1,PRESENT,False,8803, PRESENT,
2026-09-20T15:13:15.307825,Mistral-7B,SLM,7B,ollama,30,[Contract: BNLFINANCIALCORP_03_30_2007-EX-10.8-OUTSOURCING AGREEMENT] Does this ...,NOT PRESENT (Source Code Escrow),contract_clause_classification,unspecified,2,PRESENT,False,2942, PRESENT,
2026-09-20T15:13:20.044436,Mistral-7B,SLM,7B,ollama,30,[Contract: BNLFINANCIALCORP_03_30_2007-EX-10.8-OUTSOURCING AGREEMENT] Does this ...,NOT PRESENT (Source Code Escrow),contract_clause_classification,unspecified,3,PRESENT,False,3081, PRESENT,
2026-09-20T15:14:16.900625,Llama-3.1-8B,SLM,8B,ollama,1,"[Contract: NETGEAR,INC_04_21_2003-EX-10.16-AMENDMENT TO THE DISTRIBUTOR AGREEMEN...",NOT PRESENT (Third Party Beneficiary),contract_clause_classification,unspecified,1,NOT PRESENT,False,49714,NOT PRESENT,
2026-09-20T15:14:22.145005,Llama-3.1-8B,SLM,8B,ollama,1,"[Contract: NETGEAR,INC_04_21_2003-EX-10.16-AMENDMENT TO THE DISTRIBUTOR AGREEMEN...",NOT PRESENT (Third Party Beneficiary),contract_clause_classification,unspecified,2,NOT PRESENT,False,3446,NOT PRESENT,
2026-09-20T15:14:26.934389,Llama-3.1-8B,SLM,8B,ollama,1,"[Contract: NETGEAR,INC_04_21_2003-EX-10.16-AMENDMENT TO THE DISTRIBUTOR AGREEMEN...",NOT PRESENT (Third Party Beneficiary),contract_clause_classification,unspecified,3,NOT PRESENT,False,3044,NOT PRESENT,
2026-09-20T15:14:35.992792,Llama-3.1-8B,SLM,8B,ollama,2,"[Contract: SIBANNAC,INC_12_04_2017-EX-2.1-Strategic Alliance Agreement] Does thi...",NOT PRESENT (Third Party Beneficiary),contract_clause_classification,unspecified,1,PRESENT,False,7418,PRESENT,
2026-09-20T15:14:40.172834,Llama-3.1-8B,SLM,8B,ollama,2,"[Contract: SIBANNAC,INC_12_04_2017-EX-2.1-Strategic Alliance Agreement] Does thi...",NOT PRESENT (Third Party Beneficiary),contract_clause_classification,unspecified,2,PRESENT,False,2565,PRESENT,
2026-09-20T15:14:44.359449,Llama-3.1-8B,SLM,8B,ollama,2,"[Contract: SIBANNAC,INC_12_04_2017-EX-2.1-Strategic Alliance Agreement] Does thi...",NOT PRESENT (Third Party Beneficiary),contract_clause_classification,unspecified,3,PRESENT,False,2579,PRESENT,
2026-09-20T15:14:53.423182,Llama-3.1-8B,SLM,8B,ollama,3,[Contract: AgapeAtpCorp_20191202_10-KA_EX-10.1_11911128_EX-10.1_Supply Agreement...,NOT PRESENT (Audit Rights),contract_clause_classification,unspecified,1,PRESENT,False,7415,PRESENT,
2026-09-20T15:14:57.742041,Llama-3.1-8B,SLM,8B,ollama,3,[Contract: AgapeAtpCorp_20191202_10-KA_EX-10.1_11911128_EX-10.1_Supply Agreement...,NOT PRESENT (Audit Rights),contract_clause_classification,unspecified,2,PRESENT,False,2691,PRESENT,
2026-09-20T15:15:02.111577,Llama-3.1-8B,SLM,8B,ollama,3,[Contract: AgapeAtpCorp_20191202_10-KA_EX-10.1_11911128_EX-10.1_Supply Agreement...,NOT PRESENT (Audit Rights),contract_clause_classification,unspecified,3,PRESENT,False,2741,PRESENT,
2026-09-20T15:15:13.304975,Llama-3.1-8B,SLM,8B,ollama,4,[Contract: PLAYAHOTELS_RESORTSNV_03_14_2017-EX-10.22-STRATEGIC ALLIANCE AGREEMEN...,NOT PRESENT (Unlimited/All-You-Can-Eat-License),contract_clause_classification,unspecified,1,NOT PRESENT,False,9558,NOT PRESENT,
2026-09-20T15:15:17.843647,Llama-3.1-8B,SLM,8B,ollama,4,[Contract: PLAYAHOTELS_RESORTSNV_03_14_2017-EX-10.22-STRATEGIC ALLIANCE AGREEMEN...,NOT PRESENT (Unlimited/All-You-Can-Eat-License),contract_clause_classification,unspecified,2,NOT PRESENT,False,2932,NOT PRESENT,
2026-09-20T15:15:22.389713,Llama-3.1-8B,SLM,8B,ollama,4,[Contract: PLAYAHOTELS_RESORTSNV_03_14_2017-EX-10.22-STRATEGIC ALLIANCE AGREEMEN...,NOT PRESENT (Unlimited/All-You-Can-Eat-License),contract_clause_classification,unspecified,3,NOT PRESENT,False,2959,NOT PRESENT,
2026-09-20T15:15:33.733857,Llama-3.1-8B,SLM,8B,ollama,5,[Contract: USASYNTHETICFUELCORP_10_21_2010-EX-10.10-STRATEGIC ALLIANCE AGREEMENT...,NOT PRESENT (Rofr/Rofo/Rofn),contract_clause_classification,unspecified,1,NOT PRESENT,False,9753,NOT PRESENT,
2026-09-20T15:15:38.393889,Llama-3.1-8B,SLM,8B,ollama,5,[Contract: USASYNTHETICFUELCORP_10_21_2010-EX-10.10-STRATEGIC ALLIANCE AGREEMENT...,NOT PRESENT (Rofr/Rofo/Rofn),contract_clause_classification,unspecified,2,NOT PRESENT,False,3029,NOT PRESENT,
2026-09-20T15:15:43.081623,Llama-3.1-8B,SLM,8B,ollama,5,[Contract: USASYNTHETICFUELCORP_10_21_2010-EX-10.10-STRATEGIC ALLIANCE AGREEMENT...,NOT PRESENT (Rofr/Rofo/Rofn),contract_clause_classification,unspecified,3,NOT PRESENT,False,3073,NOT PRESENT,
2026-09-20T15:15:55.361882,Llama-3.1-8B,SLM,8B,ollama,6,[Contract: ATMOSENERGYCORP_11_22_2002-EX-10.17-TRANSPORTATION SERVICE AGREEMENT]...,"PRESENT (Minimum Commitment): Quantity of capacity to be released: Max 13,370 Dfli/Day,                                Min 13,370 DthDay.",contract_clause_classification,unspecified,1,PRESENT,False,10648,PRESENT,
2026-09-20T15:16:02.304997,Llama-3.1-8B,SLM,8B,ollama,6,[Contract: ATMOSENERGYCORP_11_22_2002-EX-10.17-TRANSPORTATION SERVICE AGREEMENT]...,"PRESENT (Minimum Commitment): Quantity of capacity to be released: Max 13,370 Dfli/Day,                                Min 13,370 DthDay.",contract_clause_classification,unspecified,2,PRESENT,False,5208,PRESENT,
2026-09-20T15:16:06.668970,Llama-3.1-8B,SLM,8B,ollama,6,[Contract: ATMOSENERGYCORP_11_22_2002-EX-10.17-TRANSPORTATION SERVICE AGREEMENT]...,"PRESENT (Minimum Commitment): Quantity of capacity to be released: Max 13,370 Dfli/Day,                                Min 13,370 DthDay.",contract_clause_classification,unspecified,3,PRESENT,False,2658,PRESENT,
2026-09-20T15:16:15.115880,Llama-3.1-8B,SLM,8B,ollama,7,[Contract: WEBHELPCOMINC_03_22_2000-EX-10.8-HOSTING AGREEMENT] Does this contrac...,NOT PRESENT (Warranty Duration),contract_clause_classification,unspecified,1,PRESENT,False,6857,PRESENT,
2026-09-20T15:16:19.397782,Llama-3.1-8B,SLM,8B,ollama,7,[Contract: WEBHELPCOMINC_03_22_2000-EX-10.8-HOSTING AGREEMENT] Does this contrac...,NOT PRESENT (Warranty Duration),contract_clause_classification,unspecified,2,PRESENT,False,2608,PRESENT,
2026-09-20T15:16:23.664286,Llama-3.1-8B,SLM,8B,ollama,7,[Contract: WEBHELPCOMINC_03_22_2000-EX-10.8-HOSTING AGREEMENT] Does this contrac...,NOT PRESENT (Warranty Duration),contract_clause_classification,unspecified,3,PRESENT,False,2643,PRESENT,
2026-09-20T15:16:32.974463,Llama-3.1-8B,SLM,8B,ollama,8,[Contract: BANUESTRAFINANCIALCORP_09_08_2006-EX-10.16-AGENCY AGREEMENT] Does thi...,NOT PRESENT (Cap On Liability),contract_clause_classification,unspecified,1,NOT PRESENT,False,7708,NOT PRESENT,
2026-09-20T15:16:37.853857,Llama-3.1-8B,SLM,8B,ollama,8,[Contract: BANUESTRAFINANCIALCORP_09_08_2006-EX-10.16-AGENCY AGREEMENT] Does thi...,NOT PRESENT (Cap On Liability),contract_clause_classification,unspecified,2,NOT PRESENT,False,3156,NOT PRESENT,
2026-09-20T15:16:42.504969,Llama-3.1-8B,SLM,8B,ollama,8,[Contract: BANUESTRAFINANCIALCORP_09_08_2006-EX-10.16-AGENCY AGREEMENT] Does thi...,NOT PRESENT (Cap On Liability),contract_clause_classification,unspecified,3,NOT PRESENT,False,3056,NOT PRESENT,
2026-09-20T15:16:52.957421,Llama-3.1-8B,SLM,8B,ollama,9,"[Contract: OASYSMOBILE,INC_07_05_2001-EX-10.17-OUTSOURCING AGREEMENT] Does this ...",PRESENT (Revenue/Profit Sharing): HSNS agrees to pay E.piphany an additional                   $0.005 per email for any email distributed by HSNS as a result                   of any deal it closes that either results from a lead     ,contract_clause_classification,unspecified,1,PRESENT,False,8816,PRESENT,
2026-09-20T15:17:04.981997,Llama-3.1-8B,SLM,8B,ollama,9,"[Contract: OASYSMOBILE,INC_07_05_2001-EX-10.17-OUTSOURCING AGREEMENT] Does this ...",PRESENT (Revenue/Profit Sharing): HSNS agrees to pay E.piphany an additional                   $0.005 per email for any email distributed by HSNS as a result                   of any deal it closes that either results from a lead     ,contract_clause_classification,unspecified,2,PRESENT,False,10295,PRESENT,
2026-09-20T15:17:10.330130,Llama-3.1-8B,SLM,8B,ollama,9,"[Contract: OASYSMOBILE,INC_07_05_2001-EX-10.17-OUTSOURCING AGREEMENT] Does this ...",PRESENT (Revenue/Profit Sharing): HSNS agrees to pay E.piphany an additional                   $0.005 per email for any email distributed by HSNS as a result                   of any deal it closes that either results from a lead     ,contract_clause_classification,unspecified,3,PRESENT,False,3594,PRESENT,
2026-09-20T15:17:19.827929,Llama-3.1-8B,SLM,8B,ollama,10,"[Contract: OPTIMIZEDTRANSPORTATIONMANAGEMENT,INC_07_26_2000-EX-6.6-DISTRIBUTOR A...",NOT PRESENT (Insurance),contract_clause_classification,unspecified,1,NOT PRESENT,False,7802,NOT PRESENT,
2026-09-20T15:17:24.335169,Llama-3.1-8B,SLM,8B,ollama,10,"[Contract: OPTIMIZEDTRANSPORTATIONMANAGEMENT,INC_07_26_2000-EX-6.6-DISTRIBUTOR A...",NOT PRESENT (Insurance),contract_clause_classification,unspecified,2,NOT PRESENT,False,2897,NOT PRESENT,
2026-09-20T15:17:28.860796,Llama-3.1-8B,SLM,8B,ollama,10,"[Contract: OPTIMIZEDTRANSPORTATIONMANAGEMENT,INC_07_26_2000-EX-6.6-DISTRIBUTOR A...",NOT PRESENT (Insurance),contract_clause_classification,unspecified,3,NOT PRESENT,False,2933,NOT PRESENT,
2026-09-20T15:17:39.003066,Llama-3.1-8B,SLM,8B,ollama,11,[Contract: BNLFINANCIALCORP_03_30_2007-EX-10.8-OUTSOURCING AGREEMENT] Does this ...,NOT PRESENT (Most Favored Nation),contract_clause_classification,unspecified,1,NOT PRESENT,False,8519,NOT PRESENT,
2026-09-20T15:17:43.842396,Llama-3.1-8B,SLM,8B,ollama,11,[Contract: BNLFINANCIALCORP_03_30_2007-EX-10.8-OUTSOURCING AGREEMENT] Does this ...,NOT PRESENT (Most Favored Nation),contract_clause_classification,unspecified,2,NOT PRESENT,False,3231,NOT PRESENT,
2026-09-20T15:17:48.721929,Llama-3.1-8B,SLM,8B,ollama,11,[Contract: BNLFINANCIALCORP_03_30_2007-EX-10.8-OUTSOURCING AGREEMENT] Does this ...,NOT PRESENT (Most Favored Nation),contract_clause_classification,unspecified,3,NOT PRESENT,False,3218,NOT PRESENT,
2026-09-20T15:17:59.286340,Llama-3.1-8B,SLM,8B,ollama,12,"[Contract: BORROWMONEYCOM,INC_06_11_2020-EX-10.1-JOINT VENTURE AGREEMENT] Does t...",NOT PRESENT (Rofr/Rofo/Rofn),contract_clause_classification,unspecified,1,NOT PRESENT,False,8926,NOT PRESENT,
2026-09-20T15:18:04.043200,Llama-3.1-8B,SLM,8B,ollama,12,"[Contract: BORROWMONEYCOM,INC_06_11_2020-EX-10.1-JOINT VENTURE AGREEMENT] Does t...",NOT PRESENT (Rofr/Rofo/Rofn),contract_clause_classification,unspecified,2,NOT PRESENT,False,3105,NOT PRESENT,
2026-09-20T15:18:08.740115,Llama-3.1-8B,SLM,8B,ollama,12,"[Contract: BORROWMONEYCOM,INC_06_11_2020-EX-10.1-JOINT VENTURE AGREEMENT] Does t...",NOT PRESENT (Rofr/Rofo/Rofn),contract_clause_classification,unspecified,3,NOT PRESENT,False,3016,NOT PRESENT,
2026-09-20T15:18:17.438171,Llama-3.1-8B,SLM,8B,ollama,13,[Contract: Freecook_20180605_S-1_EX-10.3_11233807_EX-10.3_Hosting Agreement] Doe...,NOT PRESENT (Audit Rights),contract_clause_classification,unspecified,1,PRESENT,False,6960,PRESENT,
2026-09-20T15:18:21.609056,Llama-3.1-8B,SLM,8B,ollama,13,[Contract: Freecook_20180605_S-1_EX-10.3_11233807_EX-10.3_Hosting Agreement] Doe...,NOT PRESENT (Audit Rights),contract_clause_classification,unspecified,2,PRESENT,False,2579,PRESENT,
2026-09-20T15:18:25.971777,Llama-3.1-8B,SLM,8B,ollama,13,[Contract: Freecook_20180605_S-1_EX-10.3_11233807_EX-10.3_Hosting Agreement] Doe...,NOT PRESENT (Audit Rights),contract_clause_classification,unspecified,3,PRESENT,False,2685,PRESENT,
2026-09-20T15:18:36.136902,Llama-3.1-8B,SLM,8B,ollama,14,[Contract: VARIABLESEPARATEACCOUNT_04_30_2014-EX-13.C-UNCONDITIONAL CAPITAL MAIN...,NOT PRESENT (Liquidated Damages),contract_clause_classification,unspecified,1,NOT PRESENT,False,8484,NOT PRESENT,
2026-09-20T15:18:41.062204,Llama-3.1-8B,SLM,8B,ollama,14,[Contract: VARIABLESEPARATEACCOUNT_04_30_2014-EX-13.C-UNCONDITIONAL CAPITAL MAIN...,NOT PRESENT (Liquidated Damages),contract_clause_classification,unspecified,2,NOT PRESENT,False,3200,NOT PRESENT,
2026-09-20T15:18:45.849922,Llama-3.1-8B,SLM,8B,ollama,14,[Contract: VARIABLESEPARATEACCOUNT_04_30_2014-EX-13.C-UNCONDITIONAL CAPITAL MAIN...,NOT PRESENT (Liquidated Damages),contract_clause_classification,unspecified,3,NOT PRESENT,False,3112,NOT PRESENT,
2026-09-20T15:18:56.312250,Llama-3.1-8B,SLM,8B,ollama,15,[Contract: MorganStanleyDirectLendingFund_20191119_10-12GA_EX-10.5_11898508_EX-1...,NOT PRESENT (Irrevocable Or Perpetual License),contract_clause_classification,unspecified,1,PRESENT,False,8859,PRESENT,
2026-09-20T15:19:00.565574,Llama-3.1-8B,SLM,8B,ollama,15,[Contract: MorganStanleyDirectLendingFund_20191119_10-12GA_EX-10.5_11898508_EX-1...,NOT PRESENT (Irrevocable Or Perpetual License),contract_clause_classification,unspecified,2,PRESENT,False,2641,PRESENT,
2026-09-20T15:19:04.880282,Llama-3.1-8B,SLM,8B,ollama,15,[Contract: MorganStanleyDirectLendingFund_20191119_10-12GA_EX-10.5_11898508_EX-1...,NOT PRESENT (Irrevocable Or Perpetual License),contract_clause_classification,unspecified,3,PRESENT,False,2631,PRESENT,
2026-09-20T15:19:13.710207,Llama-3.1-8B,SLM,8B,ollama,16,[Contract: TomOnlineInc_20060501_20-F_EX-4.46_749700_EX-4.46_Co-Branding Agreeme...,NOT PRESENT (Insurance),contract_clause_classification,unspecified,1,NOT PRESENT,False,7132,NOT PRESENT,
2026-09-20T15:19:18.412421,Llama-3.1-8B,SLM,8B,ollama,16,[Contract: TomOnlineInc_20060501_20-F_EX-4.46_749700_EX-4.46_Co-Branding Agreeme...,NOT PRESENT (Insurance),contract_clause_classification,unspecified,2,NOT PRESENT,False,3059,NOT PRESENT,
2026-09-20T15:19:23.168167,Llama-3.1-8B,SLM,8B,ollama,16,[Contract: TomOnlineInc_20060501_20-F_EX-4.46_749700_EX-4.46_Co-Branding Agreeme...,NOT PRESENT (Insurance),contract_clause_classification,unspecified,3,NOT PRESENT,False,3157,NOT PRESENT,
2026-09-20T15:19:32.971083,Llama-3.1-8B,SLM,8B,ollama,17,[Contract: TheglobeComInc_19990503_S-1A_EX-10.20_5416126_EX-10.20_Co-Branding Ag...,NOT PRESENT (Liquidated Damages),contract_clause_classification,unspecified,1,PRESENT,False,8122,PRESENT,
2026-09-20T15:19:37.466825,Llama-3.1-8B,SLM,8B,ollama,17,[Contract: TheglobeComInc_19990503_S-1A_EX-10.20_5416126_EX-10.20_Co-Branding Ag...,NOT PRESENT (Liquidated Damages),contract_clause_classification,unspecified,2,PRESENT,False,2817,PRESENT,
2026-09-20T15:19:41.747626,Llama-3.1-8B,SLM,8B,ollama,17,[Contract: TheglobeComInc_19990503_S-1A_EX-10.20_5416126_EX-10.20_Co-Branding Ag...,NOT PRESENT (Liquidated Damages),contract_clause_classification,unspecified,3,PRESENT,False,2604,PRESENT,
2026-09-20T15:19:51.823752,Llama-3.1-8B,SLM,8B,ollama,18,[Contract: NEXSTARFINANCEHOLDINGSINC_03_27_2002-EX-10.26-OUTSOURCING AGREEMENT] ...,NOT PRESENT (Renewal Term),contract_clause_classification,unspecified,1,NOT PRESENT,False,8416,NOT PRESENT,
2026-09-20T15:19:59.725283,Llama-3.1-8B,SLM,8B,ollama,18,[Contract: NEXSTARFINANCEHOLDINGSINC_03_27_2002-EX-10.26-OUTSOURCING AGREEMENT] ...,NOT PRESENT (Renewal Term),contract_clause_classification,unspecified,2,NOT PRESENT,False,6275,NOT PRESENT,
2026-09-20T15:20:04.484361,Llama-3.1-8B,SLM,8B,ollama,18,[Contract: NEXSTARFINANCEHOLDINGSINC_03_27_2002-EX-10.26-OUTSOURCING AGREEMENT] ...,NOT PRESENT (Renewal Term),contract_clause_classification,unspecified,3,NOT PRESENT,False,3070,NOT PRESENT,
2026-09-20T15:20:14.713108,Llama-3.1-8B,SLM,8B,ollama,19,[Contract: BONTONSTORESINC_04_20_2018-EX-99.3-AGENCY AGREEMENT] Does this contra...,NOT PRESENT (Most Favored Nation),contract_clause_classification,unspecified,1,NOT PRESENT,False,8583,NOT PRESENT,
2026-09-20T15:20:19.445980,Llama-3.1-8B,SLM,8B,ollama,19,[Contract: BONTONSTORESINC_04_20_2018-EX-99.3-AGENCY AGREEMENT] Does this contra...,NOT PRESENT (Most Favored Nation),contract_clause_classification,unspecified,2,NOT PRESENT,False,3082,NOT PRESENT,
2026-09-20T15:20:25.416993,Llama-3.1-8B,SLM,8B,ollama,19,[Contract: BONTONSTORESINC_04_20_2018-EX-99.3-AGENCY AGREEMENT] Does this contra...,NOT PRESENT (Most Favored Nation),contract_clause_classification,unspecified,3,NOT PRESENT,False,4309,NOT PRESENT,
2026-09-20T15:20:35.402228,Llama-3.1-8B,SLM,8B,ollama,20,[Contract: LOOKSMARTLTD_07_20_2012-EX-99.(D)(I)-SPONSORSHIP AGREEMENT] Does this...,NOT PRESENT (Volume Restriction),contract_clause_classification,unspecified,1,NOT PRESENT,False,8313,NOT PRESENT,
2026-09-20T15:20:40.377888,Llama-3.1-8B,SLM,8B,ollama,20,[Contract: LOOKSMARTLTD_07_20_2012-EX-99.(D)(I)-SPONSORSHIP AGREEMENT] Does this...,NOT PRESENT (Volume Restriction),contract_clause_classification,unspecified,2,NOT PRESENT,False,3217,NOT PRESENT,
2026-09-20T15:20:45.095711,Llama-3.1-8B,SLM,8B,ollama,20,[Contract: LOOKSMARTLTD_07_20_2012-EX-99.(D)(I)-SPONSORSHIP AGREEMENT] Does this...,NOT PRESENT (Volume Restriction),contract_clause_classification,unspecified,3,NOT PRESENT,False,3090,NOT PRESENT,
2026-09-20T15:20:54.248999,Llama-3.1-8B,SLM,8B,ollama,21,[Contract: DataCallTechnologies_20060918_SB-2A_EX-10.9_944510_EX-10.9_Content Li...,NOT PRESENT (Warranty Duration),contract_clause_classification,unspecified,1,NOT PRESENT,False,7526,NOT PRESENT,
2026-09-20T15:20:59.018944,Llama-3.1-8B,SLM,8B,ollama,21,[Contract: DataCallTechnologies_20060918_SB-2A_EX-10.9_944510_EX-10.9_Content Li...,NOT PRESENT (Warranty Duration),contract_clause_classification,unspecified,2,NOT PRESENT,False,3164,NOT PRESENT,
2026-09-20T15:21:03.755362,Llama-3.1-8B,SLM,8B,ollama,21,[Contract: DataCallTechnologies_20060918_SB-2A_EX-10.9_944510_EX-10.9_Content Li...,NOT PRESENT (Warranty Duration),contract_clause_classification,unspecified,3,NOT PRESENT,False,3074,NOT PRESENT,
2026-09-20T15:21:12.663159,Llama-3.1-8B,SLM,8B,ollama,22,[Contract: BANUESTRAFINANCIALCORP_09_08_2006-EX-10.16-AGENCY AGREEMENT] Does thi...,"PRESENT (Minimum Commitment): In the event the Company is unable to sell a minimum of 1,875,000 Shares on or before June 30, 2007, this Agreement shall terminate and the Company shall cause the Escrow Agent (as defined below) to r",contract_clause_classification,unspecified,1,PRESENT,False,7306,PRESENT,
2026-09-20T15:21:16.847000,Llama-3.1-8B,SLM,8B,ollama,22,[Contract: BANUESTRAFINANCIALCORP_09_08_2006-EX-10.16-AGENCY AGREEMENT] Does thi...,"PRESENT (Minimum Commitment): In the event the Company is unable to sell a minimum of 1,875,000 Shares on or before June 30, 2007, this Agreement shall terminate and the Company shall cause the Escrow Agent (as defined below) to r",contract_clause_classification,unspecified,2,PRESENT,False,2588,PRESENT,
2026-09-20T15:21:21.208372,Llama-3.1-8B,SLM,8B,ollama,22,[Contract: BANUESTRAFINANCIALCORP_09_08_2006-EX-10.16-AGENCY AGREEMENT] Does thi...,"PRESENT (Minimum Commitment): In the event the Company is unable to sell a minimum of 1,875,000 Shares on or before June 30, 2007, this Agreement shall terminate and the Company shall cause the Escrow Agent (as defined below) to r",contract_clause_classification,unspecified,3,PRESENT,False,2725,PRESENT,
2026-09-20T15:21:31.105043,Llama-3.1-8B,SLM,8B,ollama,23,[Contract: SoupmanInc_20150814_8-K_EX-10.1_9230148_EX-10.1_Franchise Agreement1]...,"PRESENT (No-Solicit Of Customers): In consideration for such training, trade secrets and confidential information, you and your principals agree that during the term of this Agreement, and for a continuous uninterrupted period commenci",contract_clause_classification,unspecified,1,PRESENT,False,8292,PRESENT,
2026-09-20T15:21:37.695169,Llama-3.1-8B,SLM,8B,ollama,23,[Contract: SoupmanInc_20150814_8-K_EX-10.1_9230148_EX-10.1_Franchise Agreement1]...,"PRESENT (No-Solicit Of Customers): In consideration for such training, trade secrets and confidential information, you and your principals agree that during the term of this Agreement, and for a continuous uninterrupted period commenci",contract_clause_classification,unspecified,2,PRESENT,False,4923,PRESENT,
2026-09-20T15:21:41.849469,Llama-3.1-8B,SLM,8B,ollama,23,[Contract: SoupmanInc_20150814_8-K_EX-10.1_9230148_EX-10.1_Franchise Agreement1]...,"PRESENT (No-Solicit Of Customers): In consideration for such training, trade secrets and confidential information, you and your principals agree that during the term of this Agreement, and for a continuous uninterrupted period commenci",contract_clause_classification,unspecified,3,PRESENT,False,2528,PRESENT,
2026-09-20T15:21:52.307226,Llama-3.1-8B,SLM,8B,ollama,24,[Contract: PareteumCorp_20081001_8-K_EX-99.1_2654808_EX-99.1_Hosting Agreement] ...,PRESENT (Governing Law): This Agreement shall be governed by and construed in all respects exclusively in accordance with the laws of the Netherlands.,contract_clause_classification,unspecified,1,PRESENT,False,8842,PRESENT,
2026-09-20T15:21:56.735223,Llama-3.1-8B,SLM,8B,ollama,24,[Contract: PareteumCorp_20081001_8-K_EX-99.1_2654808_EX-99.1_Hosting Agreement] ...,PRESENT (Governing Law): This Agreement shall be governed by and construed in all respects exclusively in accordance with the laws of the Netherlands.,contract_clause_classification,unspecified,2,PRESENT,False,2764,PRESENT,
2026-09-20T15:22:01.443010,Llama-3.1-8B,SLM,8B,ollama,24,[Contract: PareteumCorp_20081001_8-K_EX-99.1_2654808_EX-99.1_Hosting Agreement] ...,PRESENT (Governing Law): This Agreement shall be governed by and construed in all respects exclusively in accordance with the laws of the Netherlands.,contract_clause_classification,unspecified,3,PRESENT,False,2999,PRESENT,
2026-09-20T15:22:11.421339,Llama-3.1-8B,SLM,8B,ollama,25,[Contract: StaarSurgicalCompany_20180801_10-Q_EX-10.37_11289449_EX-10.37_Distrib...,PRESENT (Document Name): DISTRIBUTORSHIP AGREEMENT,contract_clause_classification,unspecified,1,NOT PRESENT,False,8358,NOT PRESENT,
2026-09-20T15:22:18.104173,Llama-3.1-8B,SLM,8B,ollama,25,[Contract: StaarSurgicalCompany_20180801_10-Q_EX-10.37_11289449_EX-10.37_Distrib...,PRESENT (Document Name): DISTRIBUTORSHIP AGREEMENT,contract_clause_classification,unspecified,2,NOT PRESENT,False,4936,NOT PRESENT,
2026-09-20T15:22:22.911842,Llama-3.1-8B,SLM,8B,ollama,25,[Contract: StaarSurgicalCompany_20180801_10-Q_EX-10.37_11289449_EX-10.37_Distrib...,PRESENT (Document Name): DISTRIBUTORSHIP AGREEMENT,contract_clause_classification,unspecified,3,NOT PRESENT,False,3211,NOT PRESENT,
2026-09-20T15:22:32.465582,Llama-3.1-8B,SLM,8B,ollama,26,"[Contract: GOOSEHEADINSURANCE,INC_04_02_2018-EX-10.6-Franchise Agreement] Does t...","PRESENT (Covenant Not To Sue): Neither you nor any of your owners, principals, or other persons acting on your behalf will directly or indirectly contest the validity or our ownership of the Proprietary Marks, nor will you, directl",contract_clause_classification,unspecified,1,NOT PRESENT,False,7876,NOT PRESENT,
2026-09-20T15:22:37.173120,Llama-3.1-8B,SLM,8B,ollama,26,"[Contract: GOOSEHEADINSURANCE,INC_04_02_2018-EX-10.6-Franchise Agreement] Does t...","PRESENT (Covenant Not To Sue): Neither you nor any of your owners, principals, or other persons acting on your behalf will directly or indirectly contest the validity or our ownership of the Proprietary Marks, nor will you, directl",contract_clause_classification,unspecified,2,NOT PRESENT,False,3030,NOT PRESENT,
2026-09-20T15:22:41.816816,Llama-3.1-8B,SLM,8B,ollama,26,"[Contract: GOOSEHEADINSURANCE,INC_04_02_2018-EX-10.6-Franchise Agreement] Does t...","PRESENT (Covenant Not To Sue): Neither you nor any of your owners, principals, or other persons acting on your behalf will directly or indirectly contest the validity or our ownership of the Proprietary Marks, nor will you, directl",contract_clause_classification,unspecified,3,NOT PRESENT,False,3042,NOT PRESENT,
2026-09-20T15:22:49.570597,Llama-3.1-8B,SLM,8B,ollama,27,"[Contract: XACCT Technologies, Inc.SUPPORT AND MAINTENANCE AGREEMENT] Does this ...",NOT PRESENT (No-Solicit Of Employees),contract_clause_classification,unspecified,1,NOT PRESENT,False,6039,NOT PRESENT,
2026-09-20T15:22:59.071260,Llama-3.1-8B,SLM,8B,ollama,27,"[Contract: XACCT Technologies, Inc.SUPPORT AND MAINTENANCE AGREEMENT] Does this ...",NOT PRESENT (No-Solicit Of Employees),contract_clause_classification,unspecified,2,NOT PRESENT,False,7901,NOT PRESENT,
2026-09-20T15:23:04.290659,Llama-3.1-8B,SLM,8B,ollama,27,"[Contract: XACCT Technologies, Inc.SUPPORT AND MAINTENANCE AGREEMENT] Does this ...",NOT PRESENT (No-Solicit Of Employees),contract_clause_classification,unspecified,3,NOT PRESENT,False,3375,NOT PRESENT,
2026-09-20T15:23:13.105142,Llama-3.1-8B,SLM,8B,ollama,28,[Contract: ADAMSGOLFINC_03_21_2005-EX-10.17-ENDORSEMENT AGREEMENT] Does this con...,PRESENT (Governing Law): This Agreement shall be governed and construed according to the laws of the State of Kansas.,contract_clause_classification,unspecified,1,PRESENT,False,7186,PRESENT,
2026-09-20T15:23:17.384319,Llama-3.1-8B,SLM,8B,ollama,28,[Contract: ADAMSGOLFINC_03_21_2005-EX-10.17-ENDORSEMENT AGREEMENT] Does this con...,PRESENT (Governing Law): This Agreement shall be governed and construed according to the laws of the State of Kansas.,contract_clause_classification,unspecified,2,PRESENT,False,2673,PRESENT,
2026-09-20T15:23:21.589682,Llama-3.1-8B,SLM,8B,ollama,28,[Contract: ADAMSGOLFINC_03_21_2005-EX-10.17-ENDORSEMENT AGREEMENT] Does this con...,PRESENT (Governing Law): This Agreement shall be governed and construed according to the laws of the State of Kansas.,contract_clause_classification,unspecified,3,PRESENT,False,2594,PRESENT,
2026-09-20T15:23:30.405462,Llama-3.1-8B,SLM,8B,ollama,29,"[Contract: ELFBEAUTY,INC_07_02_2020-EX-10.1-COOPERATION AGREEMENT] Does this con...",NOT PRESENT (Joint Ip Ownership),contract_clause_classification,unspecified,1,NOT PRESENT,False,7220,NOT PRESENT,
2026-09-20T15:23:35.179760,Llama-3.1-8B,SLM,8B,ollama,29,"[Contract: ELFBEAUTY,INC_07_02_2020-EX-10.1-COOPERATION AGREEMENT] Does this con...",NOT PRESENT (Joint Ip Ownership),contract_clause_classification,unspecified,2,NOT PRESENT,False,3165,NOT PRESENT,
2026-09-20T15:23:39.936867,Llama-3.1-8B,SLM,8B,ollama,29,"[Contract: ELFBEAUTY,INC_07_02_2020-EX-10.1-COOPERATION AGREEMENT] Does this con...",NOT PRESENT (Joint Ip Ownership),contract_clause_classification,unspecified,3,NOT PRESENT,False,3117,NOT PRESENT,
2026-09-20T15:23:49.660974,Llama-3.1-8B,SLM,8B,ollama,30,[Contract: BNLFINANCIALCORP_03_30_2007-EX-10.8-OUTSOURCING AGREEMENT] Does this ...,NOT PRESENT (Source Code Escrow),contract_clause_classification,unspecified,1,NOT PRESENT,False,8049,NOT PRESENT,
2026-09-20T15:23:56.154136,Llama-3.1-8B,SLM,8B,ollama,30,[Contract: BNLFINANCIALCORP_03_30_2007-EX-10.8-OUTSOURCING AGREEMENT] Does this ...,NOT PRESENT (Source Code Escrow),contract_clause_classification,unspecified,2,NOT PRESENT,False,4847,NOT PRESENT,
2026-09-20T15:24:01.157441,Llama-3.1-8B,SLM,8B,ollama,30,[Contract: BNLFINANCIALCORP_03_30_2007-EX-10.8-OUTSOURCING AGREEMENT] Does this ...,NOT PRESENT (Source Code Escrow),contract_clause_classification,unspecified,3,NOT PRESENT,False,3374,NOT PRESENT,
2026-09-20T15:24:09.061569,GPT-OSS-120B,LLM,70B,groq,1,"[Contract: NETGEAR,INC_04_21_2003-EX-10.16-AMENDMENT TO THE DISTRIBUTOR AGREEMEN...",NOT PRESENT (Third Party Beneficiary),contract_clause_classification,unspecified,1,INVALID,False,641,,
2026-09-20T15:24:12.267912,GPT-OSS-120B,LLM,70B,groq,1,"[Contract: NETGEAR,INC_04_21_2003-EX-10.16-AMENDMENT TO THE DISTRIBUTOR AGREEMEN...",NOT PRESENT (Third Party Beneficiary),contract_clause_classification,unspecified,2,INVALID,False,593,,
2026-09-20T15:24:15.473440,GPT-OSS-120B,LLM,70B,groq,1,"[Contract: NETGEAR,INC_04_21_2003-EX-10.16-AMENDMENT TO THE DISTRIBUTOR AGREEMEN...",NOT PRESENT (Third Party Beneficiary),contract_clause_classification,unspecified,3,INVALID,False,615,,
2026-09-20T15:24:18.735952,GPT-OSS-120B,LLM,70B,groq,2,"[Contract: SIBANNAC,INC_12_04_2017-EX-2.1-Strategic Alliance Agreement] Does thi...",NOT PRESENT (Third Party Beneficiary),contract_clause_classification,unspecified,1,NOT PRESENT,False,679,NOT PRESENT,
2026-09-20T15:24:21.871527,GPT-OSS-120B,LLM,70B,groq,2,"[Contract: SIBANNAC,INC_12_04_2017-EX-2.1-Strategic Alliance Agreement] Does thi...",NOT PRESENT (Third Party Beneficiary),contract_clause_classification,unspecified,2,NOT PRESENT,False,550,NOT PRESENT,
2026-09-20T15:24:24.921871,GPT-OSS-120B,LLM,70B,groq,2,"[Contract: SIBANNAC,INC_12_04_2017-EX-2.1-Strategic Alliance Agreement] Does thi...",NOT PRESENT (Third Party Beneficiary),contract_clause_classification,unspecified,3,NOT PRESENT,False,457,NOT PRESENT,
2026-09-20T15:24:28.325827,GPT-OSS-120B,LLM,70B,groq,3,[Contract: AgapeAtpCorp_20191202_10-KA_EX-10.1_11911128_EX-10.1_Supply Agreement...,NOT PRESENT (Audit Rights),contract_clause_classification,unspecified,1,NOT PRESENT,False,794,NOT PRESENT,
2026-09-20T15:24:31.455651,GPT-OSS-120B,LLM,70B,groq,3,[Contract: AgapeAtpCorp_20191202_10-KA_EX-10.1_11911128_EX-10.1_Supply Agreement...,NOT PRESENT (Audit Rights),contract_clause_classification,unspecified,2,NOT PRESENT,False,529,NOT PRESENT,
2026-09-20T15:24:34.437932,GPT-OSS-120B,LLM,70B,groq,3,[Contract: AgapeAtpCorp_20191202_10-KA_EX-10.1_11911128_EX-10.1_Supply Agreement...,NOT PRESENT (Audit Rights),contract_clause_classification,unspecified,3,NOT PRESENT,False,404,NOT PRESENT,
2026-09-20T15:24:37.646401,GPT-OSS-120B,LLM,70B,groq,4,[Contract: PLAYAHOTELS_RESORTSNV_03_14_2017-EX-10.22-STRATEGIC ALLIANCE AGREEMEN...,NOT PRESENT (Unlimited/All-You-Can-Eat-License),contract_clause_classification,unspecified,1,NOT PRESENT,False,591,NOT PRESENT,
2026-09-20T15:24:40.760219,GPT-OSS-120B,LLM,70B,groq,4,[Contract: PLAYAHOTELS_RESORTSNV_03_14_2017-EX-10.22-STRATEGIC ALLIANCE AGREEMEN...,NOT PRESENT (Unlimited/All-You-Can-Eat-License),contract_clause_classification,unspecified,2,NOT PRESENT,False,530,NOT PRESENT,
2026-09-20T15:24:43.725604,GPT-OSS-120B,LLM,70B,groq,4,[Contract: PLAYAHOTELS_RESORTSNV_03_14_2017-EX-10.22-STRATEGIC ALLIANCE AGREEMEN...,NOT PRESENT (Unlimited/All-You-Can-Eat-License),contract_clause_classification,unspecified,3,NOT PRESENT,False,381,NOT PRESENT,
2026-09-20T15:24:46.837343,GPT-OSS-120B,LLM,70B,groq,5,[Contract: USASYNTHETICFUELCORP_10_21_2010-EX-10.10-STRATEGIC ALLIANCE AGREEMENT...,NOT PRESENT (Rofr/Rofo/Rofn),contract_clause_classification,unspecified,1,INVALID,False,472,,
2026-09-20T15:24:49.992853,GPT-OSS-120B,LLM,70B,groq,5,[Contract: USASYNTHETICFUELCORP_10_21_2010-EX-10.10-STRATEGIC ALLIANCE AGREEMENT...,NOT PRESENT (Rofr/Rofo/Rofn),contract_clause_classification,unspecified,2,INVALID,False,574,,
2026-09-20T15:24:53.055800,GPT-OSS-120B,LLM,70B,groq,5,[Contract: USASYNTHETICFUELCORP_10_21_2010-EX-10.10-STRATEGIC ALLIANCE AGREEMENT...,NOT PRESENT (Rofr/Rofo/Rofn),contract_clause_classification,unspecified,3,INVALID,False,485,,
2026-09-20T15:24:56.082649,GPT-OSS-120B,LLM,70B,groq,6,[Contract: ATMOSENERGYCORP_11_22_2002-EX-10.17-TRANSPORTATION SERVICE AGREEMENT]...,"PRESENT (Minimum Commitment): Quantity of capacity to be released: Max 13,370 Dfli/Day,                                Min 13,370 DthDay.",contract_clause_classification,unspecified,1,NOT PRESENT,False,446,NOT PRESENT,
2026-09-20T15:24:59.263737,GPT-OSS-120B,LLM,70B,groq,6,[Contract: ATMOSENERGYCORP_11_22_2002-EX-10.17-TRANSPORTATION SERVICE AGREEMENT]...,"PRESENT (Minimum Commitment): Quantity of capacity to be released: Max 13,370 Dfli/Day,                                Min 13,370 DthDay.",contract_clause_classification,unspecified,2,NOT PRESENT,False,602,NOT PRESENT,
2026-09-20T15:25:02.392894,GPT-OSS-120B,LLM,70B,groq,6,[Contract: ATMOSENERGYCORP_11_22_2002-EX-10.17-TRANSPORTATION SERVICE AGREEMENT]...,"PRESENT (Minimum Commitment): Quantity of capacity to be released: Max 13,370 Dfli/Day,                                Min 13,370 DthDay.",contract_clause_classification,unspecified,3,NOT PRESENT,False,542,NOT PRESENT,
2026-09-20T15:25:05.567162,GPT-OSS-120B,LLM,70B,groq,7,[Contract: WEBHELPCOMINC_03_22_2000-EX-10.8-HOSTING AGREEMENT] Does this contrac...,NOT PRESENT (Warranty Duration),contract_clause_classification,unspecified,1,NOT PRESENT,False,592,NOT PRESENT,
2026-09-20T15:25:08.619777,GPT-OSS-120B,LLM,70B,groq,7,[Contract: WEBHELPCOMINC_03_22_2000-EX-10.8-HOSTING AGREEMENT] Does this contrac...,NOT PRESENT (Warranty Duration),contract_clause_classification,unspecified,2,NOT PRESENT,False,468,NOT PRESENT,
2026-09-20T15:25:11.659256,GPT-OSS-120B,LLM,70B,groq,7,[Contract: WEBHELPCOMINC_03_22_2000-EX-10.8-HOSTING AGREEMENT] Does this contrac...,NOT PRESENT (Warranty Duration),contract_clause_classification,unspecified,3,NOT PRESENT,False,464,NOT PRESENT,
2026-09-20T15:25:14.747736,GPT-OSS-120B,LLM,70B,groq,8,[Contract: BANUESTRAFINANCIALCORP_09_08_2006-EX-10.16-AGENCY AGREEMENT] Does thi...,NOT PRESENT (Cap On Liability),contract_clause_classification,unspecified,1,INVALID,False,506,,
2026-09-20T15:25:17.963342,GPT-OSS-120B,LLM,70B,groq,8,[Contract: BANUESTRAFINANCIALCORP_09_08_2006-EX-10.16-AGENCY AGREEMENT] Does thi...,NOT PRESENT (Cap On Liability),contract_clause_classification,unspecified,2,INVALID,False,633,,
2026-09-20T15:25:21.159420,GPT-OSS-120B,LLM,70B,groq,8,[Contract: BANUESTRAFINANCIALCORP_09_08_2006-EX-10.16-AGENCY AGREEMENT] Does thi...,NOT PRESENT (Cap On Liability),contract_clause_classification,unspecified,3,INVALID,False,618,NOT,
2026-09-20T15:25:24.273591,GPT-OSS-120B,LLM,70B,groq,9,"[Contract: OASYSMOBILE,INC_07_05_2001-EX-10.17-OUTSOURCING AGREEMENT] Does this ...",PRESENT (Revenue/Profit Sharing): HSNS agrees to pay E.piphany an additional                   $0.005 per email for any email distributed by HSNS as a result                   of any deal it closes that either results from a lead     ,contract_clause_classification,unspecified,1,NOT PRESENT,False,532,NOT PRESENT,
2026-09-20T15:25:27.256515,GPT-OSS-120B,LLM,70B,groq,9,"[Contract: OASYSMOBILE,INC_07_05_2001-EX-10.17-OUTSOURCING AGREEMENT] Does this ...",PRESENT (Revenue/Profit Sharing): HSNS agrees to pay E.piphany an additional                   $0.005 per email for any email distributed by HSNS as a result                   of any deal it closes that either results from a lead     ,contract_clause_classification,unspecified,2,NOT PRESENT,False,406,NOT PRESENT,
2026-09-20T15:25:30.131086,GPT-OSS-120B,LLM,70B,groq,9,"[Contract: OASYSMOBILE,INC_07_05_2001-EX-10.17-OUTSOURCING AGREEMENT] Does this ...",PRESENT (Revenue/Profit Sharing): HSNS agrees to pay E.piphany an additional                   $0.005 per email for any email distributed by HSNS as a result                   of any deal it closes that either results from a lead     ,contract_clause_classification,unspecified,3,NOT PRESENT,False,300,NOT PRESENT,
2026-09-20T15:25:33.228228,GPT-OSS-120B,LLM,70B,groq,10,"[Contract: OPTIMIZEDTRANSPORTATIONMANAGEMENT,INC_07_26_2000-EX-6.6-DISTRIBUTOR A...",NOT PRESENT (Insurance),contract_clause_classification,unspecified,1,NOT PRESENT,False,497,NOT PRESENT,
2026-09-20T15:25:36.346474,GPT-OSS-120B,LLM,70B,groq,10,"[Contract: OPTIMIZEDTRANSPORTATIONMANAGEMENT,INC_07_26_2000-EX-6.6-DISTRIBUTOR A...",NOT PRESENT (Insurance),contract_clause_classification,unspecified,2,NOT PRESENT,False,529,NOT PRESENT,
2026-09-20T15:25:39.450959,GPT-OSS-120B,LLM,70B,groq,10,"[Contract: OPTIMIZEDTRANSPORTATIONMANAGEMENT,INC_07_26_2000-EX-6.6-DISTRIBUTOR A...",NOT PRESENT (Insurance),contract_clause_classification,unspecified,3,PRESENT,False,511,PRESENT,
2026-09-20T15:25:42.592156,GPT-OSS-120B,LLM,70B,groq,11,[Contract: BNLFINANCIALCORP_03_30_2007-EX-10.8-OUTSOURCING AGREEMENT] Does this ...,NOT PRESENT (Most Favored Nation),contract_clause_classification,unspecified,1,NOT PRESENT,False,563,NOT PRESENT,
2026-09-20T15:25:45.643377,GPT-OSS-120B,LLM,70B,groq,11,[Contract: BNLFINANCIALCORP_03_30_2007-EX-10.8-OUTSOURCING AGREEMENT] Does this ...,NOT PRESENT (Most Favored Nation),contract_clause_classification,unspecified,2,NOT PRESENT,False,414,NOT PRESENT,
2026-09-20T15:25:48.663981,GPT-OSS-120B,LLM,70B,groq,11,[Contract: BNLFINANCIALCORP_03_30_2007-EX-10.8-OUTSOURCING AGREEMENT] Does this ...,NOT PRESENT (Most Favored Nation),contract_clause_classification,unspecified,3,NOT PRESENT,False,445,NOT PRESENT,
2026-09-20T15:25:51.630503,GPT-OSS-120B,LLM,70B,groq,12,"[Contract: BORROWMONEYCOM,INC_06_11_2020-EX-10.1-JOINT VENTURE AGREEMENT] Does t...",NOT PRESENT (Rofr/Rofo/Rofn),contract_clause_classification,unspecified,1,NOT PRESENT,False,394,NOT PRESENT,
2026-09-20T15:25:54.821326,GPT-OSS-120B,LLM,70B,groq,12,"[Contract: BORROWMONEYCOM,INC_06_11_2020-EX-10.1-JOINT VENTURE AGREEMENT] Does t...",NOT PRESENT (Rofr/Rofo/Rofn),contract_clause_classification,unspecified,2,NOT PRESENT,False,611,NOT PRESENT,
2026-09-20T15:25:58.006293,GPT-OSS-120B,LLM,70B,groq,12,"[Contract: BORROWMONEYCOM,INC_06_11_2020-EX-10.1-JOINT VENTURE AGREEMENT] Does t...",NOT PRESENT (Rofr/Rofo/Rofn),contract_clause_classification,unspecified,3,NOT PRESENT,False,525,NOT PRESENT,
2026-09-20T15:26:01.219447,GPT-OSS-120B,LLM,70B,groq,13,[Contract: Freecook_20180605_S-1_EX-10.3_11233807_EX-10.3_Hosting Agreement] Doe...,NOT PRESENT (Audit Rights),contract_clause_classification,unspecified,1,NOT PRESENT,False,632,NOT PRESENT,
2026-09-20T15:26:04.394481,GPT-OSS-120B,LLM,70B,groq,13,[Contract: Freecook_20180605_S-1_EX-10.3_11233807_EX-10.3_Hosting Agreement] Doe...,NOT PRESENT (Audit Rights),contract_clause_classification,unspecified,2,NOT PRESENT,False,583,NOT PRESENT,
2026-09-20T15:26:07.561473,GPT-OSS-120B,LLM,70B,groq,13,[Contract: Freecook_20180605_S-1_EX-10.3_11233807_EX-10.3_Hosting Agreement] Doe...,NOT PRESENT (Audit Rights),contract_clause_classification,unspecified,3,NOT PRESENT,False,588,NOT PRESENT,
2026-09-20T15:26:10.628108,GPT-OSS-120B,LLM,70B,groq,14,[Contract: VARIABLESEPARATEACCOUNT_04_30_2014-EX-13.C-UNCONDITIONAL CAPITAL MAIN...,NOT PRESENT (Liquidated Damages),contract_clause_classification,unspecified,1,NOT PRESENT,False,482,NOT PRESENT,
2026-09-20T15:26:13.969791,GPT-OSS-120B,LLM,70B,groq,14,[Contract: VARIABLESEPARATEACCOUNT_04_30_2014-EX-13.C-UNCONDITIONAL CAPITAL MAIN...,NOT PRESENT (Liquidated Damages),contract_clause_classification,unspecified,2,NOT PRESENT,False,763,NOT PRESENT,
2026-09-20T15:26:17.181407,GPT-OSS-120B,LLM,70B,groq,14,[Contract: VARIABLESEPARATEACCOUNT_04_30_2014-EX-13.C-UNCONDITIONAL CAPITAL MAIN...,NOT PRESENT (Liquidated Damages),contract_clause_classification,unspecified,3,NOT PRESENT,False,630,NOT PRESENT,
2026-09-20T15:26:20.231059,GPT-OSS-120B,LLM,70B,groq,15,[Contract: MorganStanleyDirectLendingFund_20191119_10-12GA_EX-10.5_11898508_EX-1...,NOT PRESENT (Irrevocable Or Perpetual License),contract_clause_classification,unspecified,1,INVALID,False,465,,
2026-09-20T15:26:23.374603,GPT-OSS-120B,LLM,70B,groq,15,[Contract: MorganStanleyDirectLendingFund_20191119_10-12GA_EX-10.5_11898508_EX-1...,NOT PRESENT (Irrevocable Or Perpetual License),contract_clause_classification,unspecified,2,INVALID,False,567,,
2026-09-20T15:26:26.581725,GPT-OSS-120B,LLM,70B,groq,15,[Contract: MorganStanleyDirectLendingFund_20191119_10-12GA_EX-10.5_11898508_EX-1...,NOT PRESENT (Irrevocable Or Perpetual License),contract_clause_classification,unspecified,3,INVALID,False,625,,
2026-09-20T15:26:29.607182,GPT-OSS-120B,LLM,70B,groq,16,[Contract: TomOnlineInc_20060501_20-F_EX-4.46_749700_EX-4.46_Co-Branding Agreeme...,NOT PRESENT (Insurance),contract_clause_classification,unspecified,1,NOT PRESENT,False,444,NOT PRESENT,
2026-09-20T15:26:32.696347,GPT-OSS-120B,LLM,70B,groq,16,[Contract: TomOnlineInc_20060501_20-F_EX-4.46_749700_EX-4.46_Co-Branding Agreeme...,NOT PRESENT (Insurance),contract_clause_classification,unspecified,2,NOT PRESENT,False,484,NOT PRESENT,
2026-09-20T15:26:35.897395,GPT-OSS-120B,LLM,70B,groq,16,[Contract: TomOnlineInc_20060501_20-F_EX-4.46_749700_EX-4.46_Co-Branding Agreeme...,NOT PRESENT (Insurance),contract_clause_classification,unspecified,3,NOT PRESENT,False,615,NOT PRESENT,
2026-09-20T15:26:39.014592,GPT-OSS-120B,LLM,70B,groq,17,[Contract: TheglobeComInc_19990503_S-1A_EX-10.20_5416126_EX-10.20_Co-Branding Ag...,NOT PRESENT (Liquidated Damages),contract_clause_classification,unspecified,1,INVALID,False,528,,
2026-09-20T15:26:42.000493,GPT-OSS-120B,LLM,70B,groq,17,[Contract: TheglobeComInc_19990503_S-1A_EX-10.20_5416126_EX-10.20_Co-Branding Ag...,NOT PRESENT (Liquidated Damages),contract_clause_classification,unspecified,2,INVALID,False,403,,
2026-09-20T15:26:45.039977,GPT-OSS-120B,LLM,70B,groq,17,[Contract: TheglobeComInc_19990503_S-1A_EX-10.20_5416126_EX-10.20_Co-Branding Ag...,NOT PRESENT (Liquidated Damages),contract_clause_classification,unspecified,3,INVALID,False,460,,
2026-09-20T15:26:48.250741,GPT-OSS-120B,LLM,70B,groq,18,[Contract: NEXSTARFINANCEHOLDINGSINC_03_27_2002-EX-10.26-OUTSOURCING AGREEMENT] ...,NOT PRESENT (Renewal Term),contract_clause_classification,unspecified,1,INVALID,False,615,,
2026-09-20T15:26:51.640294,GPT-OSS-120B,LLM,70B,groq,18,[Contract: NEXSTARFINANCEHOLDINGSINC_03_27_2002-EX-10.26-OUTSOURCING AGREEMENT] ...,NOT PRESENT (Renewal Term),contract_clause_classification,unspecified,2,INVALID,False,809,,
2026-09-20T15:26:54.803685,GPT-OSS-120B,LLM,70B,groq,18,[Contract: NEXSTARFINANCEHOLDINGSINC_03_27_2002-EX-10.26-OUTSOURCING AGREEMENT] ...,NOT PRESENT (Renewal Term),contract_clause_classification,unspecified,3,INVALID,False,589,,
2026-09-20T15:26:57.886350,GPT-OSS-120B,LLM,70B,groq,19,[Contract: BONTONSTORESINC_04_20_2018-EX-99.3-AGENCY AGREEMENT] Does this contra...,NOT PRESENT (Most Favored Nation),contract_clause_classification,unspecified,1,NOT PRESENT,False,501,NOT PRESENT,
2026-09-20T15:27:00.945585,GPT-OSS-120B,LLM,70B,groq,19,[Contract: BONTONSTORESINC_04_20_2018-EX-99.3-AGENCY AGREEMENT] Does this contra...,NOT PRESENT (Most Favored Nation),contract_clause_classification,unspecified,2,NOT PRESENT,False,475,NOT PRESENT,
2026-09-20T15:27:04.067653,GPT-OSS-120B,LLM,70B,groq,19,[Contract: BONTONSTORESINC_04_20_2018-EX-99.3-AGENCY AGREEMENT] Does this contra...,NOT PRESENT (Most Favored Nation),contract_clause_classification,unspecified,3,NOT PRESENT,False,537,NOT PRESENT,
2026-09-20T15:27:07.254090,GPT-OSS-120B,LLM,70B,groq,20,[Contract: LOOKSMARTLTD_07_20_2012-EX-99.(D)(I)-SPONSORSHIP AGREEMENT] Does this...,NOT PRESENT (Volume Restriction),contract_clause_classification,unspecified,1,NOT PRESENT,False,596,NOT PRESENT,
2026-09-20T15:27:10.403094,GPT-OSS-120B,LLM,70B,groq,20,[Contract: LOOKSMARTLTD_07_20_2012-EX-99.(D)(I)-SPONSORSHIP AGREEMENT] Does this...,NOT PRESENT (Volume Restriction),contract_clause_classification,unspecified,2,INVALID,False,551,,
2026-09-20T15:27:13.534511,GPT-OSS-120B,LLM,70B,groq,20,[Contract: LOOKSMARTLTD_07_20_2012-EX-99.(D)(I)-SPONSORSHIP AGREEMENT] Does this...,NOT PRESENT (Volume Restriction),contract_clause_classification,unspecified,3,NOT PRESENT,False,519,NOT PRESENT,
2026-09-20T15:27:16.730823,GPT-OSS-120B,LLM,70B,groq,21,[Contract: DataCallTechnologies_20060918_SB-2A_EX-10.9_944510_EX-10.9_Content Li...,NOT PRESENT (Warranty Duration),contract_clause_classification,unspecified,1,NOT PRESENT,False,613,NOT PRESENT,
2026-09-20T15:27:19.778325,GPT-OSS-120B,LLM,70B,groq,21,[Contract: DataCallTechnologies_20060918_SB-2A_EX-10.9_944510_EX-10.9_Content Li...,NOT PRESENT (Warranty Duration),contract_clause_classification,unspecified,2,NOT PRESENT,False,472,NOT PRESENT,
2026-09-20T15:27:22.876108,GPT-OSS-120B,LLM,70B,groq,21,[Contract: DataCallTechnologies_20060918_SB-2A_EX-10.9_944510_EX-10.9_Content Li...,NOT PRESENT (Warranty Duration),contract_clause_classification,unspecified,3,NOT PRESENT,False,513,NOT PRESENT,
2026-09-20T15:27:25.984939,GPT-OSS-120B,LLM,70B,groq,22,[Contract: BANUESTRAFINANCIALCORP_09_08_2006-EX-10.16-AGENCY AGREEMENT] Does thi...,"PRESENT (Minimum Commitment): In the event the Company is unable to sell a minimum of 1,875,000 Shares on or before June 30, 2007, this Agreement shall terminate and the Company shall cause the Escrow Agent (as defined below) to r",contract_clause_classification,unspecified,1,NOT PRESENT,False,525,NOT PRESENT,
2026-09-20T15:27:28.998525,GPT-OSS-120B,LLM,70B,groq,22,[Contract: BANUESTRAFINANCIALCORP_09_08_2006-EX-10.16-AGENCY AGREEMENT] Does thi...,"PRESENT (Minimum Commitment): In the event the Company is unable to sell a minimum of 1,875,000 Shares on or before June 30, 2007, this Agreement shall terminate and the Company shall cause the Escrow Agent (as defined below) to r",contract_clause_classification,unspecified,2,NOT PRESENT,False,430,NOT PRESENT,
2026-09-20T15:27:32.048019,GPT-OSS-120B,LLM,70B,groq,22,[Contract: BANUESTRAFINANCIALCORP_09_08_2006-EX-10.16-AGENCY AGREEMENT] Does thi...,"PRESENT (Minimum Commitment): In the event the Company is unable to sell a minimum of 1,875,000 Shares on or before June 30, 2007, this Agreement shall terminate and the Company shall cause the Escrow Agent (as defined below) to r",contract_clause_classification,unspecified,3,NOT PRESENT,False,467,NOT PRESENT,
2026-09-20T15:27:35.209230,GPT-OSS-120B,LLM,70B,groq,23,[Contract: SoupmanInc_20150814_8-K_EX-10.1_9230148_EX-10.1_Franchise Agreement1]...,"PRESENT (No-Solicit Of Customers): In consideration for such training, trade secrets and confidential information, you and your principals agree that during the term of this Agreement, and for a continuous uninterrupted period commenci",contract_clause_classification,unspecified,1,INVALID,False,573,,
2026-09-20T15:27:38.515400,GPT-OSS-120B,LLM,70B,groq,23,[Contract: SoupmanInc_20150814_8-K_EX-10.1_9230148_EX-10.1_Franchise Agreement1]...,"PRESENT (No-Solicit Of Customers): In consideration for such training, trade secrets and confidential information, you and your principals agree that during the term of this Agreement, and for a continuous uninterrupted period commenci",contract_clause_classification,unspecified,2,INVALID,False,726,,
2026-09-20T15:27:41.672939,GPT-OSS-120B,LLM,70B,groq,23,[Contract: SoupmanInc_20150814_8-K_EX-10.1_9230148_EX-10.1_Franchise Agreement1]...,"PRESENT (No-Solicit Of Customers): In consideration for such training, trade secrets and confidential information, you and your principals agree that during the term of this Agreement, and for a continuous uninterrupted period commenci",contract_clause_classification,unspecified,3,INVALID,False,569,,
2026-09-20T15:27:44.790698,GPT-OSS-120B,LLM,70B,groq,24,[Contract: PareteumCorp_20081001_8-K_EX-99.1_2654808_EX-99.1_Hosting Agreement] ...,PRESENT (Governing Law): This Agreement shall be governed by and construed in all respects exclusively in accordance with the laws of the Netherlands.,contract_clause_classification,unspecified,1,NOT PRESENT,False,532,NOT PRESENT,
2026-09-20T15:27:47.771216,GPT-OSS-120B,LLM,70B,groq,24,[Contract: PareteumCorp_20081001_8-K_EX-99.1_2654808_EX-99.1_Hosting Agreement] ...,PRESENT (Governing Law): This Agreement shall be governed by and construed in all respects exclusively in accordance with the laws of the Netherlands.,contract_clause_classification,unspecified,2,NOT PRESENT,False,400,NOT PRESENT,
2026-09-20T15:27:51.560723,GPT-OSS-120B,LLM,70B,groq,24,[Contract: PareteumCorp_20081001_8-K_EX-99.1_2654808_EX-99.1_Hosting Agreement] ...,PRESENT (Governing Law): This Agreement shall be governed by and construed in all respects exclusively in accordance with the laws of the Netherlands.,contract_clause_classification,unspecified,3,NOT PRESENT,False,1215,NOT PRESENT,
2026-09-20T15:27:55.008723,GPT-OSS-120B,LLM,70B,groq,25,[Contract: StaarSurgicalCompany_20180801_10-Q_EX-10.37_11289449_EX-10.37_Distrib...,PRESENT (Document Name): DISTRIBUTORSHIP AGREEMENT,contract_clause_classification,unspecified,1,NOT PRESENT,False,863,NOT PRESENT,
2026-09-20T15:27:58.294174,GPT-OSS-120B,LLM,70B,groq,25,[Contract: StaarSurgicalCompany_20180801_10-Q_EX-10.37_11289449_EX-10.37_Distrib...,PRESENT (Document Name): DISTRIBUTORSHIP AGREEMENT,contract_clause_classification,unspecified,2,NOT PRESENT,False,699,NOT PRESENT,
2026-09-20T15:28:01.316872,GPT-OSS-120B,LLM,70B,groq,25,[Contract: StaarSurgicalCompany_20180801_10-Q_EX-10.37_11289449_EX-10.37_Distrib...,PRESENT (Document Name): DISTRIBUTORSHIP AGREEMENT,contract_clause_classification,unspecified,3,NOT PRESENT,False,446,NOT PRESENT,
2026-09-20T15:28:04.392039,GPT-OSS-120B,LLM,70B,groq,26,"[Contract: GOOSEHEADINSURANCE,INC_04_02_2018-EX-10.6-Franchise Agreement] Does t...","PRESENT (Covenant Not To Sue): Neither you nor any of your owners, principals, or other persons acting on your behalf will directly or indirectly contest the validity or our ownership of the Proprietary Marks, nor will you, directl",contract_clause_classification,unspecified,1,INVALID,False,487,,
2026-09-20T15:28:07.542407,GPT-OSS-120B,LLM,70B,groq,26,"[Contract: GOOSEHEADINSURANCE,INC_04_02_2018-EX-10.6-Franchise Agreement] Does t...","PRESENT (Covenant Not To Sue): Neither you nor any of your owners, principals, or other persons acting on your behalf will directly or indirectly contest the validity or our ownership of the Proprietary Marks, nor will you, directl",contract_clause_classification,unspecified,2,INVALID,False,569,,
2026-09-20T15:28:10.720715,GPT-OSS-120B,LLM,70B,groq,26,"[Contract: GOOSEHEADINSURANCE,INC_04_02_2018-EX-10.6-Franchise Agreement] Does t...","PRESENT (Covenant Not To Sue): Neither you nor any of your owners, principals, or other persons acting on your behalf will directly or indirectly contest the validity or our ownership of the Proprietary Marks, nor will you, directl",contract_clause_classification,unspecified,3,INVALID,False,586,,
2026-09-20T15:28:13.867733,GPT-OSS-120B,LLM,70B,groq,27,"[Contract: XACCT Technologies, Inc.SUPPORT AND MAINTENANCE AGREEMENT] Does this ...",NOT PRESENT (No-Solicit Of Employees),contract_clause_classification,unspecified,1,NOT PRESENT,False,563,NOT PRESENT,
2026-09-20T15:28:16.940236,GPT-OSS-120B,LLM,70B,groq,27,"[Contract: XACCT Technologies, Inc.SUPPORT AND MAINTENANCE AGREEMENT] Does this ...",NOT PRESENT (No-Solicit Of Employees),contract_clause_classification,unspecified,2,NOT PRESENT,False,499,NOT PRESENT,
2026-09-20T15:28:19.935752,GPT-OSS-120B,LLM,70B,groq,27,"[Contract: XACCT Technologies, Inc.SUPPORT AND MAINTENANCE AGREEMENT] Does this ...",NOT PRESENT (No-Solicit Of Employees),contract_clause_classification,unspecified,3,NOT PRESENT,False,402,NOT PRESENT,
2026-09-20T15:28:23.146150,GPT-OSS-120B,LLM,70B,groq,28,[Contract: ADAMSGOLFINC_03_21_2005-EX-10.17-ENDORSEMENT AGREEMENT] Does this con...,PRESENT (Governing Law): This Agreement shall be governed and construed according to the laws of the State of Kansas.,contract_clause_classification,unspecified,1,INVALID,False,634,,
2026-09-20T15:28:26.371320,GPT-OSS-120B,LLM,70B,groq,28,[Contract: ADAMSGOLFINC_03_21_2005-EX-10.17-ENDORSEMENT AGREEMENT] Does this con...,PRESENT (Governing Law): This Agreement shall be governed and construed according to the laws of the State of Kansas.,contract_clause_classification,unspecified,2,INVALID,False,644,,
2026-09-20T15:28:29.545542,GPT-OSS-120B,LLM,70B,groq,28,[Contract: ADAMSGOLFINC_03_21_2005-EX-10.17-ENDORSEMENT AGREEMENT] Does this con...,PRESENT (Governing Law): This Agreement shall be governed and construed according to the laws of the State of Kansas.,contract_clause_classification,unspecified,3,INVALID,False,582,,
2026-09-20T15:28:32.698827,GPT-OSS-120B,LLM,70B,groq,29,"[Contract: ELFBEAUTY,INC_07_02_2020-EX-10.1-COOPERATION AGREEMENT] Does this con...",NOT PRESENT (Joint Ip Ownership),contract_clause_classification,unspecified,1,NOT PRESENT,False,552,NOT PRESENT,
2026-09-20T15:28:35.814411,GPT-OSS-120B,LLM,70B,groq,29,"[Contract: ELFBEAUTY,INC_07_02_2020-EX-10.1-COOPERATION AGREEMENT] Does this con...",NOT PRESENT (Joint Ip Ownership),contract_clause_classification,unspecified,2,NOT PRESENT,False,536,NOT PRESENT,
2026-09-20T15:28:38.795653,GPT-OSS-120B,LLM,70B,groq,29,"[Contract: ELFBEAUTY,INC_07_02_2020-EX-10.1-COOPERATION AGREEMENT] Does this con...",NOT PRESENT (Joint Ip Ownership),contract_clause_classification,unspecified,3,NOT PRESENT,False,402,NOT PRESENT,
2026-09-20T15:28:41.902933,GPT-OSS-120B,LLM,70B,groq,30,[Contract: BNLFINANCIALCORP_03_30_2007-EX-10.8-OUTSOURCING AGREEMENT] Does this ...,NOT PRESENT (Source Code Escrow),contract_clause_classification,unspecified,1,INVALID,False,526,,
2026-09-20T15:28:45.087662,GPT-OSS-120B,LLM,70B,groq,30,[Contract: BNLFINANCIALCORP_03_30_2007-EX-10.8-OUTSOURCING AGREEMENT] Does this ...,NOT PRESENT (Source Code Escrow),contract_clause_classification,unspecified,2,INVALID,False,591,,
2026-09-20T15:28:48.222005,GPT-OSS-120B,LLM,70B,groq,30,[Contract: BNLFINANCIALCORP_03_30_2007-EX-10.8-OUTSOURCING AGREEMENT] Does this ...,NOT PRESENT (Source Code Escrow),contract_clause_classification,unspecified,3,INVALID,False,544,,
