timestamp,model_name,model_tier,model_params,provider,item_id,item_text,gold_label,category,difficulty,run_number,prediction,correct,latency_ms,raw_output,error
2026-09-18T00:27:26.845566,Llama-3.2-3B,SLM,3B,ollama,1,endangered languages workshop foundation endangered languages pleased announce f...,LEGITIMATE,phishing_detection,unspecified,1,PHISHING,False,44266,PHISHING,
2026-09-18T00:27:31.765568,Llama-3.2-3B,SLM,3B,ollama,1,endangered languages workshop foundation endangered languages pleased announce f...,LEGITIMATE,phishing_detection,unspecified,2,PHISHING,False,2836,PHISHING,
2026-09-18T00:27:36.493646,Llama-3.2-3B,SLM,3B,ollama,1,endangered languages workshop foundation endangered languages pleased announce f...,LEGITIMATE,phishing_detection,unspecified,3,PHISHING,False,2903,PHISHING,
2026-09-18T00:27:45.851310,Llama-3.2-3B,SLM,3B,ollama,2,claretta claretta_bordersfusemailcom cialis wont break wallet senior fellow facu...,PHISHING,phishing_detection,unspecified,1,PHISHING,True,7551,PHISHING,
2026-09-18T00:27:50.294523,Llama-3.2-3B,SLM,3B,ollama,2,claretta claretta_bordersfusemailcom cialis wont break wallet senior fellow facu...,PHISHING,phishing_detection,unspecified,2,PHISHING,True,2650,PHISHING,
2026-09-18T00:27:55.121065,Llama-3.2-3B,SLM,3B,ollama,2,claretta claretta_bordersfusemailcom cialis wont break wallet senior fellow facu...,PHISHING,phishing_detection,unspecified,3,PHISHING,True,2707,PHISHING,
2026-09-18T00:28:05.039005,Llama-3.2-3B,SLM,3B,ollama,3,roger upole schkeramsncom kyle rickey wrote im trying get file version executabl...,LEGITIMATE,phishing_detection,unspecified,1,PHISHING,False,8135,PHISHING,
2026-09-18T00:28:09.700027,Llama-3.2-3B,SLM,3B,ollama,3,roger upole schkeramsncom kyle rickey wrote im trying get file version executabl...,LEGITIMATE,phishing_detection,unspecified,2,PHISHING,False,2800,PHISHING,
2026-09-18T00:28:14.780986,Llama-3.2-3B,SLM,3B,ollama,3,roger upole schkeramsncom kyle rickey wrote im trying get file version executabl...,LEGITIMATE,phishing_detection,unspecified,3,PHISHING,False,2795,PHISHING,
2026-09-18T00:28:24.257406,Llama-3.2-3B,SLM,3B,ollama,4,barclays customer service testlightworldcojp dear barclays customer josemonkeyor...,PHISHING,phishing_detection,unspecified,1,PHISHING,True,7758,PHISHING,
2026-09-18T00:28:29.040253,Llama-3.2-3B,SLM,3B,ollama,4,barclays customer service testlightworldcojp dear barclays customer josemonkeyor...,PHISHING,phishing_detection,unspecified,2,PHISHING,True,2833,PHISHING,
2026-09-18T00:28:33.571856,Llama-3.2-3B,SLM,3B,ollama,4,barclays customer service testlightworldcojp dear barclays customer josemonkeyor...,PHISHING,phishing_detection,unspecified,3,PHISHING,True,2680,PHISHING,
2026-09-18T00:28:41.079265,Llama-3.2-3B,SLM,3B,ollama,5,gmm 09 nov 2001 please find attached global markets monitor week ending 9 novemb...,LEGITIMATE,phishing_detection,unspecified,1,PHISHING,False,5529,PHISHING,
2026-09-18T00:28:45.545858,Llama-3.2-3B,SLM,3B,ollama,5,gmm 09 nov 2001 please find attached global markets monitor week ending 9 novemb...,LEGITIMATE,phishing_detection,unspecified,2,PHISHING,False,2668,PHISHING,
2026-09-18T00:28:50.010287,Llama-3.2-3B,SLM,3B,ollama,5,gmm 09 nov 2001 please find attached global markets monitor week ending 9 novemb...,LEGITIMATE,phishing_detection,unspecified,3,PHISHING,False,2658,PHISHING,
2026-09-18T00:28:59.231266,Llama-3.2-3B,SLM,3B,ollama,6,craig r hughes craighughesfamilyorg daniel quinlan wrote dq release itd great so...,LEGITIMATE,phishing_detection,unspecified,1,PHISHING,False,7450,PHISHING,
2026-09-18T00:29:03.619251,Llama-3.2-3B,SLM,3B,ollama,6,craig r hughes craighughesfamilyorg daniel quinlan wrote dq release itd great so...,LEGITIMATE,phishing_detection,unspecified,2,PHISHING,False,2662,PHISHING,
2026-09-18T00:29:08.194246,Llama-3.2-3B,SLM,3B,ollama,6,craig r hughes craighughesfamilyorg daniel quinlan wrote dq release itd great so...,LEGITIMATE,phishing_detection,unspecified,3,PHISHING,False,2840,PHISHING,
2026-09-18T00:29:18.593509,Llama-3.2-3B,SLM,3B,ollama,7,david wolever aywfqwrcstorontoedu 21apr08 1244 pm iybzpoboxcom wrote david sort ...,LEGITIMATE,phishing_detection,unspecified,1,PHISHING,False,8543,PHISHING,
2026-09-18T00:29:23.089552,Llama-3.2-3B,SLM,3B,ollama,7,david wolever aywfqwrcstorontoedu 21apr08 1244 pm iybzpoboxcom wrote david sort ...,LEGITIMATE,phishing_detection,unspecified,2,PHISHING,False,2705,PHISHING,
2026-09-18T00:29:27.530348,Llama-3.2-3B,SLM,3B,ollama,7,david wolever aywfqwrcstorontoedu 21apr08 1244 pm iybzpoboxcom wrote david sort ...,LEGITIMATE,phishing_detection,unspecified,3,PHISHING,False,2698,PHISHING,
2026-09-18T00:29:39.418714,Llama-3.2-3B,SLM,3B,ollama,8,christoph cordes uiaregiclamavnet clamav database updated 11 feb 2008 0631 0000 ...,LEGITIMATE,phishing_detection,unspecified,1,PHISHING,False,10112,PHISHING,
2026-09-18T00:29:46.177166,Llama-3.2-3B,SLM,3B,ollama,8,christoph cordes uiaregiclamavnet clamav database updated 11 feb 2008 0631 0000 ...,LEGITIMATE,phishing_detection,unspecified,2,PHISHING,False,4118,PHISHING,
2026-09-18T00:29:52.608155,Llama-3.2-3B,SLM,3B,ollama,8,christoph cordes uiaregiclamavnet clamav database updated 11 feb 2008 0631 0000 ...,LEGITIMATE,phishing_detection,unspecified,3,PHISHING,False,3948,PHISHING,
2026-09-18T00:30:22.367978,Llama-3.2-3B,SLM,3B,ollama,9,nan maraichers cote divoire 11 bp 71 abidjan 11 telefax 225 21 28 04 23 telephon...,PHISHING,phishing_detection,unspecified,1,PHISHING,True,25173,PHISHING,
2026-09-18T00:30:27.953238,Llama-3.2-3B,SLM,3B,ollama,9,nan maraichers cote divoire 11 bp 71 abidjan 11 telefax 225 21 28 04 23 telephon...,PHISHING,phishing_detection,unspecified,2,PHISHING,True,3246,PHISHING,
2026-09-18T00:30:32.793874,Llama-3.2-3B,SLM,3B,ollama,9,nan maraichers cote divoire 11 bp 71 abidjan 11 telefax 225 21 28 04 23 telephon...,PHISHING,phishing_detection,unspecified,3,PHISHING,True,2909,PHISHING,
2026-09-18T00:30:41.920045,Llama-3.2-3B,SLM,3B,ollama,10,natural enlargement male enhancement performance system 90 males interested impr...,PHISHING,phishing_detection,unspecified,1,PHISHING,True,7269,PHISHING,
2026-09-18T00:30:49.966077,Llama-3.2-3B,SLM,3B,ollama,10,natural enlargement male enhancement performance system 90 males interested impr...,PHISHING,phishing_detection,unspecified,2,PHISHING,True,6138,PHISHING,
2026-09-18T00:30:54.455189,Llama-3.2-3B,SLM,3B,ollama,10,natural enlargement male enhancement performance system 90 males interested impr...,PHISHING,phishing_detection,unspecified,3,PHISHING,True,2710,PHISHING,
2026-09-18T00:31:02.138109,Llama-3.2-3B,SLM,3B,ollama,11,dwight knapp akstcabancamnsdgsabancacom interesting pill options httpimaloneeasp...,PHISHING,phishing_detection,unspecified,1,PHISHING,True,5891,PHISHING,
2026-09-18T00:31:06.658297,Llama-3.2-3B,SLM,3B,ollama,11,dwight knapp akstcabancamnsdgsabancacom interesting pill options httpimaloneeasp...,PHISHING,phishing_detection,unspecified,2,PHISHING,True,2758,PHISHING,
2026-09-18T00:31:11.324797,Llama-3.2-3B,SLM,3B,ollama,11,dwight knapp akstcabancamnsdgsabancacom interesting pill options httpimaloneeasp...,PHISHING,phishing_detection,unspecified,3,PHISHING,True,2702,PHISHING,
2026-09-18T00:31:18.230964,Llama-3.2-3B,SLM,3B,ollama,12,david stembridge xlicqgreenpeasus free branded version available could find 25 v...,LEGITIMATE,phishing_detection,unspecified,1,PHISHING,False,5050,PHISHING,
2026-09-18T00:31:22.656515,Llama-3.2-3B,SLM,3B,ollama,12,david stembridge xlicqgreenpeasus free branded version available could find 25 v...,LEGITIMATE,phishing_detection,unspecified,2,PHISHING,False,2679,PHISHING,
2026-09-18T00:31:27.159891,Llama-3.2-3B,SLM,3B,ollama,12,david stembridge xlicqgreenpeasus free branded version available could find 25 v...,LEGITIMATE,phishing_detection,unspecified,3,PHISHING,False,2734,PHISHING,
2026-09-18T00:31:53.390330,Llama-3.2-3B,SLM,3B,ollama,13,kathrin1127q33newmailru _nextpart_000_00e4_86e61e0ab5488e11 contenttype texthtml...,PHISHING,phishing_detection,unspecified,1,PHISHING,True,24403,PHISHING,
2026-09-18T00:31:58.910375,Llama-3.2-3B,SLM,3B,ollama,13,kathrin1127q33newmailru _nextpart_000_00e4_86e61e0ab5488e11 contenttype texthtml...,PHISHING,phishing_detection,unspecified,2,PHISHING,True,3092,PHISHING,
2026-09-18T00:32:03.486977,Llama-3.2-3B,SLM,3B,ollama,13,kathrin1127q33newmailru _nextpart_000_00e4_86e61e0ab5488e11 contenttype texthtml...,PHISHING,phishing_detection,unspecified,3,PHISHING,True,2757,PHISHING,
2026-09-18T00:32:12.669006,Llama-3.2-3B,SLM,3B,ollama,14,new product showcase seemsg_6466085flashmailcom brandnew version 70 released ast...,PHISHING,phishing_detection,unspecified,1,PHISHING,True,7425,PHISHING,
2026-09-18T00:32:17.233999,Llama-3.2-3B,SLM,3B,ollama,14,new product showcase seemsg_6466085flashmailcom brandnew version 70 released ast...,PHISHING,phishing_detection,unspecified,2,PHISHING,True,2729,PHISHING,
2026-09-18T00:32:21.768127,Llama-3.2-3B,SLM,3B,ollama,14,new product showcase seemsg_6466085flashmailcom brandnew version 70 released ast...,PHISHING,phishing_detection,unspecified,3,PHISHING,True,2737,PHISHING,
2026-09-18T00:32:28.827780,Llama-3.2-3B,SLM,3B,ollama,15,terry kraft intelligibilityr838jishimvcom love answer please repeat question htt...,PHISHING,phishing_detection,unspecified,1,PHISHING,True,5288,PHISHING,
2026-09-18T00:32:33.440444,Llama-3.2-3B,SLM,3B,ollama,15,terry kraft intelligibilityr838jishimvcom love answer please repeat question htt...,PHISHING,phishing_detection,unspecified,2,PHISHING,True,2715,PHISHING,
2026-09-18T00:32:38.311707,Llama-3.2-3B,SLM,3B,ollama,15,terry kraft intelligibilityr838jishimvcom love answer please repeat question htt...,PHISHING,phishing_detection,unspecified,3,PHISHING,True,2877,PHISHING,
2026-09-18T00:32:48.187862,Llama-3.2-3B,SLM,3B,ollama,16,unsolicited update louise although nothing going particularly well west power or...,LEGITIMATE,phishing_detection,unspecified,1,PHISHING,False,8006,PHISHING,
2026-09-18T00:32:52.844749,Llama-3.2-3B,SLM,3B,ollama,16,unsolicited update louise although nothing going particularly well west power or...,LEGITIMATE,phishing_detection,unspecified,2,PHISHING,False,2758,PHISHING,
2026-09-18T00:32:57.416986,Llama-3.2-3B,SLM,3B,ollama,16,unsolicited update louise although nothing going particularly well west power or...,LEGITIMATE,phishing_detection,unspecified,3,PHISHING,False,2713,PHISHING,
2026-09-18T00:33:06.265305,Llama-3.2-3B,SLM,3B,ollama,17,lara kay inninterbncpacom want make love everywhere ask us casanova style life e...,PHISHING,phishing_detection,unspecified,1,PHISHING,True,6868,PHISHING,
2026-09-18T00:33:10.840973,Llama-3.2-3B,SLM,3B,ollama,17,lara kay inninterbncpacom want make love everywhere ask us casanova style life e...,PHISHING,phishing_detection,unspecified,2,PHISHING,True,2746,PHISHING,
2026-09-18T00:33:15.422660,Llama-3.2-3B,SLM,3B,ollama,17,lara kay inninterbncpacom want make love everywhere ask us casanova style life e...,PHISHING,phishing_detection,unspecified,3,PHISHING,True,2740,PHISHING,
2026-09-18T00:33:26.830805,Llama-3.2-3B,SLM,3B,ollama,18,john kane jrkrideauyahooca need merge sum separate operation think may rename co...,LEGITIMATE,phishing_detection,unspecified,1,PHISHING,False,9577,PHISHING,
2026-09-18T00:33:31.442464,Llama-3.2-3B,SLM,3B,ollama,18,john kane jrkrideauyahooca need merge sum separate operation think may rename co...,LEGITIMATE,phishing_detection,unspecified,2,PHISHING,False,2782,PHISHING,
2026-09-18T00:33:36.217637,Llama-3.2-3B,SLM,3B,ollama,18,john kane jrkrideauyahooca need merge sum separate operation think may rename co...,LEGITIMATE,phishing_detection,unspecified,3,PHISHING,False,2962,PHISHING,
2026-09-18T00:40:23.090712,Llama-3.2-3B,SLM,3B,ollama,19,anton heath antonpakizscrcz find effective proven way natural male enhancement e...,PHISHING,phishing_detection,unspecified,1,PHISHING,True,404993,PHISHING,
2026-09-18T00:41:16.429571,Llama-3.2-3B,SLM,3B,ollama,19,anton heath antonpakizscrcz find effective proven way natural male enhancement e...,PHISHING,phishing_detection,unspecified,2,PHISHING,True,44571,PHISHING,
2026-09-18T00:42:22.912894,Llama-3.2-3B,SLM,3B,ollama,19,anton heath antonpakizscrcz find effective proven way natural male enhancement e...,PHISHING,phishing_detection,unspecified,3,PHISHING,True,63432,PHISHING,
2026-09-18T00:42:48.704090,Llama-3.2-3B,SLM,3B,ollama,20,monkeyorg mailquiltessentialsbiz josemonkeyorg messages could delivered new mess...,PHISHING,phishing_detection,unspecified,1,PHISHING,True,23863,PHISHING,
2026-09-18T00:43:04.312365,Llama-3.2-3B,SLM,3B,ollama,20,monkeyorg mailquiltessentialsbiz josemonkeyorg messages could delivered new mess...,PHISHING,phishing_detection,unspecified,2,PHISHING,True,13185,PHISHING,
2026-09-18T00:43:25.245539,Llama-3.2-3B,SLM,3B,ollama,20,monkeyorg mailquiltessentialsbiz josemonkeyorg messages could delivered new mess...,PHISHING,phishing_detection,unspecified,3,PHISHING,True,18663,PHISHING,
2026-09-18T00:43:50.359844,Llama-3.2-3B,SLM,3B,ollama,21,tim roberts eqemprobocom sami islam wrote new python code import sys import trac...,LEGITIMATE,phishing_detection,unspecified,1,PHISHING,False,23258,PHISHING,
2026-09-18T00:43:56.385613,Llama-3.2-3B,SLM,3B,ollama,21,tim roberts eqemprobocom sami islam wrote new python code import sys import trac...,LEGITIMATE,phishing_detection,unspecified,2,PHISHING,False,3779,PHISHING,
2026-09-18T00:44:03.114332,Llama-3.2-3B,SLM,3B,ollama,21,tim roberts eqemprobocom sami islam wrote new python code import sys import trac...,LEGITIMATE,phishing_detection,unspecified,3,PHISHING,False,4819,PHISHING,
2026-09-18T00:44:14.386820,Llama-3.2-3B,SLM,3B,ollama,22,ready get hello viagra 1 med struggle mens erectile dysfunction like one jokes s...,PHISHING,phishing_detection,unspecified,1,PHISHING,True,8558,PHISHING,
2026-09-18T00:44:18.929197,Llama-3.2-3B,SLM,3B,ollama,22,ready get hello viagra 1 med struggle mens erectile dysfunction like one jokes s...,PHISHING,phishing_detection,unspecified,2,PHISHING,True,2692,PHISHING,
2026-09-18T00:44:23.584338,Llama-3.2-3B,SLM,3B,ollama,22,ready get hello viagra 1 med struggle mens erectile dysfunction like one jokes s...,PHISHING,phishing_detection,unspecified,3,PHISHING,True,2851,PHISHING,
2026-09-18T00:44:32.992688,Llama-3.2-3B,SLM,3B,ollama,23,love girls idn wan na see girls naked pc live real girls 18 showing naked body f...,PHISHING,phishing_detection,unspecified,1,PHISHING,True,7301,PHISHING,
2026-09-18T00:44:40.443890,Llama-3.2-3B,SLM,3B,ollama,23,love girls idn wan na see girls naked pc live real girls 18 showing naked body f...,PHISHING,phishing_detection,unspecified,2,PHISHING,True,4912,PHISHING,
2026-09-18T00:44:45.491664,Llama-3.2-3B,SLM,3B,ollama,23,love girls idn wan na see girls naked pc live real girls 18 showing naked body f...,PHISHING,phishing_detection,unspecified,3,PHISHING,True,3253,PHISHING,
2026-09-18T00:44:52.052917,Llama-3.2-3B,SLM,3B,ollama,24,voice recording dear bill please find voice recording tape pulled think good exa...,LEGITIMATE,phishing_detection,unspecified,1,PHISHING,False,4841,PHISHING,
2026-09-18T00:44:57.133503,Llama-3.2-3B,SLM,3B,ollama,24,voice recording dear bill please find voice recording tape pulled think good exa...,LEGITIMATE,phishing_detection,unspecified,2,PHISHING,False,2931,PHISHING,
2026-09-18T00:45:02.565224,Llama-3.2-3B,SLM,3B,ollama,24,voice recording dear bill please find voice recording tape pulled think good exa...,LEGITIMATE,phishing_detection,unspecified,3,PHISHING,False,3516,PHISHING,
2026-09-18T00:45:30.092436,Llama-3.2-3B,SLM,3B,ollama,25,2002 ea budget enw budget update suggestions piper richter webb met whalley satu...,LEGITIMATE,phishing_detection,unspecified,1,PHISHING,False,25650,PHISHING,
2026-09-18T00:45:55.275440,Llama-3.2-3B,SLM,3B,ollama,25,2002 ea budget enw budget update suggestions piper richter webb met whalley satu...,LEGITIMATE,phishing_detection,unspecified,2,PHISHING,False,23260,PHISHING,
2026-09-18T00:46:13.952279,Llama-3.2-3B,SLM,3B,ollama,25,2002 ea budget enw budget update suggestions piper richter webb met whalley satu...,LEGITIMATE,phishing_detection,unspecified,3,PHISHING,False,16655,PHISHING,
2026-09-18T00:46:36.146595,Llama-3.2-3B,SLM,3B,ollama,26,usaa usaaoundcoxnet ensure delivery inbox please add usaawebservicescustomermail...,PHISHING,phishing_detection,unspecified,1,PHISHING,True,19041,PHISHING,
2026-09-18T00:46:41.147645,Llama-3.2-3B,SLM,3B,ollama,26,usaa usaaoundcoxnet ensure delivery inbox please add usaawebservicescustomermail...,PHISHING,phishing_detection,unspecified,2,PHISHING,True,2950,PHISHING,
2026-09-18T00:46:47.932304,Llama-3.2-3B,SLM,3B,ollama,26,usaa usaaoundcoxnet ensure delivery inbox please add usaawebservicescustomermail...,PHISHING,phishing_detection,unspecified,3,PHISHING,True,4865,PHISHING,
2026-09-18T00:46:59.145980,Llama-3.2-3B,SLM,3B,ollama,27,call abstracts optimality syntactic theory content length 4437 call papers best ...,LEGITIMATE,phishing_detection,unspecified,1,PHISHING,False,9438,PHISHING,
2026-09-18T00:47:04.383678,Llama-3.2-3B,SLM,3B,ollama,27,call abstracts optimality syntactic theory content length 4437 call papers best ...,LEGITIMATE,phishing_detection,unspecified,2,PHISHING,False,3514,PHISHING,
2026-09-18T00:47:09.789911,Llama-3.2-3B,SLM,3B,ollama,27,call abstracts optimality syntactic theory content length 4437 call papers best ...,LEGITIMATE,phishing_detection,unspecified,3,PHISHING,False,3674,PHISHING,
2026-09-18T00:47:31.634309,Llama-3.2-3B,SLM,3B,ollama,28,polly posey pollyetmapt girl resist temptation go case nothing lose try httpdear...,PHISHING,phishing_detection,unspecified,1,PHISHING,True,19761,PHISHING,
2026-09-18T00:47:54.744970,Llama-3.2-3B,SLM,3B,ollama,28,polly posey pollyetmapt girl resist temptation go case nothing lose try httpdear...,PHISHING,phishing_detection,unspecified,2,PHISHING,True,21087,PHISHING,
2026-09-18T00:48:02.960521,Llama-3.2-3B,SLM,3B,ollama,28,polly posey pollyetmapt girl resist temptation go case nothing lose try httpdear...,PHISHING,phishing_detection,unspecified,3,PHISHING,True,6342,PHISHING,
2026-09-18T00:48:13.953025,Llama-3.2-3B,SLM,3B,ollama,29,unify financials update go forward cut calendar quick update major milestone uni...,LEGITIMATE,phishing_detection,unspecified,1,PHISHING,False,9070,PHISHING,
2026-09-18T00:48:25.124933,Llama-3.2-3B,SLM,3B,ollama,29,unify financials update go forward cut calendar quick update major milestone uni...,LEGITIMATE,phishing_detection,unspecified,2,PHISHING,False,9424,PHISHING,
2026-09-18T00:48:30.500670,Llama-3.2-3B,SLM,3B,ollama,29,unify financials update go forward cut calendar quick update major milestone uni...,LEGITIMATE,phishing_detection,unspecified,3,PHISHING,False,3578,PHISHING,
2026-09-18T00:48:40.136380,Llama-3.2-3B,SLM,3B,ollama,30,cheapest meds find discount drugs save 70 including new softtabs viagra disolves...,PHISHING,phishing_detection,unspecified,1,PHISHING,True,7950,PHISHING,
2026-09-18T00:48:45.834283,Llama-3.2-3B,SLM,3B,ollama,30,cheapest meds find discount drugs save 70 including new softtabs viagra disolves...,PHISHING,phishing_detection,unspecified,2,PHISHING,True,3994,PHISHING,
2026-09-18T00:48:54.759258,Llama-3.2-3B,SLM,3B,ollama,30,cheapest meds find discount drugs save 70 including new softtabs viagra disolves...,PHISHING,phishing_detection,unspecified,3,PHISHING,True,7231,PHISHING,
2026-09-18T00:49:43.344337,Phi4-Mini,SLM,3.8B,ollama,1,endangered languages workshop foundation endangered languages pleased announce f...,LEGITIMATE,phishing_detection,unspecified,1,PHISHING,False,45890,PHISHING,
2026-09-18T00:49:48.648520,Phi4-Mini,SLM,3.8B,ollama,1,endangered languages workshop foundation endangered languages pleased announce f...,LEGITIMATE,phishing_detection,unspecified,2,PHISHING,False,3203,PHISHING,
2026-09-18T00:49:53.400156,Phi4-Mini,SLM,3.8B,ollama,1,endangered languages workshop foundation endangered languages pleased announce f...,LEGITIMATE,phishing_detection,unspecified,3,PHISHING,False,3014,PHISHING,
2026-09-18T00:50:05.217887,Phi4-Mini,SLM,3.8B,ollama,2,claretta claretta_bordersfusemailcom cialis wont break wallet senior fellow facu...,PHISHING,phishing_detection,unspecified,1,PHISHING,True,10060,PHISHING,
2026-09-18T00:50:14.403638,Phi4-Mini,SLM,3.8B,ollama,2,claretta claretta_bordersfusemailcom cialis wont break wallet senior fellow facu...,PHISHING,phishing_detection,unspecified,2,PHISHING,True,7025,PHISHING,
2026-09-18T00:50:20.969368,Phi4-Mini,SLM,3.8B,ollama,2,claretta claretta_bordersfusemailcom cialis wont break wallet senior fellow facu...,PHISHING,phishing_detection,unspecified,3,PHISHING,True,4723,PHISHING,
2026-09-18T00:50:32.330695,Phi4-Mini,SLM,3.8B,ollama,3,roger upole schkeramsncom kyle rickey wrote im trying get file version executabl...,LEGITIMATE,phishing_detection,unspecified,1,PHISHING,False,9576,PHISHING,
2026-09-18T00:50:38.761821,Phi4-Mini,SLM,3.8B,ollama,3,roger upole schkeramsncom kyle rickey wrote im trying get file version executabl...,LEGITIMATE,phishing_detection,unspecified,2,PHISHING,False,4724,PHISHING,
2026-09-18T00:50:43.228062,Phi4-Mini,SLM,3.8B,ollama,3,roger upole schkeramsncom kyle rickey wrote im trying get file version executabl...,LEGITIMATE,phishing_detection,unspecified,3,PHISHING,False,2779,PHISHING,
2026-09-18T00:51:16.762347,Phi4-Mini,SLM,3.8B,ollama,4,barclays customer service testlightworldcojp dear barclays customer josemonkeyor...,PHISHING,phishing_detection,unspecified,1,PHISHING,True,31824,PHISHING,
2026-09-18T00:51:22.128986,Phi4-Mini,SLM,3.8B,ollama,4,barclays customer service testlightworldcojp dear barclays customer josemonkeyor...,PHISHING,phishing_detection,unspecified,2,PHISHING,True,3573,PHISHING,
2026-09-18T00:51:26.925313,Phi4-Mini,SLM,3.8B,ollama,4,barclays customer service testlightworldcojp dear barclays customer josemonkeyor...,PHISHING,phishing_detection,unspecified,3,PHISHING,True,3070,PHISHING,
2026-09-18T00:51:34.873904,Phi4-Mini,SLM,3.8B,ollama,5,gmm 09 nov 2001 please find attached global markets monitor week ending 9 novemb...,LEGITIMATE,phishing_detection,unspecified,1,PHISHING,False,6225,PHISHING,
2026-09-18T00:51:39.815902,Phi4-Mini,SLM,3.8B,ollama,5,gmm 09 nov 2001 please find attached global markets monitor week ending 9 novemb...,LEGITIMATE,phishing_detection,unspecified,2,PHISHING,False,3237,PHISHING,
2026-09-18T00:51:45.300193,Phi4-Mini,SLM,3.8B,ollama,5,gmm 09 nov 2001 please find attached global markets monitor week ending 9 novemb...,LEGITIMATE,phishing_detection,unspecified,3,PHISHING,False,3667,PHISHING,
2026-09-18T00:52:06.380512,Phi4-Mini,SLM,3.8B,ollama,6,craig r hughes craighughesfamilyorg daniel quinlan wrote dq release itd great so...,LEGITIMATE,phishing_detection,unspecified,1,PHISHING,False,19311,PHISHING,
2026-09-18T00:52:11.281219,Phi4-Mini,SLM,3.8B,ollama,6,craig r hughes craighughesfamilyorg daniel quinlan wrote dq release itd great so...,LEGITIMATE,phishing_detection,unspecified,2,PHISHING,False,2973,PHISHING,
2026-09-18T00:52:15.920634,Phi4-Mini,SLM,3.8B,ollama,6,craig r hughes craighughesfamilyorg daniel quinlan wrote dq release itd great so...,LEGITIMATE,phishing_detection,unspecified,3,PHISHING,False,2984,PHISHING,
2026-09-18T00:52:36.110540,Phi4-Mini,SLM,3.8B,ollama,7,david wolever aywfqwrcstorontoedu 21apr08 1244 pm iybzpoboxcom wrote david sort ...,LEGITIMATE,phishing_detection,unspecified,1,PHISHING,False,18383,PHISHING,
2026-09-18T00:52:41.962832,Phi4-Mini,SLM,3.8B,ollama,7,david wolever aywfqwrcstorontoedu 21apr08 1244 pm iybzpoboxcom wrote david sort ...,LEGITIMATE,phishing_detection,unspecified,2,PHISHING,False,3892,PHISHING,
2026-09-18T00:52:46.800389,Phi4-Mini,SLM,3.8B,ollama,7,david wolever aywfqwrcstorontoedu 21apr08 1244 pm iybzpoboxcom wrote david sort ...,LEGITIMATE,phishing_detection,unspecified,3,PHISHING,False,3145,PHISHING,
2026-09-18T00:53:02.498723,Phi4-Mini,SLM,3.8B,ollama,8,christoph cordes uiaregiclamavnet clamav database updated 11 feb 2008 0631 0000 ...,LEGITIMATE,phishing_detection,unspecified,1,PHISHING,False,14008,PHISHING,
2026-09-18T00:53:08.131067,Phi4-Mini,SLM,3.8B,ollama,8,christoph cordes uiaregiclamavnet clamav database updated 11 feb 2008 0631 0000 ...,LEGITIMATE,phishing_detection,unspecified,2,PHISHING,False,3770,PHISHING,
2026-09-18T00:53:12.717773,Phi4-Mini,SLM,3.8B,ollama,8,christoph cordes uiaregiclamavnet clamav database updated 11 feb 2008 0631 0000 ...,LEGITIMATE,phishing_detection,unspecified,3,PHISHING,False,2902,PHISHING,
2026-09-18T00:53:27.505652,Phi4-Mini,SLM,3.8B,ollama,9,nan maraichers cote divoire 11 bp 71 abidjan 11 telefax 225 21 28 04 23 telephon...,PHISHING,phishing_detection,unspecified,1,PHISHING,True,12946,PHISHING,
2026-09-18T00:53:34.287895,Phi4-Mini,SLM,3.8B,ollama,9,nan maraichers cote divoire 11 bp 71 abidjan 11 telefax 225 21 28 04 23 telephon...,PHISHING,phishing_detection,unspecified,2,PHISHING,True,5034,PHISHING,
2026-09-18T00:53:39.371684,Phi4-Mini,SLM,3.8B,ollama,9,nan maraichers cote divoire 11 bp 71 abidjan 11 telefax 225 21 28 04 23 telephon...,PHISHING,phishing_detection,unspecified,3,PHISHING,True,3335,PHISHING,
2026-09-18T00:53:49.345340,Phi4-Mini,SLM,3.8B,ollama,10,natural enlargement male enhancement performance system 90 males interested impr...,PHISHING,phishing_detection,unspecified,1,PHISHING,True,8262,PHISHING,
2026-09-18T00:53:54.191526,Phi4-Mini,SLM,3.8B,ollama,10,natural enlargement male enhancement performance system 90 males interested impr...,PHISHING,phishing_detection,unspecified,2,PHISHING,True,3031,PHISHING,
2026-09-18T00:53:58.764118,Phi4-Mini,SLM,3.8B,ollama,10,natural enlargement male enhancement performance system 90 males interested impr...,PHISHING,phishing_detection,unspecified,3,PHISHING,True,2778,PHISHING,
2026-09-18T00:54:06.944457,Phi4-Mini,SLM,3.8B,ollama,11,dwight knapp akstcabancamnsdgsabancacom interesting pill options httpimaloneeasp...,PHISHING,phishing_detection,unspecified,1,PHISHING,True,6467,PHISHING,
2026-09-18T00:54:11.490428,Phi4-Mini,SLM,3.8B,ollama,11,dwight knapp akstcabancamnsdgsabancacom interesting pill options httpimaloneeasp...,PHISHING,phishing_detection,unspecified,2,PHISHING,True,2765,PHISHING,
2026-09-18T00:54:16.959862,Phi4-Mini,SLM,3.8B,ollama,11,dwight knapp akstcabancamnsdgsabancacom interesting pill options httpimaloneeasp...,PHISHING,phishing_detection,unspecified,3,PHISHING,True,3732,PHISHING,
2026-09-18T00:54:24.734557,Phi4-Mini,SLM,3.8B,ollama,12,david stembridge xlicqgreenpeasus free branded version available could find 25 v...,LEGITIMATE,phishing_detection,unspecified,1,PHISHING,False,5956,PHISHING,
2026-09-18T00:54:29.836349,Phi4-Mini,SLM,3.8B,ollama,12,david stembridge xlicqgreenpeasus free branded version available could find 25 v...,LEGITIMATE,phishing_detection,unspecified,2,PHISHING,False,3272,PHISHING,
2026-09-18T00:54:34.812219,Phi4-Mini,SLM,3.8B,ollama,12,david stembridge xlicqgreenpeasus free branded version available could find 25 v...,LEGITIMATE,phishing_detection,unspecified,3,PHISHING,False,3189,PHISHING,
2026-09-18T00:55:12.978917,Phi4-Mini,SLM,3.8B,ollama,13,kathrin1127q33newmailru _nextpart_000_00e4_86e61e0ab5488e11 contenttype texthtml...,PHISHING,phishing_detection,unspecified,1,PHISHING,True,36337,PHISHING,
2026-09-18T00:55:28.149083,Phi4-Mini,SLM,3.8B,ollama,13,kathrin1127q33newmailru _nextpart_000_00e4_86e61e0ab5488e11 contenttype texthtml...,PHISHING,phishing_detection,unspecified,2,PHISHING,True,12883,PHISHING,
2026-09-18T00:55:33.530058,Phi4-Mini,SLM,3.8B,ollama,13,kathrin1127q33newmailru _nextpart_000_00e4_86e61e0ab5488e11 contenttype texthtml...,PHISHING,phishing_detection,unspecified,3,PHISHING,True,3315,PHISHING,
2026-09-18T00:55:44.923936,Phi4-Mini,SLM,3.8B,ollama,14,new product showcase seemsg_6466085flashmailcom brandnew version 70 released ast...,PHISHING,phishing_detection,unspecified,1,PHISHING,True,9604,PHISHING,
2026-09-18T00:55:50.812909,Phi4-Mini,SLM,3.8B,ollama,14,new product showcase seemsg_6466085flashmailcom brandnew version 70 released ast...,PHISHING,phishing_detection,unspecified,2,PHISHING,True,4000,PHISHING,
2026-09-18T00:55:56.421295,Phi4-Mini,SLM,3.8B,ollama,14,new product showcase seemsg_6466085flashmailcom brandnew version 70 released ast...,PHISHING,phishing_detection,unspecified,3,PHISHING,True,3753,PHISHING,
2026-09-18T00:56:13.626164,Phi4-Mini,SLM,3.8B,ollama,15,terry kraft intelligibilityr838jishimvcom love answer please repeat question htt...,PHISHING,phishing_detection,unspecified,1,PHISHING,True,13412,PHISHING,
2026-09-18T00:56:24.269287,Phi4-Mini,SLM,3.8B,ollama,15,terry kraft intelligibilityr838jishimvcom love answer please repeat question htt...,PHISHING,phishing_detection,unspecified,2,PHISHING,True,7529,PHISHING,
2026-09-18T00:56:29.021448,Phi4-Mini,SLM,3.8B,ollama,15,terry kraft intelligibilityr838jishimvcom love answer please repeat question htt...,PHISHING,phishing_detection,unspecified,3,PHISHING,True,2953,PHISHING,
2026-09-18T00:56:54.839442,Phi4-Mini,SLM,3.8B,ollama,16,unsolicited update louise although nothing going particularly well west power or...,LEGITIMATE,phishing_detection,unspecified,1,PHISHING,False,23853,PHISHING,
2026-09-18T00:57:03.515726,Phi4-Mini,SLM,3.8B,ollama,16,unsolicited update louise although nothing going particularly well west power or...,LEGITIMATE,phishing_detection,unspecified,2,PHISHING,False,5990,PHISHING,
2026-09-18T00:57:08.424250,Phi4-Mini,SLM,3.8B,ollama,16,unsolicited update louise although nothing going particularly well west power or...,LEGITIMATE,phishing_detection,unspecified,3,PHISHING,False,3128,PHISHING,
2026-09-18T00:57:21.474257,Phi4-Mini,SLM,3.8B,ollama,17,lara kay inninterbncpacom want make love everywhere ask us casanova style life e...,PHISHING,phishing_detection,unspecified,1,PHISHING,True,10859,PHISHING,
2026-09-18T00:57:31.025121,Phi4-Mini,SLM,3.8B,ollama,17,lara kay inninterbncpacom want make love everywhere ask us casanova style life e...,PHISHING,phishing_detection,unspecified,2,PHISHING,True,7701,PHISHING,
2026-09-18T00:57:42.344399,Phi4-Mini,SLM,3.8B,ollama,17,lara kay inninterbncpacom want make love everywhere ask us casanova style life e...,PHISHING,phishing_detection,unspecified,3,PHISHING,True,9374,PHISHING,
2026-09-18T00:58:02.629333,Phi4-Mini,SLM,3.8B,ollama,18,john kane jrkrideauyahooca need merge sum separate operation think may rename co...,LEGITIMATE,phishing_detection,unspecified,1,PHISHING,False,18556,PHISHING,
2026-09-18T00:58:07.887198,Phi4-Mini,SLM,3.8B,ollama,18,john kane jrkrideauyahooca need merge sum separate operation think may rename co...,LEGITIMATE,phishing_detection,unspecified,2,PHISHING,False,3068,PHISHING,
2026-09-18T00:58:12.686675,Phi4-Mini,SLM,3.8B,ollama,18,john kane jrkrideauyahooca need merge sum separate operation think may rename co...,LEGITIMATE,phishing_detection,unspecified,3,PHISHING,False,3092,PHISHING,
2026-09-18T00:58:28.187896,Phi4-Mini,SLM,3.8B,ollama,19,anton heath antonpakizscrcz find effective proven way natural male enhancement e...,PHISHING,phishing_detection,unspecified,1,PHISHING,True,13815,PHISHING,
2026-09-18T00:58:33.442858,Phi4-Mini,SLM,3.8B,ollama,19,anton heath antonpakizscrcz find effective proven way natural male enhancement e...,PHISHING,phishing_detection,unspecified,2,PHISHING,True,3464,PHISHING,
2026-09-18T00:58:38.220705,Phi4-Mini,SLM,3.8B,ollama,19,anton heath antonpakizscrcz find effective proven way natural male enhancement e...,PHISHING,phishing_detection,unspecified,3,PHISHING,True,3015,PHISHING,
2026-09-18T00:58:51.586911,Phi4-Mini,SLM,3.8B,ollama,20,monkeyorg mailquiltessentialsbiz josemonkeyorg messages could delivered new mess...,PHISHING,phishing_detection,unspecified,1,PHISHING,True,11525,PHISHING,
2026-09-18T00:58:57.117312,Phi4-Mini,SLM,3.8B,ollama,20,monkeyorg mailquiltessentialsbiz josemonkeyorg messages could delivered new mess...,PHISHING,phishing_detection,unspecified,2,PHISHING,True,3694,PHISHING,
2026-09-18T00:59:03.172288,Phi4-Mini,SLM,3.8B,ollama,20,monkeyorg mailquiltessentialsbiz josemonkeyorg messages could delivered new mess...,PHISHING,phishing_detection,unspecified,3,PHISHING,True,4335,PHISHING,
2026-09-18T00:59:27.609412,Phi4-Mini,SLM,3.8B,ollama,21,tim roberts eqemprobocom sami islam wrote new python code import sys import trac...,LEGITIMATE,phishing_detection,unspecified,1,PHISHING,False,22224,PHISHING,
2026-09-18T00:59:33.142363,Phi4-Mini,SLM,3.8B,ollama,21,tim roberts eqemprobocom sami islam wrote new python code import sys import trac...,LEGITIMATE,phishing_detection,unspecified,2,PHISHING,False,3667,PHISHING,
2026-09-18T00:59:37.731335,Phi4-Mini,SLM,3.8B,ollama,21,tim roberts eqemprobocom sami islam wrote new python code import sys import trac...,LEGITIMATE,phishing_detection,unspecified,3,PHISHING,False,2934,PHISHING,
2026-09-18T00:59:46.833261,Phi4-Mini,SLM,3.8B,ollama,22,ready get hello viagra 1 med struggle mens erectile dysfunction like one jokes s...,PHISHING,phishing_detection,unspecified,1,PHISHING,True,7441,PHISHING,
2026-09-18T00:59:51.738033,Phi4-Mini,SLM,3.8B,ollama,22,ready get hello viagra 1 med struggle mens erectile dysfunction like one jokes s...,PHISHING,phishing_detection,unspecified,2,PHISHING,True,3114,PHISHING,
2026-09-18T00:59:57.488568,Phi4-Mini,SLM,3.8B,ollama,22,ready get hello viagra 1 med struggle mens erectile dysfunction like one jokes s...,PHISHING,phishing_detection,unspecified,3,PHISHING,True,3912,PHISHING,
2026-09-18T01:00:06.089718,Phi4-Mini,SLM,3.8B,ollama,23,love girls idn wan na see girls naked pc live real girls 18 showing naked body f...,PHISHING,phishing_detection,unspecified,1,PHISHING,True,6551,PHISHING,
2026-09-18T01:00:10.885801,Phi4-Mini,SLM,3.8B,ollama,23,love girls idn wan na see girls naked pc live real girls 18 showing naked body f...,PHISHING,phishing_detection,unspecified,2,PHISHING,True,3124,PHISHING,
2026-09-18T01:00:15.343158,Phi4-Mini,SLM,3.8B,ollama,23,love girls idn wan na see girls naked pc live real girls 18 showing naked body f...,PHISHING,phishing_detection,unspecified,3,PHISHING,True,2719,PHISHING,
2026-09-18T01:00:21.698512,Phi4-Mini,SLM,3.8B,ollama,24,voice recording dear bill please find voice recording tape pulled think good exa...,LEGITIMATE,phishing_detection,unspecified,1,PHISHING,False,4635,PHISHING,
2026-09-18T01:00:26.459592,Phi4-Mini,SLM,3.8B,ollama,24,voice recording dear bill please find voice recording tape pulled think good exa...,LEGITIMATE,phishing_detection,unspecified,2,PHISHING,False,3076,PHISHING,
2026-09-18T01:00:30.916496,Phi4-Mini,SLM,3.8B,ollama,24,voice recording dear bill please find voice recording tape pulled think good exa...,LEGITIMATE,phishing_detection,unspecified,3,PHISHING,False,2773,PHISHING,
2026-09-18T01:00:41.714403,Phi4-Mini,SLM,3.8B,ollama,25,2002 ea budget enw budget update suggestions piper richter webb met whalley satu...,LEGITIMATE,phishing_detection,unspecified,1,PHISHING,False,9056,PHISHING,
2026-09-18T01:00:46.857491,Phi4-Mini,SLM,3.8B,ollama,25,2002 ea budget enw budget update suggestions piper richter webb met whalley satu...,LEGITIMATE,phishing_detection,unspecified,2,PHISHING,False,2983,PHISHING,
2026-09-18T01:00:51.490018,Phi4-Mini,SLM,3.8B,ollama,25,2002 ea budget enw budget update suggestions piper richter webb met whalley satu...,LEGITIMATE,phishing_detection,unspecified,3,PHISHING,False,2847,PHISHING,
2026-09-18T01:01:02.907812,Phi4-Mini,SLM,3.8B,ollama,26,usaa usaaoundcoxnet ensure delivery inbox please add usaawebservicescustomermail...,PHISHING,phishing_detection,unspecified,1,PHISHING,True,9698,PHISHING,
2026-09-18T01:01:07.547341,Phi4-Mini,SLM,3.8B,ollama,26,usaa usaaoundcoxnet ensure delivery inbox please add usaawebservicescustomermail...,PHISHING,phishing_detection,unspecified,2,PHISHING,True,2992,PHISHING,
2026-09-18T01:01:12.022528,Phi4-Mini,SLM,3.8B,ollama,26,usaa usaaoundcoxnet ensure delivery inbox please add usaawebservicescustomermail...,PHISHING,phishing_detection,unspecified,3,PHISHING,True,2764,PHISHING,
2026-09-18T01:01:24.477103,Phi4-Mini,SLM,3.8B,ollama,27,call abstracts optimality syntactic theory content length 4437 call papers best ...,LEGITIMATE,phishing_detection,unspecified,1,PHISHING,False,10751,PHISHING,
2026-09-18T01:01:29.204477,Phi4-Mini,SLM,3.8B,ollama,27,call abstracts optimality syntactic theory content length 4437 call papers best ...,LEGITIMATE,phishing_detection,unspecified,2,PHISHING,False,3029,PHISHING,
2026-09-18T01:01:33.720220,Phi4-Mini,SLM,3.8B,ollama,27,call abstracts optimality syntactic theory content length 4437 call papers best ...,LEGITIMATE,phishing_detection,unspecified,3,PHISHING,False,2838,PHISHING,
2026-09-18T01:01:42.407934,Phi4-Mini,SLM,3.8B,ollama,28,polly posey pollyetmapt girl resist temptation go case nothing lose try httpdear...,PHISHING,phishing_detection,unspecified,1,PHISHING,True,6916,PHISHING,
2026-09-18T01:01:47.300104,Phi4-Mini,SLM,3.8B,ollama,28,polly posey pollyetmapt girl resist temptation go case nothing lose try httpdear...,PHISHING,phishing_detection,unspecified,2,PHISHING,True,3017,PHISHING,
2026-09-18T01:01:51.835274,Phi4-Mini,SLM,3.8B,ollama,28,polly posey pollyetmapt girl resist temptation go case nothing lose try httpdear...,PHISHING,phishing_detection,unspecified,3,PHISHING,True,2876,PHISHING,
2026-09-18T01:02:02.776425,Phi4-Mini,SLM,3.8B,ollama,29,unify financials update go forward cut calendar quick update major milestone uni...,LEGITIMATE,phishing_detection,unspecified,1,PHISHING,False,9273,PHISHING,
2026-09-18T01:02:07.269119,Phi4-Mini,SLM,3.8B,ollama,29,unify financials update go forward cut calendar quick update major milestone uni...,LEGITIMATE,phishing_detection,unspecified,2,PHISHING,False,2789,PHISHING,
2026-09-18T01:02:11.756893,Phi4-Mini,SLM,3.8B,ollama,29,unify financials update go forward cut calendar quick update major milestone uni...,LEGITIMATE,phishing_detection,unspecified,3,PHISHING,False,2800,PHISHING,
2026-09-18T01:02:21.897760,Phi4-Mini,SLM,3.8B,ollama,30,cheapest meds find discount drugs save 70 including new softtabs viagra disolves...,PHISHING,phishing_detection,unspecified,1,PHISHING,True,8451,PHISHING,
2026-09-18T01:02:26.730962,Phi4-Mini,SLM,3.8B,ollama,30,cheapest meds find discount drugs save 70 including new softtabs viagra disolves...,PHISHING,phishing_detection,unspecified,2,PHISHING,True,2885,PHISHING,
2026-09-18T01:02:31.419451,Phi4-Mini,SLM,3.8B,ollama,30,cheapest meds find discount drugs save 70 including new softtabs viagra disolves...,PHISHING,phishing_detection,unspecified,3,PHISHING,True,2963,PHISHING,
2026-09-18T01:03:30.301832,Gemma3-4B,SLM,4B,ollama,1,endangered languages workshop foundation endangered languages pleased announce f...,LEGITIMATE,phishing_detection,unspecified,1,PHISHING,False,57093,PHISHING,
2026-09-18T01:03:35.492619,Gemma3-4B,SLM,4B,ollama,1,endangered languages workshop foundation endangered languages pleased announce f...,LEGITIMATE,phishing_detection,unspecified,2,PHISHING,False,3312,PHISHING,
2026-09-18T01:03:41.253728,Gemma3-4B,SLM,4B,ollama,1,endangered languages workshop foundation endangered languages pleased announce f...,LEGITIMATE,phishing_detection,unspecified,3,PHISHING,False,4039,PHISHING,
2026-09-18T01:04:00.861940,Gemma3-4B,SLM,4B,ollama,2,claretta claretta_bordersfusemailcom cialis wont break wallet senior fellow facu...,PHISHING,phishing_detection,unspecified,1,PHISHING,True,17938,PHISHING,
2026-09-18T01:04:06.936705,Gemma3-4B,SLM,4B,ollama,2,claretta claretta_bordersfusemailcom cialis wont break wallet senior fellow facu...,PHISHING,phishing_detection,unspecified,2,PHISHING,True,3694,PHISHING,
2026-09-18T01:04:12.087548,Gemma3-4B,SLM,4B,ollama,2,claretta claretta_bordersfusemailcom cialis wont break wallet senior fellow facu...,PHISHING,phishing_detection,unspecified,3,PHISHING,True,3427,PHISHING,
2026-09-18T01:04:26.417001,Gemma3-4B,SLM,4B,ollama,3,roger upole schkeramsncom kyle rickey wrote im trying get file version executabl...,LEGITIMATE,phishing_detection,unspecified,1,PHISHING,False,12568,PHISHING,
2026-09-18T01:04:31.507584,Gemma3-4B,SLM,4B,ollama,3,roger upole schkeramsncom kyle rickey wrote im trying get file version executabl...,LEGITIMATE,phishing_detection,unspecified,2,PHISHING,False,3379,PHISHING,
2026-09-18T01:04:36.369838,Gemma3-4B,SLM,4B,ollama,3,roger upole schkeramsncom kyle rickey wrote im trying get file version executabl...,LEGITIMATE,phishing_detection,unspecified,3,PHISHING,False,3188,PHISHING,
2026-09-18T01:04:54.734529,Gemma3-4B,SLM,4B,ollama,4,barclays customer service testlightworldcojp dear barclays customer josemonkeyor...,PHISHING,phishing_detection,unspecified,1,PHISHING,True,16693,PHISHING,
2026-09-18T01:05:05.738619,Gemma3-4B,SLM,4B,ollama,4,barclays customer service testlightworldcojp dear barclays customer josemonkeyor...,PHISHING,phishing_detection,unspecified,2,PHISHING,True,7412,PHISHING,
2026-09-18T01:05:11.008113,Gemma3-4B,SLM,4B,ollama,4,barclays customer service testlightworldcojp dear barclays customer josemonkeyor...,PHISHING,phishing_detection,unspecified,3,PHISHING,True,3494,PHISHING,
2026-09-18T01:05:21.721794,Gemma3-4B,SLM,4B,ollama,5,gmm 09 nov 2001 please find attached global markets monitor week ending 9 novemb...,LEGITIMATE,phishing_detection,unspecified,1,LEGITIMATE,True,8983,LEGITIMATE,
2026-09-18T01:05:27.959255,Gemma3-4B,SLM,4B,ollama,5,gmm 09 nov 2001 please find attached global markets monitor week ending 9 novemb...,LEGITIMATE,phishing_detection,unspecified,2,LEGITIMATE,True,4557,LEGITIMATE,
2026-09-18T01:05:33.059777,Gemma3-4B,SLM,4B,ollama,5,gmm 09 nov 2001 please find attached global markets monitor week ending 9 novemb...,LEGITIMATE,phishing_detection,unspecified,3,LEGITIMATE,True,3442,LEGITIMATE,
2026-09-18T01:05:47.713998,Gemma3-4B,SLM,4B,ollama,6,craig r hughes craighughesfamilyorg daniel quinlan wrote dq release itd great so...,LEGITIMATE,phishing_detection,unspecified,1,PHISHING,False,12835,PHISHING,
2026-09-18T01:05:54.212166,Gemma3-4B,SLM,4B,ollama,6,craig r hughes craighughesfamilyorg daniel quinlan wrote dq release itd great so...,LEGITIMATE,phishing_detection,unspecified,2,PHISHING,False,4763,PHISHING,
2026-09-18T01:06:06.017843,Gemma3-4B,SLM,4B,ollama,6,craig r hughes craighughesfamilyorg daniel quinlan wrote dq release itd great so...,LEGITIMATE,phishing_detection,unspecified,3,PHISHING,False,9479,PHISHING,
2026-09-18T01:06:23.690666,Gemma3-4B,SLM,4B,ollama,7,david wolever aywfqwrcstorontoedu 21apr08 1244 pm iybzpoboxcom wrote david sort ...,LEGITIMATE,phishing_detection,unspecified,1,PHISHING,False,15672,PHISHING,
2026-09-18T01:06:32.311235,Gemma3-4B,SLM,4B,ollama,7,david wolever aywfqwrcstorontoedu 21apr08 1244 pm iybzpoboxcom wrote david sort ...,LEGITIMATE,phishing_detection,unspecified,2,PHISHING,False,4959,PHISHING,
2026-09-18T01:08:03.933821,Gemma3-4B,SLM,4B,ollama,7,david wolever aywfqwrcstorontoedu 21apr08 1244 pm iybzpoboxcom wrote david sort ...,LEGITIMATE,phishing_detection,unspecified,3,PHISHING,False,89845,PHISHING,
2026-09-18T01:08:35.883307,Gemma3-4B,SLM,4B,ollama,8,christoph cordes uiaregiclamavnet clamav database updated 11 feb 2008 0631 0000 ...,LEGITIMATE,phishing_detection,unspecified,1,PHISHING,False,29545,PHISHING,
2026-09-18T01:08:41.835096,Gemma3-4B,SLM,4B,ollama,8,christoph cordes uiaregiclamavnet clamav database updated 11 feb 2008 0631 0000 ...,LEGITIMATE,phishing_detection,unspecified,2,PHISHING,False,3819,PHISHING,
2026-09-18T01:08:47.091592,Gemma3-4B,SLM,4B,ollama,8,christoph cordes uiaregiclamavnet clamav database updated 11 feb 2008 0631 0000 ...,LEGITIMATE,phishing_detection,unspecified,3,PHISHING,False,3419,PHISHING,
2026-09-18T01:09:05.004442,Gemma3-4B,SLM,4B,ollama,9,nan maraichers cote divoire 11 bp 71 abidjan 11 telefax 225 21 28 04 23 telephon...,PHISHING,phishing_detection,unspecified,1,PHISHING,True,15971,PHISHING,
2026-09-18T01:09:10.779648,Gemma3-4B,SLM,4B,ollama,9,nan maraichers cote divoire 11 bp 71 abidjan 11 telefax 225 21 28 04 23 telephon...,PHISHING,phishing_detection,unspecified,2,PHISHING,True,3882,PHISHING,
2026-09-18T01:09:15.487267,Gemma3-4B,SLM,4B,ollama,9,nan maraichers cote divoire 11 bp 71 abidjan 11 telefax 225 21 28 04 23 telephon...,PHISHING,phishing_detection,unspecified,3,PHISHING,True,3004,PHISHING,
2026-09-18T01:09:28.203376,Gemma3-4B,SLM,4B,ollama,10,natural enlargement male enhancement performance system 90 males interested impr...,PHISHING,phishing_detection,unspecified,1,PHISHING,True,10970,PHISHING,
2026-09-18T01:09:33.060957,Gemma3-4B,SLM,4B,ollama,10,natural enlargement male enhancement performance system 90 males interested impr...,PHISHING,phishing_detection,unspecified,2,PHISHING,True,3073,PHISHING,
2026-09-18T01:09:37.948942,Gemma3-4B,SLM,4B,ollama,10,natural enlargement male enhancement performance system 90 males interested impr...,PHISHING,phishing_detection,unspecified,3,PHISHING,True,3087,PHISHING,
2026-09-18T01:09:48.663435,Gemma3-4B,SLM,4B,ollama,11,dwight knapp akstcabancamnsdgsabancacom interesting pill options httpimaloneeasp...,PHISHING,phishing_detection,unspecified,1,PHISHING,True,8919,PHISHING,
2026-09-18T01:09:53.984773,Gemma3-4B,SLM,4B,ollama,11,dwight knapp akstcabancamnsdgsabancacom interesting pill options httpimaloneeasp...,PHISHING,phishing_detection,unspecified,2,PHISHING,True,3613,PHISHING,
2026-09-18T01:09:58.859647,Gemma3-4B,SLM,4B,ollama,11,dwight knapp akstcabancamnsdgsabancacom interesting pill options httpimaloneeasp...,PHISHING,phishing_detection,unspecified,3,PHISHING,True,3146,PHISHING,
2026-09-18T01:10:12.536862,Gemma3-4B,SLM,4B,ollama,12,david stembridge xlicqgreenpeasus free branded version available could find 25 v...,LEGITIMATE,phishing_detection,unspecified,1,PHISHING,False,11991,PHISHING,
2026-09-18T01:10:17.287202,Gemma3-4B,SLM,4B,ollama,12,david stembridge xlicqgreenpeasus free branded version available could find 25 v...,LEGITIMATE,phishing_detection,unspecified,2,PHISHING,False,3034,PHISHING,
2026-09-18T01:10:22.282797,Gemma3-4B,SLM,4B,ollama,12,david stembridge xlicqgreenpeasus free branded version available could find 25 v...,LEGITIMATE,phishing_detection,unspecified,3,PHISHING,False,3195,PHISHING,
2026-09-18T01:10:47.834657,Gemma3-4B,SLM,4B,ollama,13,kathrin1127q33newmailru _nextpart_000_00e4_86e61e0ab5488e11 contenttype texthtml...,PHISHING,phishing_detection,unspecified,1,PHISHING,True,23810,PHISHING,
2026-09-18T01:10:53.008400,Gemma3-4B,SLM,4B,ollama,13,kathrin1127q33newmailru _nextpart_000_00e4_86e61e0ab5488e11 contenttype texthtml...,PHISHING,phishing_detection,unspecified,2,PHISHING,True,3400,PHISHING,
2026-09-18T01:10:57.710699,Gemma3-4B,SLM,4B,ollama,13,kathrin1127q33newmailru _nextpart_000_00e4_86e61e0ab5488e11 contenttype texthtml...,PHISHING,phishing_detection,unspecified,3,PHISHING,True,2998,PHISHING,
2026-09-18T01:11:13.413531,Gemma3-4B,SLM,4B,ollama,14,new product showcase seemsg_6466085flashmailcom brandnew version 70 released ast...,PHISHING,phishing_detection,unspecified,1,PHISHING,True,13989,PHISHING,
2026-09-18T01:11:21.101283,Gemma3-4B,SLM,4B,ollama,14,new product showcase seemsg_6466085flashmailcom brandnew version 70 released ast...,PHISHING,phishing_detection,unspecified,2,PHISHING,True,5322,PHISHING,
2026-09-18T01:11:26.130920,Gemma3-4B,SLM,4B,ollama,14,new product showcase seemsg_6466085flashmailcom brandnew version 70 released ast...,PHISHING,phishing_detection,unspecified,3,PHISHING,True,3070,PHISHING,
2026-09-18T01:11:40.315436,Gemma3-4B,SLM,4B,ollama,15,terry kraft intelligibilityr838jishimvcom love answer please repeat question htt...,PHISHING,phishing_detection,unspecified,1,PHISHING,True,12454,PHISHING,
2026-09-18T01:11:45.552875,Gemma3-4B,SLM,4B,ollama,15,terry kraft intelligibilityr838jishimvcom love answer please repeat question htt...,PHISHING,phishing_detection,unspecified,2,PHISHING,True,3441,PHISHING,
2026-09-18T01:11:55.313569,Gemma3-4B,SLM,4B,ollama,15,terry kraft intelligibilityr838jishimvcom love answer please repeat question htt...,PHISHING,phishing_detection,unspecified,3,PHISHING,True,6125,PHISHING,
2026-09-18T01:12:25.768432,Gemma3-4B,SLM,4B,ollama,16,unsolicited update louise although nothing going particularly well west power or...,LEGITIMATE,phishing_detection,unspecified,1,PHISHING,False,28745,PHISHING,
2026-09-18T01:12:44.552145,Gemma3-4B,SLM,4B,ollama,16,unsolicited update louise although nothing going particularly well west power or...,LEGITIMATE,phishing_detection,unspecified,2,PHISHING,False,16520,PHISHING,
2026-09-18T01:12:50.305750,Gemma3-4B,SLM,4B,ollama,16,unsolicited update louise although nothing going particularly well west power or...,LEGITIMATE,phishing_detection,unspecified,3,PHISHING,False,3845,PHISHING,
2026-09-18T01:13:02.485011,Gemma3-4B,SLM,4B,ollama,17,lara kay inninterbncpacom want make love everywhere ask us casanova style life e...,PHISHING,phishing_detection,unspecified,1,PHISHING,True,10384,PHISHING,
2026-09-18T01:13:07.119886,Gemma3-4B,SLM,4B,ollama,17,lara kay inninterbncpacom want make love everywhere ask us casanova style life e...,PHISHING,phishing_detection,unspecified,2,PHISHING,True,2887,PHISHING,
2026-09-18T01:13:11.964389,Gemma3-4B,SLM,4B,ollama,17,lara kay inninterbncpacom want make love everywhere ask us casanova style life e...,PHISHING,phishing_detection,unspecified,3,PHISHING,True,3085,PHISHING,
2026-09-18T01:13:34.737934,Gemma3-4B,SLM,4B,ollama,18,john kane jrkrideauyahooca need merge sum separate operation think may rename co...,LEGITIMATE,phishing_detection,unspecified,1,PHISHING,False,21071,PHISHING,
2026-09-18T01:13:40.866811,Gemma3-4B,SLM,4B,ollama,18,john kane jrkrideauyahooca need merge sum separate operation think may rename co...,LEGITIMATE,phishing_detection,unspecified,2,PHISHING,False,3994,PHISHING,
2026-09-18T01:13:45.838664,Gemma3-4B,SLM,4B,ollama,18,john kane jrkrideauyahooca need merge sum separate operation think may rename co...,LEGITIMATE,phishing_detection,unspecified,3,PHISHING,False,3236,PHISHING,
2026-09-18T01:13:58.960070,Gemma3-4B,SLM,4B,ollama,19,anton heath antonpakizscrcz find effective proven way natural male enhancement e...,PHISHING,phishing_detection,unspecified,1,PHISHING,True,11439,PHISHING,
2026-09-18T01:14:04.317444,Gemma3-4B,SLM,4B,ollama,19,anton heath antonpakizscrcz find effective proven way natural male enhancement e...,PHISHING,phishing_detection,unspecified,2,PHISHING,True,3563,PHISHING,
2026-09-18T01:14:09.836993,Gemma3-4B,SLM,4B,ollama,19,anton heath antonpakizscrcz find effective proven way natural male enhancement e...,PHISHING,phishing_detection,unspecified,3,PHISHING,True,3783,PHISHING,
2026-09-18T01:14:27.252585,Gemma3-4B,SLM,4B,ollama,20,monkeyorg mailquiltessentialsbiz josemonkeyorg messages could delivered new mess...,PHISHING,phishing_detection,unspecified,1,PHISHING,True,15415,PHISHING,
2026-09-18T01:14:34.615542,Gemma3-4B,SLM,4B,ollama,20,monkeyorg mailquiltessentialsbiz josemonkeyorg messages could delivered new mess...,PHISHING,phishing_detection,unspecified,2,PHISHING,True,5334,PHISHING,
2026-09-18T01:14:39.934465,Gemma3-4B,SLM,4B,ollama,20,monkeyorg mailquiltessentialsbiz josemonkeyorg messages could delivered new mess...,PHISHING,phishing_detection,unspecified,3,PHISHING,True,3163,PHISHING,
2026-09-18T01:14:56.228606,Gemma3-4B,SLM,4B,ollama,21,tim roberts eqemprobocom sami islam wrote new python code import sys import trac...,LEGITIMATE,phishing_detection,unspecified,1,PHISHING,False,14551,PHISHING,
2026-09-18T01:15:01.918990,Gemma3-4B,SLM,4B,ollama,21,tim roberts eqemprobocom sami islam wrote new python code import sys import trac...,LEGITIMATE,phishing_detection,unspecified,2,PHISHING,False,3894,PHISHING,
2026-09-18T01:15:06.848216,Gemma3-4B,SLM,4B,ollama,21,tim roberts eqemprobocom sami islam wrote new python code import sys import trac...,LEGITIMATE,phishing_detection,unspecified,3,PHISHING,False,3188,PHISHING,
2026-09-18T01:15:20.225866,Gemma3-4B,SLM,4B,ollama,22,ready get hello viagra 1 med struggle mens erectile dysfunction like one jokes s...,PHISHING,phishing_detection,unspecified,1,PHISHING,True,11647,PHISHING,
2026-09-18T01:15:25.663892,Gemma3-4B,SLM,4B,ollama,22,ready get hello viagra 1 med struggle mens erectile dysfunction like one jokes s...,PHISHING,phishing_detection,unspecified,2,PHISHING,True,3585,PHISHING,
2026-09-18T01:15:30.617762,Gemma3-4B,SLM,4B,ollama,22,ready get hello viagra 1 med struggle mens erectile dysfunction like one jokes s...,PHISHING,phishing_detection,unspecified,3,PHISHING,True,3133,PHISHING,
2026-09-18T01:15:43.078058,Gemma3-4B,SLM,4B,ollama,23,love girls idn wan na see girls naked pc live real girls 18 showing naked body f...,PHISHING,phishing_detection,unspecified,1,PHISHING,True,10770,PHISHING,
2026-09-18T01:15:47.901576,Gemma3-4B,SLM,4B,ollama,23,love girls idn wan na see girls naked pc live real girls 18 showing naked body f...,PHISHING,phishing_detection,unspecified,2,PHISHING,True,2990,PHISHING,
2026-09-18T01:15:52.553360,Gemma3-4B,SLM,4B,ollama,23,love girls idn wan na see girls naked pc live real girls 18 showing naked body f...,PHISHING,phishing_detection,unspecified,3,PHISHING,True,2874,PHISHING,
2026-09-18T01:16:01.934259,Gemma3-4B,SLM,4B,ollama,24,voice recording dear bill please find voice recording tape pulled think good exa...,LEGITIMATE,phishing_detection,unspecified,1,PHISHING,False,7657,PHISHING,
2026-09-18T01:16:07.059256,Gemma3-4B,SLM,4B,ollama,24,voice recording dear bill please find voice recording tape pulled think good exa...,LEGITIMATE,phishing_detection,unspecified,2,PHISHING,False,3442,PHISHING,
2026-09-18T01:16:13.548376,Gemma3-4B,SLM,4B,ollama,24,voice recording dear bill please find voice recording tape pulled think good exa...,LEGITIMATE,phishing_detection,unspecified,3,PHISHING,False,4787,PHISHING,
2026-09-18T01:16:29.366744,Gemma3-4B,SLM,4B,ollama,25,2002 ea budget enw budget update suggestions piper richter webb met whalley satu...,LEGITIMATE,phishing_detection,unspecified,1,PHISHING,False,14101,PHISHING,
2026-09-18T01:16:36.606532,Gemma3-4B,SLM,4B,ollama,25,2002 ea budget enw budget update suggestions piper richter webb met whalley satu...,LEGITIMATE,phishing_detection,unspecified,2,PHISHING,False,5562,PHISHING,
2026-09-18T01:16:41.533593,Gemma3-4B,SLM,4B,ollama,25,2002 ea budget enw budget update suggestions piper richter webb met whalley satu...,LEGITIMATE,phishing_detection,unspecified,3,PHISHING,False,3194,PHISHING,
2026-09-18T01:16:54.987926,Gemma3-4B,SLM,4B,ollama,26,usaa usaaoundcoxnet ensure delivery inbox please add usaawebservicescustomermail...,PHISHING,phishing_detection,unspecified,1,PHISHING,True,11722,PHISHING,
2026-09-18T01:17:00.224637,Gemma3-4B,SLM,4B,ollama,26,usaa usaaoundcoxnet ensure delivery inbox please add usaawebservicescustomermail...,PHISHING,phishing_detection,unspecified,2,PHISHING,True,3538,PHISHING,
2026-09-18T01:17:04.886166,Gemma3-4B,SLM,4B,ollama,26,usaa usaaoundcoxnet ensure delivery inbox please add usaawebservicescustomermail...,PHISHING,phishing_detection,unspecified,3,PHISHING,True,2983,PHISHING,
2026-09-18T01:17:19.376295,Gemma3-4B,SLM,4B,ollama,27,call abstracts optimality syntactic theory content length 4437 call papers best ...,LEGITIMATE,phishing_detection,unspecified,1,PHISHING,False,12801,PHISHING,
2026-09-18T01:17:26.806279,Gemma3-4B,SLM,4B,ollama,27,call abstracts optimality syntactic theory content length 4437 call papers best ...,LEGITIMATE,phishing_detection,unspecified,2,PHISHING,False,5665,PHISHING,
2026-09-18T01:17:33.528597,Gemma3-4B,SLM,4B,ollama,27,call abstracts optimality syntactic theory content length 4437 call papers best ...,LEGITIMATE,phishing_detection,unspecified,3,PHISHING,False,5023,PHISHING,
2026-09-18T01:17:47.354825,Gemma3-4B,SLM,4B,ollama,28,polly posey pollyetmapt girl resist temptation go case nothing lose try httpdear...,PHISHING,phishing_detection,unspecified,1,PHISHING,True,12048,PHISHING,
2026-09-18T01:17:53.570864,Gemma3-4B,SLM,4B,ollama,28,polly posey pollyetmapt girl resist temptation go case nothing lose try httpdear...,PHISHING,phishing_detection,unspecified,2,PHISHING,True,4431,PHISHING,
2026-09-18T01:17:58.222663,Gemma3-4B,SLM,4B,ollama,28,polly posey pollyetmapt girl resist temptation go case nothing lose try httpdear...,PHISHING,phishing_detection,unspecified,3,PHISHING,True,2907,PHISHING,
2026-09-18T01:18:11.915149,Gemma3-4B,SLM,4B,ollama,29,unify financials update go forward cut calendar quick update major milestone uni...,LEGITIMATE,phishing_detection,unspecified,1,PHISHING,False,11956,PHISHING,
2026-09-18T01:18:17.655004,Gemma3-4B,SLM,4B,ollama,29,unify financials update go forward cut calendar quick update major milestone uni...,LEGITIMATE,phishing_detection,unspecified,2,LEGITIMATE,True,3917,LEGITIMATE,
2026-09-18T01:18:22.752616,Gemma3-4B,SLM,4B,ollama,29,unify financials update go forward cut calendar quick update major milestone uni...,LEGITIMATE,phishing_detection,unspecified,3,LEGITIMATE,True,3327,LEGITIMATE,
2026-09-18T01:18:54.995359,Gemma3-4B,SLM,4B,ollama,30,cheapest meds find discount drugs save 70 including new softtabs viagra disolves...,PHISHING,phishing_detection,unspecified,1,PHISHING,True,30487,PHISHING,
2026-09-18T01:33:54.114765,Gemma3-4B,SLM,4B,ollama,30,cheapest meds find discount drugs save 70 including new softtabs viagra disolves...,PHISHING,phishing_detection,unspecified,2,PHISHING,True,897254,PHISHING,
2026-09-18T01:34:45.179874,Gemma3-4B,SLM,4B,ollama,30,cheapest meds find discount drugs save 70 including new softtabs viagra disolves...,PHISHING,phishing_detection,unspecified,3,PHISHING,True,47980,PHISHING,
2026-09-18T01:38:36.678907,Qwen2.5-7B,SLM,7B,ollama,1,endangered languages workshop foundation endangered languages pleased announce f...,LEGITIMATE,phishing_detection,unspecified,1,LEGITIMATE,True,181787,LEGITIMATE,
2026-09-18T01:39:30.438008,Qwen2.5-7B,SLM,7B,ollama,1,endangered languages workshop foundation endangered languages pleased announce f...,LEGITIMATE,phishing_detection,unspecified,2,LEGITIMATE,True,51911,LEGITIMATE,
2026-09-18T01:40:17.564016,Qwen2.5-7B,SLM,7B,ollama,1,endangered languages workshop foundation endangered languages pleased announce f...,LEGITIMATE,phishing_detection,unspecified,3,LEGITIMATE,True,45246,LEGITIMATE,
2026-09-18T01:41:28.080377,Qwen2.5-7B,SLM,7B,ollama,2,claretta claretta_bordersfusemailcom cialis wont break wallet senior fellow facu...,PHISHING,phishing_detection,unspecified,1,PHISHING,True,68423,PHISHING,
2026-09-18T01:42:36.452660,Qwen2.5-7B,SLM,7B,ollama,2,claretta claretta_bordersfusemailcom cialis wont break wallet senior fellow facu...,PHISHING,phishing_detection,unspecified,2,PHISHING,True,66098,PHISHING,
2026-09-18T01:43:17.316817,Qwen2.5-7B,SLM,7B,ollama,2,claretta claretta_bordersfusemailcom cialis wont break wallet senior fellow facu...,PHISHING,phishing_detection,unspecified,3,PHISHING,True,39095,PHISHING,
2026-09-18T01:44:12.255335,Qwen2.5-7B,SLM,7B,ollama,3,roger upole schkeramsncom kyle rickey wrote im trying get file version executabl...,LEGITIMATE,phishing_detection,unspecified,1,PHISHING,False,53018,PHISHING,
2026-09-18T01:44:52.781229,Qwen2.5-7B,SLM,7B,ollama,3,roger upole schkeramsncom kyle rickey wrote im trying get file version executabl...,LEGITIMATE,phishing_detection,unspecified,2,PHISHING,False,38634,PHISHING,
2026-09-18T07:26:18.782419,Qwen2.5-7B,SLM,7B,ollama,3,roger upole schkeramsncom kyle rickey wrote im trying get file version executabl...,LEGITIMATE,phishing_detection,unspecified,3,PHISHING,False,20484003,PHISHING,
2026-09-18T07:27:39.995629,Qwen2.5-7B,SLM,7B,ollama,4,barclays customer service testlightworldcojp dear barclays customer josemonkeyor...,PHISHING,phishing_detection,unspecified,1,PHISHING,True,79177,PHISHING,
2026-09-18T07:31:24.223516,Qwen2.5-7B,SLM,7B,ollama,4,barclays customer service testlightworldcojp dear barclays customer josemonkeyor...,PHISHING,phishing_detection,unspecified,2,PHISHING,True,221798,PHISHING,
2026-09-18T07:33:10.025829,Qwen2.5-7B,SLM,7B,ollama,4,barclays customer service testlightworldcojp dear barclays customer josemonkeyor...,PHISHING,phishing_detection,unspecified,3,PHISHING,True,103765,PHISHING,
2026-09-18T07:34:06.186684,Qwen2.5-7B,SLM,7B,ollama,5,gmm 09 nov 2001 please find attached global markets monitor week ending 9 novemb...,LEGITIMATE,phishing_detection,unspecified,1,LEGITIMATE,True,54109,LEGITIMATE,
2026-09-18T07:35:08.920015,Qwen2.5-7B,SLM,7B,ollama,5,gmm 09 nov 2001 please find attached global markets monitor week ending 9 novemb...,LEGITIMATE,phishing_detection,unspecified,2,LEGITIMATE,True,60941,LEGITIMATE,
2026-09-18T07:36:13.258939,Qwen2.5-7B,SLM,7B,ollama,5,gmm 09 nov 2001 please find attached global markets monitor week ending 9 novemb...,LEGITIMATE,phishing_detection,unspecified,3,LEGITIMATE,True,62583,LEGITIMATE,
2026-09-18T07:39:50.474774,Qwen2.5-7B,SLM,7B,ollama,6,craig r hughes craighughesfamilyorg daniel quinlan wrote dq release itd great so...,LEGITIMATE,phishing_detection,unspecified,1,PHISHING,False,215444,PHISHING,
2026-09-18T07:40:44.639951,Qwen2.5-7B,SLM,7B,ollama,6,craig r hughes craighughesfamilyorg daniel quinlan wrote dq release itd great so...,LEGITIMATE,phishing_detection,unspecified,2,PHISHING,False,52079,PHISHING,
2026-09-18T07:41:34.201784,Qwen2.5-7B,SLM,7B,ollama,6,craig r hughes craighughesfamilyorg daniel quinlan wrote dq release itd great so...,LEGITIMATE,phishing_detection,unspecified,3,PHISHING,False,47716,PHISHING,
2026-09-18T07:45:06.223895,Qwen2.5-7B,SLM,7B,ollama,7,david wolever aywfqwrcstorontoedu 21apr08 1244 pm iybzpoboxcom wrote david sort ...,LEGITIMATE,phishing_detection,unspecified,1,PHISHING,False,210027,PHISHING,
2026-09-18T07:45:51.404229,Qwen2.5-7B,SLM,7B,ollama,7,david wolever aywfqwrcstorontoedu 21apr08 1244 pm iybzpoboxcom wrote david sort ...,LEGITIMATE,phishing_detection,unspecified,2,PHISHING,False,43319,PHISHING,
2026-09-18T07:46:39.487141,Qwen2.5-7B,SLM,7B,ollama,7,david wolever aywfqwrcstorontoedu 21apr08 1244 pm iybzpoboxcom wrote david sort ...,LEGITIMATE,phishing_detection,unspecified,3,PHISHING,False,46446,PHISHING,
2026-09-18T07:47:50.277281,Qwen2.5-7B,SLM,7B,ollama,8,christoph cordes uiaregiclamavnet clamav database updated 11 feb 2008 0631 0000 ...,LEGITIMATE,phishing_detection,unspecified,1,LEGITIMATE,True,69092,LEGITIMATE,
2026-09-18T07:48:48.658919,Qwen2.5-7B,SLM,7B,ollama,8,christoph cordes uiaregiclamavnet clamav database updated 11 feb 2008 0631 0000 ...,LEGITIMATE,phishing_detection,unspecified,2,LEGITIMATE,True,56512,LEGITIMATE,
2026-09-18T07:49:38.722464,Qwen2.5-7B,SLM,7B,ollama,8,christoph cordes uiaregiclamavnet clamav database updated 11 feb 2008 0631 0000 ...,LEGITIMATE,phishing_detection,unspecified,3,LEGITIMATE,True,48277,LEGITIMATE,
2026-09-18T07:51:02.426138,Qwen2.5-7B,SLM,7B,ollama,9,nan maraichers cote divoire 11 bp 71 abidjan 11 telefax 225 21 28 04 23 telephon...,PHISHING,phishing_detection,unspecified,1,PHISHING,True,81777,PHISHING,
2026-09-18T07:51:51.429339,Qwen2.5-7B,SLM,7B,ollama,9,nan maraichers cote divoire 11 bp 71 abidjan 11 telefax 225 21 28 04 23 telephon...,PHISHING,phishing_detection,unspecified,2,PHISHING,True,47183,PHISHING,
2026-09-18T07:52:39.678862,Qwen2.5-7B,SLM,7B,ollama,9,nan maraichers cote divoire 11 bp 71 abidjan 11 telefax 225 21 28 04 23 telephon...,PHISHING,phishing_detection,unspecified,3,PHISHING,True,46461,PHISHING,
2026-09-18T07:53:38.032185,Qwen2.5-7B,SLM,7B,ollama,10,natural enlargement male enhancement performance system 90 males interested impr...,PHISHING,phishing_detection,unspecified,1,PHISHING,True,56480,PHISHING,
2026-09-18T08:00:17.456681,Qwen2.5-7B,SLM,7B,ollama,10,natural enlargement male enhancement performance system 90 males interested impr...,PHISHING,phishing_detection,unspecified,2,PHISHING,True,397620,PHISHING,
2026-09-18T08:01:03.958522,Qwen2.5-7B,SLM,7B,ollama,10,natural enlargement male enhancement performance system 90 males interested impr...,PHISHING,phishing_detection,unspecified,3,PHISHING,True,44540,PHISHING,
2026-09-18T08:01:59.237963,Qwen2.5-7B,SLM,7B,ollama,11,dwight knapp akstcabancamnsdgsabancacom interesting pill options httpimaloneeasp...,PHISHING,phishing_detection,unspecified,1,PHISHING,True,53612,PHISHING,
2026-09-18T08:02:46.437681,Qwen2.5-7B,SLM,7B,ollama,11,dwight knapp akstcabancamnsdgsabancacom interesting pill options httpimaloneeasp...,PHISHING,phishing_detection,unspecified,2,PHISHING,True,45476,PHISHING,
2026-09-18T08:03:38.611138,Qwen2.5-7B,SLM,7B,ollama,11,dwight knapp akstcabancamnsdgsabancacom interesting pill options httpimaloneeasp...,PHISHING,phishing_detection,unspecified,3,PHISHING,True,50374,PHISHING,
2026-09-18T08:04:42.033594,Qwen2.5-7B,SLM,7B,ollama,12,david stembridge xlicqgreenpeasus free branded version available could find 25 v...,LEGITIMATE,phishing_detection,unspecified,1,PHISHING,False,61485,PHISHING,
2026-09-18T08:05:25.650177,Qwen2.5-7B,SLM,7B,ollama,12,david stembridge xlicqgreenpeasus free branded version available could find 25 v...,LEGITIMATE,phishing_detection,unspecified,2,PHISHING,False,41818,PHISHING,
2026-09-18T08:06:11.926377,Qwen2.5-7B,SLM,7B,ollama,12,david stembridge xlicqgreenpeasus free branded version available could find 25 v...,LEGITIMATE,phishing_detection,unspecified,3,PHISHING,False,44549,PHISHING,
2026-09-18T08:07:29.232134,Qwen2.5-7B,SLM,7B,ollama,13,kathrin1127q33newmailru _nextpart_000_00e4_86e61e0ab5488e11 contenttype texthtml...,PHISHING,phishing_detection,unspecified,1,PHISHING,True,75539,PHISHING,
2026-09-18T08:08:16.518170,Qwen2.5-7B,SLM,7B,ollama,13,kathrin1127q33newmailru _nextpart_000_00e4_86e61e0ab5488e11 contenttype texthtml...,PHISHING,phishing_detection,unspecified,2,PHISHING,True,45538,PHISHING,
2026-09-18T08:09:05.142242,Qwen2.5-7B,SLM,7B,ollama,13,kathrin1127q33newmailru _nextpart_000_00e4_86e61e0ab5488e11 contenttype texthtml...,PHISHING,phishing_detection,unspecified,3,PHISHING,True,46831,PHISHING,
2026-09-18T08:10:01.976638,Qwen2.5-7B,SLM,7B,ollama,14,new product showcase seemsg_6466085flashmailcom brandnew version 70 released ast...,PHISHING,phishing_detection,unspecified,1,PHISHING,True,55146,PHISHING,
2026-09-18T08:51:05.519170,Qwen2.5-7B,SLM,7B,ollama,14,new product showcase seemsg_6466085flashmailcom brandnew version 70 released ast...,PHISHING,phishing_detection,unspecified,2,PHISHING,True,2461771,PHISHING,
2026-09-18T08:52:15.844968,Qwen2.5-7B,SLM,7B,ollama,14,new product showcase seemsg_6466085flashmailcom brandnew version 70 released ast...,PHISHING,phishing_detection,unspecified,3,PHISHING,True,67558,PHISHING,
2026-09-18T08:53:06.463940,Qwen2.5-7B,SLM,7B,ollama,15,terry kraft intelligibilityr838jishimvcom love answer please repeat question htt...,PHISHING,phishing_detection,unspecified,1,PHISHING,True,48890,PHISHING,
2026-09-18T08:53:53.468352,Qwen2.5-7B,SLM,7B,ollama,15,terry kraft intelligibilityr838jishimvcom love answer please repeat question htt...,PHISHING,phishing_detection,unspecified,2,PHISHING,True,45128,PHISHING,
2026-09-18T08:54:37.089179,Qwen2.5-7B,SLM,7B,ollama,15,terry kraft intelligibilityr838jishimvcom love answer please repeat question htt...,PHISHING,phishing_detection,unspecified,3,PHISHING,True,41727,PHISHING,
2026-09-18T08:55:46.252564,Qwen2.5-7B,SLM,7B,ollama,16,unsolicited update louise although nothing going particularly well west power or...,LEGITIMATE,phishing_detection,unspecified,1,LEGITIMATE,True,67414,LEGITIMATE,
2026-09-18T08:56:35.656691,Qwen2.5-7B,SLM,7B,ollama,16,unsolicited update louise although nothing going particularly well west power or...,LEGITIMATE,phishing_detection,unspecified,2,LEGITIMATE,True,47454,LEGITIMATE,
2026-09-18T08:57:23.275821,Qwen2.5-7B,SLM,7B,ollama,16,unsolicited update louise although nothing going particularly well west power or...,LEGITIMATE,phishing_detection,unspecified,3,LEGITIMATE,True,45832,LEGITIMATE,
2026-09-18T08:58:20.085052,Qwen2.5-7B,SLM,7B,ollama,17,lara kay inninterbncpacom want make love everywhere ask us casanova style life e...,PHISHING,phishing_detection,unspecified,1,PHISHING,True,55057,PHISHING,
2026-09-18T08:59:08.856362,Qwen2.5-7B,SLM,7B,ollama,17,lara kay inninterbncpacom want make love everywhere ask us casanova style life e...,PHISHING,phishing_detection,unspecified,2,PHISHING,True,46170,PHISHING,
2026-09-18T09:00:09.147472,Qwen2.5-7B,SLM,7B,ollama,17,lara kay inninterbncpacom want make love everywhere ask us casanova style life e...,PHISHING,phishing_detection,unspecified,3,PHISHING,True,58420,PHISHING,
2026-09-18T09:01:05.429074,Qwen2.5-7B,SLM,7B,ollama,18,john kane jrkrideauyahooca need merge sum separate operation think may rename co...,LEGITIMATE,phishing_detection,unspecified,1,PHISHING,False,54406,PHISHING,
2026-09-18T09:01:53.386471,Qwen2.5-7B,SLM,7B,ollama,18,john kane jrkrideauyahooca need merge sum separate operation think may rename co...,LEGITIMATE,phishing_detection,unspecified,2,PHISHING,False,46197,PHISHING,
2026-09-18T09:02:38.132890,Qwen2.5-7B,SLM,7B,ollama,18,john kane jrkrideauyahooca need merge sum separate operation think may rename co...,LEGITIMATE,phishing_detection,unspecified,3,PHISHING,False,43019,PHISHING,
2026-09-18T09:03:32.296167,Qwen2.5-7B,SLM,7B,ollama,19,anton heath antonpakizscrcz find effective proven way natural male enhancement e...,PHISHING,phishing_detection,unspecified,1,PHISHING,True,52393,PHISHING,
2026-09-18T09:04:18.807772,Qwen2.5-7B,SLM,7B,ollama,19,anton heath antonpakizscrcz find effective proven way natural male enhancement e...,PHISHING,phishing_detection,unspecified,2,PHISHING,True,44807,PHISHING,
2026-09-18T09:05:04.909123,Qwen2.5-7B,SLM,7B,ollama,19,anton heath antonpakizscrcz find effective proven way natural male enhancement e...,PHISHING,phishing_detection,unspecified,3,PHISHING,True,44357,PHISHING,
2026-09-18T09:06:11.075117,Qwen2.5-7B,SLM,7B,ollama,20,monkeyorg mailquiltessentialsbiz josemonkeyorg messages could delivered new mess...,PHISHING,phishing_detection,unspecified,1,PHISHING,True,64399,PHISHING,
2026-09-18T09:07:04.510470,Qwen2.5-7B,SLM,7B,ollama,20,monkeyorg mailquiltessentialsbiz josemonkeyorg messages could delivered new mess...,PHISHING,phishing_detection,unspecified,2,PHISHING,True,51607,PHISHING,
2026-09-18T09:07:50.803594,Qwen2.5-7B,SLM,7B,ollama,20,monkeyorg mailquiltessentialsbiz josemonkeyorg messages could delivered new mess...,PHISHING,phishing_detection,unspecified,3,PHISHING,True,44531,PHISHING,
2026-09-18T09:08:51.511237,Qwen2.5-7B,SLM,7B,ollama,21,tim roberts eqemprobocom sami islam wrote new python code import sys import trac...,LEGITIMATE,phishing_detection,unspecified,1,PHISHING,False,58896,PHISHING,
2026-09-18T09:09:38.220647,Qwen2.5-7B,SLM,7B,ollama,21,tim roberts eqemprobocom sami islam wrote new python code import sys import trac...,LEGITIMATE,phishing_detection,unspecified,2,PHISHING,False,44942,PHISHING,
2026-09-18T09:10:25.312239,Qwen2.5-7B,SLM,7B,ollama,21,tim roberts eqemprobocom sami islam wrote new python code import sys import trac...,LEGITIMATE,phishing_detection,unspecified,3,PHISHING,False,45309,PHISHING,
2026-09-18T09:11:14.470919,Qwen2.5-7B,SLM,7B,ollama,22,ready get hello viagra 1 med struggle mens erectile dysfunction like one jokes s...,PHISHING,phishing_detection,unspecified,1,PHISHING,True,47418,PHISHING,
2026-09-18T09:11:59.453039,Qwen2.5-7B,SLM,7B,ollama,22,ready get hello viagra 1 med struggle mens erectile dysfunction like one jokes s...,PHISHING,phishing_detection,unspecified,2,PHISHING,True,43244,PHISHING,
2026-09-18T09:12:44.646662,Qwen2.5-7B,SLM,7B,ollama,22,ready get hello viagra 1 med struggle mens erectile dysfunction like one jokes s...,PHISHING,phishing_detection,unspecified,3,PHISHING,True,43378,PHISHING,
2026-09-18T09:13:35.320107,Qwen2.5-7B,SLM,7B,ollama,23,love girls idn wan na see girls naked pc live real girls 18 showing naked body f...,PHISHING,phishing_detection,unspecified,1,PHISHING,True,48778,PHISHING,
2026-09-18T09:14:18.235588,Qwen2.5-7B,SLM,7B,ollama,23,love girls idn wan na see girls naked pc live real girls 18 showing naked body f...,PHISHING,phishing_detection,unspecified,2,PHISHING,True,41116,PHISHING,
2026-09-18T09:15:02.329332,Qwen2.5-7B,SLM,7B,ollama,23,love girls idn wan na see girls naked pc live real girls 18 showing naked body f...,PHISHING,phishing_detection,unspecified,3,PHISHING,True,42231,PHISHING,
2026-09-18T09:15:48.940517,Qwen2.5-7B,SLM,7B,ollama,24,voice recording dear bill please find voice recording tape pulled think good exa...,LEGITIMATE,phishing_detection,unspecified,1,PHISHING,False,44814,PHISHING,
2026-09-18T09:16:39.082860,Qwen2.5-7B,SLM,7B,ollama,24,voice recording dear bill please find voice recording tape pulled think good exa...,LEGITIMATE,phishing_detection,unspecified,2,PHISHING,False,48417,PHISHING,
2026-09-18T09:17:31.227607,Qwen2.5-7B,SLM,7B,ollama,24,voice recording dear bill please find voice recording tape pulled think good exa...,LEGITIMATE,phishing_detection,unspecified,3,PHISHING,False,50218,PHISHING,
2026-09-18T09:18:30.033434,Qwen2.5-7B,SLM,7B,ollama,25,2002 ea budget enw budget update suggestions piper richter webb met whalley satu...,LEGITIMATE,phishing_detection,unspecified,1,LEGITIMATE,True,56555,LEGITIMATE,
2026-09-18T09:19:16.417782,Qwen2.5-7B,SLM,7B,ollama,25,2002 ea budget enw budget update suggestions piper richter webb met whalley satu...,LEGITIMATE,phishing_detection,unspecified,2,LEGITIMATE,True,44579,LEGITIMATE,
2026-09-18T09:20:02.655307,Qwen2.5-7B,SLM,7B,ollama,25,2002 ea budget enw budget update suggestions piper richter webb met whalley satu...,LEGITIMATE,phishing_detection,unspecified,3,LEGITIMATE,True,44470,LEGITIMATE,
2026-09-18T09:20:55.998207,Qwen2.5-7B,SLM,7B,ollama,26,usaa usaaoundcoxnet ensure delivery inbox please add usaawebservicescustomermail...,PHISHING,phishing_detection,unspecified,1,PHISHING,True,51551,PHISHING,
2026-09-18T09:21:41.638381,Qwen2.5-7B,SLM,7B,ollama,26,usaa usaaoundcoxnet ensure delivery inbox please add usaawebservicescustomermail...,PHISHING,phishing_detection,unspecified,2,PHISHING,True,43894,PHISHING,
2026-09-18T09:22:26.129974,Qwen2.5-7B,SLM,7B,ollama,26,usaa usaaoundcoxnet ensure delivery inbox please add usaawebservicescustomermail...,PHISHING,phishing_detection,unspecified,3,PHISHING,True,42740,PHISHING,
2026-09-18T09:23:24.493303,Qwen2.5-7B,SLM,7B,ollama,27,call abstracts optimality syntactic theory content length 4437 call papers best ...,LEGITIMATE,phishing_detection,unspecified,1,LEGITIMATE,True,56611,LEGITIMATE,
2026-09-18T09:24:20.528288,Qwen2.5-7B,SLM,7B,ollama,27,call abstracts optimality syntactic theory content length 4437 call papers best ...,LEGITIMATE,phishing_detection,unspecified,2,LEGITIMATE,True,54259,LEGITIMATE,
2026-09-18T09:25:04.225222,Qwen2.5-7B,SLM,7B,ollama,27,call abstracts optimality syntactic theory content length 4437 call papers best ...,LEGITIMATE,phishing_detection,unspecified,3,LEGITIMATE,True,41832,LEGITIMATE,
2026-09-18T09:25:56.629685,Qwen2.5-7B,SLM,7B,ollama,28,polly posey pollyetmapt girl resist temptation go case nothing lose try httpdear...,PHISHING,phishing_detection,unspecified,1,PHISHING,True,50616,PHISHING,
2026-09-18T09:26:40.612837,Qwen2.5-7B,SLM,7B,ollama,28,polly posey pollyetmapt girl resist temptation go case nothing lose try httpdear...,PHISHING,phishing_detection,unspecified,2,PHISHING,True,42243,PHISHING,
2026-09-18T09:27:26.350503,Qwen2.5-7B,SLM,7B,ollama,28,polly posey pollyetmapt girl resist temptation go case nothing lose try httpdear...,PHISHING,phishing_detection,unspecified,3,PHISHING,True,43989,PHISHING,
2026-09-18T09:28:22.663676,Qwen2.5-7B,SLM,7B,ollama,29,unify financials update go forward cut calendar quick update major milestone uni...,LEGITIMATE,phishing_detection,unspecified,1,LEGITIMATE,True,54508,LEGITIMATE,
2026-09-18T09:29:27.043986,Qwen2.5-7B,SLM,7B,ollama,29,unify financials update go forward cut calendar quick update major milestone uni...,LEGITIMATE,phishing_detection,unspecified,2,LEGITIMATE,True,62523,LEGITIMATE,
2026-09-18T09:30:14.063904,Qwen2.5-7B,SLM,7B,ollama,29,unify financials update go forward cut calendar quick update major milestone uni...,LEGITIMATE,phishing_detection,unspecified,3,LEGITIMATE,True,45276,LEGITIMATE,
2026-09-18T09:31:07.150427,Qwen2.5-7B,SLM,7B,ollama,30,cheapest meds find discount drugs save 70 including new softtabs viagra disolves...,PHISHING,phishing_detection,unspecified,1,PHISHING,True,51345,PHISHING,
2026-09-18T09:31:52.491150,Qwen2.5-7B,SLM,7B,ollama,30,cheapest meds find discount drugs save 70 including new softtabs viagra disolves...,PHISHING,phishing_detection,unspecified,2,PHISHING,True,43574,PHISHING,
2026-09-18T09:32:38.042087,Qwen2.5-7B,SLM,7B,ollama,30,cheapest meds find discount drugs save 70 including new softtabs viagra disolves...,PHISHING,phishing_detection,unspecified,3,PHISHING,True,43715,PHISHING,
2026-09-18T09:34:03.578563,Mistral-7B,SLM,7B,ollama,1,endangered languages workshop foundation endangered languages pleased announce f...,LEGITIMATE,phishing_detection,unspecified,1,PHISHING,False,83742, PHISHING,
2026-09-18T09:34:13.519560,Mistral-7B,SLM,7B,ollama,1,endangered languages workshop foundation endangered languages pleased announce f...,LEGITIMATE,phishing_detection,unspecified,2,PHISHING,False,7946, PHISHING,
2026-09-18T09:34:20.939219,Mistral-7B,SLM,7B,ollama,1,endangered languages workshop foundation endangered languages pleased announce f...,LEGITIMATE,phishing_detection,unspecified,3,PHISHING,False,5572, PHISHING,
2026-09-18T09:34:52.775071,Mistral-7B,SLM,7B,ollama,2,claretta claretta_bordersfusemailcom cialis wont break wallet senior fellow facu...,PHISHING,phishing_detection,unspecified,1,PHISHING,True,30098, PHISHING,
2026-09-18T09:35:04.052891,Mistral-7B,SLM,7B,ollama,2,claretta claretta_bordersfusemailcom cialis wont break wallet senior fellow facu...,PHISHING,phishing_detection,unspecified,2,PHISHING,True,9437, PHISHING,
2026-09-18T09:35:15.888513,Mistral-7B,SLM,7B,ollama,2,claretta claretta_bordersfusemailcom cialis wont break wallet senior fellow facu...,PHISHING,phishing_detection,unspecified,3,PHISHING,True,10031, PHISHING,
2026-09-18T09:35:48.155155,Mistral-7B,SLM,7B,ollama,3,roger upole schkeramsncom kyle rickey wrote im trying get file version executabl...,LEGITIMATE,phishing_detection,unspecified,1,PHISHING,False,30549, PHISHING,
2026-09-18T09:36:01.884251,Mistral-7B,SLM,7B,ollama,3,roger upole schkeramsncom kyle rickey wrote im trying get file version executabl...,LEGITIMATE,phishing_detection,unspecified,2,PHISHING,False,11923, PHISHING,
2026-09-18T09:36:12.960466,Mistral-7B,SLM,7B,ollama,3,roger upole schkeramsncom kyle rickey wrote im trying get file version executabl...,LEGITIMATE,phishing_detection,unspecified,3,PHISHING,False,9186, PHISHING,
2026-09-18T09:36:44.366276,Mistral-7B,SLM,7B,ollama,4,barclays customer service testlightworldcojp dear barclays customer josemonkeyor...,PHISHING,phishing_detection,unspecified,1,PHISHING,True,29633, PHISHING,
2026-09-18T09:37:11.234179,Mistral-7B,SLM,7B,ollama,4,barclays customer service testlightworldcojp dear barclays customer josemonkeyor...,PHISHING,phishing_detection,unspecified,2,PHISHING,True,24871, PHISHING,
2026-09-18T09:37:38.061320,Mistral-7B,SLM,7B,ollama,4,barclays customer service testlightworldcojp dear barclays customer josemonkeyor...,PHISHING,phishing_detection,unspecified,3,PHISHING,True,24448, PHISHING,
2026-09-18T09:38:05.984240,Mistral-7B,SLM,7B,ollama,5,gmm 09 nov 2001 please find attached global markets monitor week ending 9 novemb...,LEGITIMATE,phishing_detection,unspecified,1,LEGITIMATE,True,25965, LEGITIMATE,
2026-09-18T09:38:13.183832,Mistral-7B,SLM,7B,ollama,5,gmm 09 nov 2001 please find attached global markets monitor week ending 9 novemb...,LEGITIMATE,phishing_detection,unspecified,2,LEGITIMATE,True,5323, LEGITIMATE,
2026-09-18T09:38:18.698633,Mistral-7B,SLM,7B,ollama,5,gmm 09 nov 2001 please find attached global markets monitor week ending 9 novemb...,LEGITIMATE,phishing_detection,unspecified,3,LEGITIMATE,True,3874, LEGITIMATE,
2026-09-18T09:39:11.061455,Mistral-7B,SLM,7B,ollama,6,craig r hughes craighughesfamilyorg daniel quinlan wrote dq release itd great so...,LEGITIMATE,phishing_detection,unspecified,1,PHISHING,False,50582, PHISHING,
2026-09-18T09:39:34.846894,Mistral-7B,SLM,7B,ollama,6,craig r hughes craighughesfamilyorg daniel quinlan wrote dq release itd great so...,LEGITIMATE,phishing_detection,unspecified,2,PHISHING,False,21855, PHISHING,
2026-09-18T09:40:05.764930,Mistral-7B,SLM,7B,ollama,6,craig r hughes craighughesfamilyorg daniel quinlan wrote dq release itd great so...,LEGITIMATE,phishing_detection,unspecified,3,PHISHING,False,29080, PHISHING,
2026-09-18T09:40:58.681877,Mistral-7B,SLM,7B,ollama,7,david wolever aywfqwrcstorontoedu 21apr08 1244 pm iybzpoboxcom wrote david sort ...,LEGITIMATE,phishing_detection,unspecified,1,PHISHING,False,50514, PHISHING,
2026-09-18T09:41:04.943369,Mistral-7B,SLM,7B,ollama,7,david wolever aywfqwrcstorontoedu 21apr08 1244 pm iybzpoboxcom wrote david sort ...,LEGITIMATE,phishing_detection,unspecified,2,PHISHING,False,4263, PHISHING,
2026-09-18T09:41:23.083348,Mistral-7B,SLM,7B,ollama,7,david wolever aywfqwrcstorontoedu 21apr08 1244 pm iybzpoboxcom wrote david sort ...,LEGITIMATE,phishing_detection,unspecified,3,PHISHING,False,16400, PHISHING,
2026-09-18T09:42:22.522840,Mistral-7B,SLM,7B,ollama,8,christoph cordes uiaregiclamavnet clamav database updated 11 feb 2008 0631 0000 ...,LEGITIMATE,phishing_detection,unspecified,1,PHISHING,False,57537, PHISHING,
2026-09-18T09:42:41.512205,Mistral-7B,SLM,7B,ollama,8,christoph cordes uiaregiclamavnet clamav database updated 11 feb 2008 0631 0000 ...,LEGITIMATE,phishing_detection,unspecified,2,PHISHING,False,17123, PHISHING,
2026-09-18T09:42:48.776134,Mistral-7B,SLM,7B,ollama,8,christoph cordes uiaregiclamavnet clamav database updated 11 feb 2008 0631 0000 ...,LEGITIMATE,phishing_detection,unspecified,3,PHISHING,False,5407, PHISHING,
2026-09-18T09:43:47.700954,Mistral-7B,SLM,7B,ollama,9,nan maraichers cote divoire 11 bp 71 abidjan 11 telefax 225 21 28 04 23 telephon...,PHISHING,phishing_detection,unspecified,1,PHISHING,True,57197, PHISHING,
2026-09-18T09:44:11.542371,Mistral-7B,SLM,7B,ollama,9,nan maraichers cote divoire 11 bp 71 abidjan 11 telefax 225 21 28 04 23 telephon...,PHISHING,phishing_detection,unspecified,2,PHISHING,True,21990, PHISHING,
2026-09-18T09:44:35.096608,Mistral-7B,SLM,7B,ollama,9,nan maraichers cote divoire 11 bp 71 abidjan 11 telefax 225 21 28 04 23 telephon...,PHISHING,phishing_detection,unspecified,3,PHISHING,True,21544, PHISHING,
2026-09-18T09:45:23.542420,Mistral-7B,SLM,7B,ollama,10,natural enlargement male enhancement performance system 90 males interested impr...,PHISHING,phishing_detection,unspecified,1,PHISHING,True,46629, PHISHING,
2026-09-18T09:45:46.060984,Mistral-7B,SLM,7B,ollama,10,natural enlargement male enhancement performance system 90 males interested impr...,PHISHING,phishing_detection,unspecified,2,PHISHING,True,20313, PHISHING,
2026-09-18T09:45:51.598751,Mistral-7B,SLM,7B,ollama,10,natural enlargement male enhancement performance system 90 males interested impr...,PHISHING,phishing_detection,unspecified,3,PHISHING,True,3672, PHISHING,
2026-09-18T09:46:19.285747,Mistral-7B,SLM,7B,ollama,11,dwight knapp akstcabancamnsdgsabancacom interesting pill options httpimaloneeasp...,PHISHING,phishing_detection,unspecified,1,PHISHING,True,25983, PHISHING,
2026-09-18T09:46:43.564802,Mistral-7B,SLM,7B,ollama,11,dwight knapp akstcabancamnsdgsabancacom interesting pill options httpimaloneeasp...,PHISHING,phishing_detection,unspecified,2,PHISHING,True,22432, PHISHING,
2026-09-18T09:47:09.404907,Mistral-7B,SLM,7B,ollama,11,dwight knapp akstcabancamnsdgsabancacom interesting pill options httpimaloneeasp...,PHISHING,phishing_detection,unspecified,3,PHISHING,True,23878, PHISHING,
2026-09-18T09:47:42.834875,Mistral-7B,SLM,7B,ollama,12,david stembridge xlicqgreenpeasus free branded version available could find 25 v...,LEGITIMATE,phishing_detection,unspecified,1,PHISHING,False,31486, PHISHING,
2026-09-18T09:48:14.415669,Mistral-7B,SLM,7B,ollama,12,david stembridge xlicqgreenpeasus free branded version available could find 25 v...,LEGITIMATE,phishing_detection,unspecified,2,PHISHING,False,29678, PHISHING,
2026-09-18T09:48:50.312001,Mistral-7B,SLM,7B,ollama,12,david stembridge xlicqgreenpeasus free branded version available could find 25 v...,LEGITIMATE,phishing_detection,unspecified,3,PHISHING,False,33889, PHISHING,
2026-09-18T09:50:14.120743,Mistral-7B,SLM,7B,ollama,13,kathrin1127q33newmailru _nextpart_000_00e4_86e61e0ab5488e11 contenttype texthtml...,PHISHING,phishing_detection,unspecified,1,PHISHING,True,82047, PHISHING,
2026-09-18T09:50:43.190026,Mistral-7B,SLM,7B,ollama,13,kathrin1127q33newmailru _nextpart_000_00e4_86e61e0ab5488e11 contenttype texthtml...,PHISHING,phishing_detection,unspecified,2,PHISHING,True,27248, PHISHING,
2026-09-18T09:51:12.204314,Mistral-7B,SLM,7B,ollama,13,kathrin1127q33newmailru _nextpart_000_00e4_86e61e0ab5488e11 contenttype texthtml...,PHISHING,phishing_detection,unspecified,3,PHISHING,True,26898, PHISHING,
2026-09-18T09:52:05.012914,Mistral-7B,SLM,7B,ollama,14,new product showcase seemsg_6466085flashmailcom brandnew version 70 released ast...,PHISHING,phishing_detection,unspecified,1,PHISHING,True,50808, PHISHING,
2026-09-18T09:52:52.247787,Mistral-7B,SLM,7B,ollama,14,new product showcase seemsg_6466085flashmailcom brandnew version 70 released ast...,PHISHING,phishing_detection,unspecified,2,PHISHING,True,45058, PHISHING,
2026-09-18T09:53:21.311853,Mistral-7B,SLM,7B,ollama,14,new product showcase seemsg_6466085flashmailcom brandnew version 70 released ast...,PHISHING,phishing_detection,unspecified,3,PHISHING,True,27229, PHISHING,
2026-09-18T09:53:55.853506,Mistral-7B,SLM,7B,ollama,15,terry kraft intelligibilityr838jishimvcom love answer please repeat question htt...,PHISHING,phishing_detection,unspecified,1,PHISHING,True,32531, PHISHING,
2026-09-18T09:54:23.715750,Mistral-7B,SLM,7B,ollama,15,terry kraft intelligibilityr838jishimvcom love answer please repeat question htt...,PHISHING,phishing_detection,unspecified,2,PHISHING,True,25829, PHISHING,
2026-09-18T09:54:51.792967,Mistral-7B,SLM,7B,ollama,15,terry kraft intelligibilityr838jishimvcom love answer please repeat question htt...,PHISHING,phishing_detection,unspecified,3,PHISHING,True,26159, PHISHING,
2026-09-18T09:55:49.832070,Mistral-7B,SLM,7B,ollama,16,unsolicited update louise although nothing going particularly well west power or...,LEGITIMATE,phishing_detection,unspecified,1,PHISHING,False,56074, PHISHING,
2026-09-18T09:56:18.252262,Mistral-7B,SLM,7B,ollama,16,unsolicited update louise although nothing going particularly well west power or...,LEGITIMATE,phishing_detection,unspecified,2,PHISHING,False,26359, PHISHING,
2026-09-18T09:56:43.647662,Mistral-7B,SLM,7B,ollama,16,unsolicited update louise although nothing going particularly well west power or...,LEGITIMATE,phishing_detection,unspecified,3,PHISHING,False,23566, PHISHING,
2026-09-18T09:57:32.900366,Mistral-7B,SLM,7B,ollama,17,lara kay inninterbncpacom want make love everywhere ask us casanova style life e...,PHISHING,phishing_detection,unspecified,1,PHISHING,True,47274, PHISHING,
2026-09-18T09:58:00.955849,Mistral-7B,SLM,7B,ollama,17,lara kay inninterbncpacom want make love everywhere ask us casanova style life e...,PHISHING,phishing_detection,unspecified,2,PHISHING,True,25919, PHISHING,
2026-09-18T09:58:16.929839,Mistral-7B,SLM,7B,ollama,17,lara kay inninterbncpacom want make love everywhere ask us casanova style life e...,PHISHING,phishing_detection,unspecified,3,PHISHING,True,13976, PHISHING,
2026-09-18T09:58:59.516523,Mistral-7B,SLM,7B,ollama,18,john kane jrkrideauyahooca need merge sum separate operation think may rename co...,LEGITIMATE,phishing_detection,unspecified,1,PHISHING,False,40732, PHISHING,
2026-09-18T09:59:39.383020,Mistral-7B,SLM,7B,ollama,18,john kane jrkrideauyahooca need merge sum separate operation think may rename co...,LEGITIMATE,phishing_detection,unspecified,2,PHISHING,False,37934, PHISHING,
2026-09-18T10:00:08.365718,Mistral-7B,SLM,7B,ollama,18,john kane jrkrideauyahooca need merge sum separate operation think may rename co...,LEGITIMATE,phishing_detection,unspecified,3,PHISHING,False,26954, PHISHING,
2026-09-18T10:00:46.594188,Mistral-7B,SLM,7B,ollama,19,anton heath antonpakizscrcz find effective proven way natural male enhancement e...,PHISHING,phishing_detection,unspecified,1,PHISHING,True,36352, PHISHING,
2026-09-18T10:01:07.181684,Mistral-7B,SLM,7B,ollama,19,anton heath antonpakizscrcz find effective proven way natural male enhancement e...,PHISHING,phishing_detection,unspecified,2,PHISHING,True,18570, PHISHING,
2026-09-18T10:01:21.365177,Mistral-7B,SLM,7B,ollama,19,anton heath antonpakizscrcz find effective proven way natural male enhancement e...,PHISHING,phishing_detection,unspecified,3,PHISHING,True,12254, PHISHING,
2026-09-18T10:02:14.822422,Mistral-7B,SLM,7B,ollama,20,monkeyorg mailquiltessentialsbiz josemonkeyorg messages could delivered new mess...,PHISHING,phishing_detection,unspecified,1,PHISHING,True,51600, PHISHING,
2026-09-18T10:02:30.913643,Mistral-7B,SLM,7B,ollama,20,monkeyorg mailquiltessentialsbiz josemonkeyorg messages could delivered new mess...,PHISHING,phishing_detection,unspecified,2,PHISHING,True,14203, PHISHING,
2026-09-18T10:02:39.114521,Mistral-7B,SLM,7B,ollama,20,monkeyorg mailquiltessentialsbiz josemonkeyorg messages could delivered new mess...,PHISHING,phishing_detection,unspecified,3,PHISHING,True,6235, PHISHING,
2026-09-18T10:03:18.255755,Mistral-7B,SLM,7B,ollama,21,tim roberts eqemprobocom sami islam wrote new python code import sys import trac...,LEGITIMATE,phishing_detection,unspecified,1,PHISHING,False,37339, PHISHING,
2026-09-18T10:03:41.580743,Mistral-7B,SLM,7B,ollama,21,tim roberts eqemprobocom sami islam wrote new python code import sys import trac...,LEGITIMATE,phishing_detection,unspecified,2,PHISHING,False,21468, PHISHING,
2026-09-18T10:04:06.505679,Mistral-7B,SLM,7B,ollama,21,tim roberts eqemprobocom sami islam wrote new python code import sys import trac...,LEGITIMATE,phishing_detection,unspecified,3,PHISHING,False,22995, PHISHING,
2026-09-18T10:04:39.423009,Mistral-7B,SLM,7B,ollama,22,ready get hello viagra 1 med struggle mens erectile dysfunction like one jokes s...,PHISHING,phishing_detection,unspecified,1,PHISHING,True,30889, PHISHING,
2026-09-18T10:05:18.375557,Mistral-7B,SLM,7B,ollama,22,ready get hello viagra 1 med struggle mens erectile dysfunction like one jokes s...,PHISHING,phishing_detection,unspecified,2,PHISHING,True,37103, PHISHING,
2026-09-18T10:05:45.816922,Mistral-7B,SLM,7B,ollama,22,ready get hello viagra 1 med struggle mens erectile dysfunction like one jokes s...,PHISHING,phishing_detection,unspecified,3,PHISHING,True,25669, PHISHING,
2026-09-18T10:06:22.692368,Mistral-7B,SLM,7B,ollama,23,love girls idn wan na see girls naked pc live real girls 18 showing naked body f...,PHISHING,phishing_detection,unspecified,1,PHISHING,True,34945, PHISHING,
2026-09-18T10:06:50.670358,Mistral-7B,SLM,7B,ollama,23,love girls idn wan na see girls naked pc live real girls 18 showing naked body f...,PHISHING,phishing_detection,unspecified,2,PHISHING,True,26150, PHISHING,
2026-09-18T10:56:25.954138,Mistral-7B,SLM,7B,ollama,23,love girls idn wan na see girls naked pc live real girls 18 showing naked body f...,PHISHING,phishing_detection,unspecified,3,PHISHING,True,2973318, PHISHING,
2026-09-18T10:58:06.746716,Mistral-7B,SLM,7B,ollama,24,voice recording dear bill please find voice recording tape pulled think good exa...,LEGITIMATE,phishing_detection,unspecified,1,PHISHING,False,93187, PHISHING,
2026-09-18T10:58:33.657957,Mistral-7B,SLM,7B,ollama,24,voice recording dear bill please find voice recording tape pulled think good exa...,LEGITIMATE,phishing_detection,unspecified,2,PHISHING,False,24436, PHISHING,
2026-09-18T10:59:04.108453,Mistral-7B,SLM,7B,ollama,24,voice recording dear bill please find voice recording tape pulled think good exa...,LEGITIMATE,phishing_detection,unspecified,3,PHISHING,False,27918, PHISHING,
2026-09-18T10:59:40.442861,Mistral-7B,SLM,7B,ollama,25,2002 ea budget enw budget update suggestions piper richter webb met whalley satu...,LEGITIMATE,phishing_detection,unspecified,1,PHISHING,False,34484, PHISHING,
2026-09-18T11:00:06.295017,Mistral-7B,SLM,7B,ollama,25,2002 ea budget enw budget update suggestions piper richter webb met whalley satu...,LEGITIMATE,phishing_detection,unspecified,2,PHISHING,False,23482, PHISHING,
2026-09-18T11:00:37.384697,Mistral-7B,SLM,7B,ollama,25,2002 ea budget enw budget update suggestions piper richter webb met whalley satu...,LEGITIMATE,phishing_detection,unspecified,3,PHISHING,False,29005, PHISHING,
2026-09-18T11:01:34.716459,Mistral-7B,SLM,7B,ollama,26,usaa usaaoundcoxnet ensure delivery inbox please add usaawebservicescustomermail...,PHISHING,phishing_detection,unspecified,1,PHISHING,True,55439, PHISHING,
2026-09-18T11:02:15.858358,Mistral-7B,SLM,7B,ollama,26,usaa usaaoundcoxnet ensure delivery inbox please add usaawebservicescustomermail...,PHISHING,phishing_detection,unspecified,2,PHISHING,True,39238, PHISHING,
2026-09-18T11:02:46.474217,Mistral-7B,SLM,7B,ollama,26,usaa usaaoundcoxnet ensure delivery inbox please add usaawebservicescustomermail...,PHISHING,phishing_detection,unspecified,3,PHISHING,True,28672, PHISHING,
2026-09-18T11:03:43.799039,Mistral-7B,SLM,7B,ollama,27,call abstracts optimality syntactic theory content length 4437 call papers best ...,LEGITIMATE,phishing_detection,unspecified,1,PHISHING,False,55214, PHISHING,
2026-09-18T11:04:05.673933,Mistral-7B,SLM,7B,ollama,27,call abstracts optimality syntactic theory content length 4437 call papers best ...,LEGITIMATE,phishing_detection,unspecified,2,PHISHING,False,19906, PHISHING,
2026-09-18T11:04:27.302803,Mistral-7B,SLM,7B,ollama,27,call abstracts optimality syntactic theory content length 4437 call papers best ...,LEGITIMATE,phishing_detection,unspecified,3,PHISHING,False,19696, PHISHING,
2026-09-18T11:05:17.676653,Mistral-7B,SLM,7B,ollama,28,polly posey pollyetmapt girl resist temptation go case nothing lose try httpdear...,PHISHING,phishing_detection,unspecified,1,PHISHING,True,48392, PHISHING,
2026-09-18T11:05:43.947575,Mistral-7B,SLM,7B,ollama,28,polly posey pollyetmapt girl resist temptation go case nothing lose try httpdear...,PHISHING,phishing_detection,unspecified,2,PHISHING,True,24488, PHISHING,
2026-09-18T11:06:13.705892,Mistral-7B,SLM,7B,ollama,28,polly posey pollyetmapt girl resist temptation go case nothing lose try httpdear...,PHISHING,phishing_detection,unspecified,3,PHISHING,True,27747, PHISHING,
2026-09-18T11:07:07.942844,Mistral-7B,SLM,7B,ollama,29,unify financials update go forward cut calendar quick update major milestone uni...,LEGITIMATE,phishing_detection,unspecified,1,PHISHING,False,52326, PHISHING,
2026-09-18T11:07:24.701103,Mistral-7B,SLM,7B,ollama,29,unify financials update go forward cut calendar quick update major milestone uni...,LEGITIMATE,phishing_detection,unspecified,2,PHISHING,False,14899, PHISHING,
2026-09-18T11:07:41.343473,Mistral-7B,SLM,7B,ollama,29,unify financials update go forward cut calendar quick update major milestone uni...,LEGITIMATE,phishing_detection,unspecified,3,PHISHING,False,14838, PHISHING,
2026-09-18T11:08:14.476853,Mistral-7B,SLM,7B,ollama,30,cheapest meds find discount drugs save 70 including new softtabs viagra disolves...,PHISHING,phishing_detection,unspecified,1,PHISHING,True,31253, PHISHING,
2026-09-18T11:08:58.583991,Mistral-7B,SLM,7B,ollama,30,cheapest meds find discount drugs save 70 including new softtabs viagra disolves...,PHISHING,phishing_detection,unspecified,2,PHISHING,True,42185, PHISHING,
2026-09-18T11:09:26.646777,Mistral-7B,SLM,7B,ollama,30,cheapest meds find discount drugs save 70 including new softtabs viagra disolves...,PHISHING,phishing_detection,unspecified,3,PHISHING,True,26050, PHISHING,
2026-09-18T11:11:52.406925,Llama-3.1-8B,SLM,8B,ollama,1,endangered languages workshop foundation endangered languages pleased announce f...,LEGITIMATE,phishing_detection,unspecified,1,LEGITIMATE,True,143855,LEGITIMATE,
2026-09-18T11:12:15.145461,Llama-3.1-8B,SLM,8B,ollama,1,endangered languages workshop foundation endangered languages pleased announce f...,LEGITIMATE,phishing_detection,unspecified,2,LEGITIMATE,True,20643,LEGITIMATE,
2026-09-18T11:13:01.477055,Llama-3.1-8B,SLM,8B,ollama,1,endangered languages workshop foundation endangered languages pleased announce f...,LEGITIMATE,phishing_detection,unspecified,3,LEGITIMATE,True,44419,LEGITIMATE,
2026-09-18T11:13:59.200899,Llama-3.1-8B,SLM,8B,ollama,2,claretta claretta_bordersfusemailcom cialis wont break wallet senior fellow facu...,PHISHING,phishing_detection,unspecified,1,PHISHING,True,55683,PHISHING,
2026-09-18T11:14:28.048319,Llama-3.1-8B,SLM,8B,ollama,2,claretta claretta_bordersfusemailcom cialis wont break wallet senior fellow facu...,PHISHING,phishing_detection,unspecified,2,PHISHING,True,26768,PHISHING,
2026-09-18T11:14:57.544567,Llama-3.1-8B,SLM,8B,ollama,2,claretta claretta_bordersfusemailcom cialis wont break wallet senior fellow facu...,PHISHING,phishing_detection,unspecified,3,PHISHING,True,27520,PHISHING,
2026-09-18T11:15:54.622228,Llama-3.1-8B,SLM,8B,ollama,3,roger upole schkeramsncom kyle rickey wrote im trying get file version executabl...,LEGITIMATE,phishing_detection,unspecified,1,PHISHING,False,55238,PHISHING,
2026-09-18T11:16:34.739064,Llama-3.1-8B,SLM,8B,ollama,3,roger upole schkeramsncom kyle rickey wrote im trying get file version executabl...,LEGITIMATE,phishing_detection,unspecified,2,PHISHING,False,38252,PHISHING,
2026-09-18T11:17:08.444695,Llama-3.1-8B,SLM,8B,ollama,3,roger upole schkeramsncom kyle rickey wrote im trying get file version executabl...,LEGITIMATE,phishing_detection,unspecified,3,PHISHING,False,31671,PHISHING,
2026-09-18T11:18:05.585833,Llama-3.1-8B,SLM,8B,ollama,4,barclays customer service testlightworldcojp dear barclays customer josemonkeyor...,PHISHING,phishing_detection,unspecified,1,PHISHING,True,55284,PHISHING,
2026-09-18T11:18:38.208199,Llama-3.1-8B,SLM,8B,ollama,4,barclays customer service testlightworldcojp dear barclays customer josemonkeyor...,PHISHING,phishing_detection,unspecified,2,PHISHING,True,30731,PHISHING,
2026-09-18T11:19:09.319408,Llama-3.1-8B,SLM,8B,ollama,4,barclays customer service testlightworldcojp dear barclays customer josemonkeyor...,PHISHING,phishing_detection,unspecified,3,PHISHING,True,29193,PHISHING,
2026-09-18T11:20:00.451432,Llama-3.1-8B,SLM,8B,ollama,5,gmm 09 nov 2001 please find attached global markets monitor week ending 9 novemb...,LEGITIMATE,phishing_detection,unspecified,1,PHISHING,False,49178,PHISHING,
2026-09-18T11:20:33.050120,Llama-3.1-8B,SLM,8B,ollama,5,gmm 09 nov 2001 please find attached global markets monitor week ending 9 novemb...,LEGITIMATE,phishing_detection,unspecified,2,PHISHING,False,30706,PHISHING,
2026-09-18T11:21:05.179005,Llama-3.1-8B,SLM,8B,ollama,5,gmm 09 nov 2001 please find attached global markets monitor week ending 9 novemb...,LEGITIMATE,phishing_detection,unspecified,3,PHISHING,False,29936,PHISHING,
2026-09-18T11:22:04.150549,Llama-3.1-8B,SLM,8B,ollama,6,craig r hughes craighughesfamilyorg daniel quinlan wrote dq release itd great so...,LEGITIMATE,phishing_detection,unspecified,1,PHISHING,False,57124,PHISHING,
2026-09-18T11:22:35.253416,Llama-3.1-8B,SLM,8B,ollama,6,craig r hughes craighughesfamilyorg daniel quinlan wrote dq release itd great so...,LEGITIMATE,phishing_detection,unspecified,2,PHISHING,False,29259,PHISHING,
2026-09-18T11:23:06.820362,Llama-3.1-8B,SLM,8B,ollama,6,craig r hughes craighughesfamilyorg daniel quinlan wrote dq release itd great so...,LEGITIMATE,phishing_detection,unspecified,3,PHISHING,False,29703,PHISHING,
2026-09-18T11:24:08.017699,Llama-3.1-8B,SLM,8B,ollama,7,david wolever aywfqwrcstorontoedu 21apr08 1244 pm iybzpoboxcom wrote david sort ...,LEGITIMATE,phishing_detection,unspecified,1,PHISHING,False,59272,PHISHING,
2026-09-18T11:24:40.272481,Llama-3.1-8B,SLM,8B,ollama,7,david wolever aywfqwrcstorontoedu 21apr08 1244 pm iybzpoboxcom wrote david sort ...,LEGITIMATE,phishing_detection,unspecified,2,PHISHING,False,30360,PHISHING,
2026-09-18T11:25:14.531021,Llama-3.1-8B,SLM,8B,ollama,7,david wolever aywfqwrcstorontoedu 21apr08 1244 pm iybzpoboxcom wrote david sort ...,LEGITIMATE,phishing_detection,unspecified,3,PHISHING,False,32396,PHISHING,
2026-09-18T11:34:45.547597,Llama-3.1-8B,SLM,8B,ollama,8,christoph cordes uiaregiclamavnet clamav database updated 11 feb 2008 0631 0000 ...,LEGITIMATE,phishing_detection,unspecified,1,LEGITIMATE,True,569204,LEGITIMATE,
2026-09-18T11:36:02.139677,Llama-3.1-8B,SLM,8B,ollama,8,christoph cordes uiaregiclamavnet clamav database updated 11 feb 2008 0631 0000 ...,LEGITIMATE,phishing_detection,unspecified,2,LEGITIMATE,True,74694,LEGITIMATE,
2026-09-18T11:36:41.952223,Llama-3.1-8B,SLM,8B,ollama,8,christoph cordes uiaregiclamavnet clamav database updated 11 feb 2008 0631 0000 ...,LEGITIMATE,phishing_detection,unspecified,3,LEGITIMATE,True,37966,LEGITIMATE,
2026-09-18T11:39:06.541039,Llama-3.1-8B,SLM,8B,ollama,9,nan maraichers cote divoire 11 bp 71 abidjan 11 telefax 225 21 28 04 23 telephon...,PHISHING,phishing_detection,unspecified,1,PHISHING,True,142738,PHISHING,
2026-09-18T11:40:09.446241,Llama-3.1-8B,SLM,8B,ollama,9,nan maraichers cote divoire 11 bp 71 abidjan 11 telefax 225 21 28 04 23 telephon...,PHISHING,phishing_detection,unspecified,2,PHISHING,True,60981,PHISHING,
2026-09-18T11:40:52.546371,Llama-3.1-8B,SLM,8B,ollama,9,nan maraichers cote divoire 11 bp 71 abidjan 11 telefax 225 21 28 04 23 telephon...,PHISHING,phishing_detection,unspecified,3,PHISHING,True,41395,PHISHING,
2026-09-18T11:42:02.589422,Llama-3.1-8B,SLM,8B,ollama,10,natural enlargement male enhancement performance system 90 males interested impr...,PHISHING,phishing_detection,unspecified,1,PHISHING,True,67913,PHISHING,
2026-09-18T11:55:55.588164,Llama-3.1-8B,SLM,8B,ollama,10,natural enlargement male enhancement performance system 90 males interested impr...,PHISHING,phishing_detection,unspecified,2,PHISHING,True,91468,PHISHING,
2026-09-18T11:56:19.157058,Llama-3.1-8B,SLM,8B,ollama,10,natural enlargement male enhancement performance system 90 males interested impr...,PHISHING,phishing_detection,unspecified,3,PHISHING,True,21645,PHISHING,
2026-09-18T11:56:53.939569,Llama-3.1-8B,SLM,8B,ollama,11,dwight knapp akstcabancamnsdgsabancacom interesting pill options httpimaloneeasp...,PHISHING,phishing_detection,unspecified,1,PHISHING,True,32811,PHISHING,
2026-09-18T11:57:24.695342,Llama-3.1-8B,SLM,8B,ollama,11,dwight knapp akstcabancamnsdgsabancacom interesting pill options httpimaloneeasp...,PHISHING,phishing_detection,unspecified,2,PHISHING,True,28731,PHISHING,
2026-09-18T11:57:52.692952,Llama-3.1-8B,SLM,8B,ollama,11,dwight knapp akstcabancamnsdgsabancacom interesting pill options httpimaloneeasp...,PHISHING,phishing_detection,unspecified,3,PHISHING,True,26044,PHISHING,
2026-09-18T11:58:33.615991,Llama-3.1-8B,SLM,8B,ollama,12,david stembridge xlicqgreenpeasus free branded version available could find 25 v...,LEGITIMATE,phishing_detection,unspecified,1,PHISHING,False,38977,PHISHING,
2026-09-18T11:59:12.793268,Llama-3.1-8B,SLM,8B,ollama,12,david stembridge xlicqgreenpeasus free branded version available could find 25 v...,LEGITIMATE,phishing_detection,unspecified,2,PHISHING,False,37128,PHISHING,
2026-09-18T12:00:01.872467,Llama-3.1-8B,SLM,8B,ollama,12,david stembridge xlicqgreenpeasus free branded version available could find 25 v...,LEGITIMATE,phishing_detection,unspecified,3,PHISHING,False,47177,PHISHING,
2026-09-18T12:01:46.229503,Llama-3.1-8B,SLM,8B,ollama,13,kathrin1127q33newmailru _nextpart_000_00e4_86e61e0ab5488e11 contenttype texthtml...,PHISHING,phishing_detection,unspecified,1,PHISHING,True,102512,PHISHING,
2026-09-18T12:02:21.727283,Llama-3.1-8B,SLM,8B,ollama,13,kathrin1127q33newmailru _nextpart_000_00e4_86e61e0ab5488e11 contenttype texthtml...,PHISHING,phishing_detection,unspecified,2,PHISHING,True,33628,PHISHING,
2026-09-18T12:02:58.331812,Llama-3.1-8B,SLM,8B,ollama,13,kathrin1127q33newmailru _nextpart_000_00e4_86e61e0ab5488e11 contenttype texthtml...,PHISHING,phishing_detection,unspecified,3,PHISHING,True,34637,PHISHING,
2026-09-18T12:03:48.411864,Llama-3.1-8B,SLM,8B,ollama,14,new product showcase seemsg_6466085flashmailcom brandnew version 70 released ast...,PHISHING,phishing_detection,unspecified,1,PHISHING,True,48174,PHISHING,
2026-09-18T12:04:30.137124,Llama-3.1-8B,SLM,8B,ollama,14,new product showcase seemsg_6466085flashmailcom brandnew version 70 released ast...,PHISHING,phishing_detection,unspecified,2,PHISHING,True,39781,PHISHING,
2026-09-18T12:05:19.617249,Llama-3.1-8B,SLM,8B,ollama,14,new product showcase seemsg_6466085flashmailcom brandnew version 70 released ast...,PHISHING,phishing_detection,unspecified,3,PHISHING,True,46489,PHISHING,
2026-09-18T12:06:02.680252,Llama-3.1-8B,SLM,8B,ollama,15,terry kraft intelligibilityr838jishimvcom love answer please repeat question htt...,PHISHING,phishing_detection,unspecified,1,PHISHING,True,41206,PHISHING,
2026-09-18T12:06:40.936429,Llama-3.1-8B,SLM,8B,ollama,15,terry kraft intelligibilityr838jishimvcom love answer please repeat question htt...,PHISHING,phishing_detection,unspecified,2,PHISHING,True,35912,PHISHING,
2026-09-18T12:10:33.453295,Llama-3.1-8B,SLM,8B,ollama,15,terry kraft intelligibilityr838jishimvcom love answer please repeat question htt...,PHISHING,phishing_detection,unspecified,3,PHISHING,True,230517,PHISHING,
2026-09-18T12:11:47.838557,Llama-3.1-8B,SLM,8B,ollama,16,unsolicited update louise although nothing going particularly well west power or...,LEGITIMATE,phishing_detection,unspecified,1,PHISHING,False,72386,PHISHING,
2026-09-18T12:12:28.901519,Llama-3.1-8B,SLM,8B,ollama,16,unsolicited update louise although nothing going particularly well west power or...,LEGITIMATE,phishing_detection,unspecified,2,PHISHING,False,39310,PHISHING,
2026-09-18T12:13:27.845348,Llama-3.1-8B,SLM,8B,ollama,16,unsolicited update louise although nothing going particularly well west power or...,LEGITIMATE,phishing_detection,unspecified,3,PHISHING,False,57048,PHISHING,
2026-09-18T12:14:21.149724,Llama-3.1-8B,SLM,8B,ollama,17,lara kay inninterbncpacom want make love everywhere ask us casanova style life e...,PHISHING,phishing_detection,unspecified,1,PHISHING,True,51423,PHISHING,
2026-09-18T12:15:19.523274,Llama-3.1-8B,SLM,8B,ollama,17,lara kay inninterbncpacom want make love everywhere ask us casanova style life e...,PHISHING,phishing_detection,unspecified,2,PHISHING,True,56493,PHISHING,
2026-09-18T12:16:00.621114,Llama-3.1-8B,SLM,8B,ollama,17,lara kay inninterbncpacom want make love everywhere ask us casanova style life e...,PHISHING,phishing_detection,unspecified,3,PHISHING,True,39140,PHISHING,
2026-09-18T12:17:13.820408,Llama-3.1-8B,SLM,8B,ollama,18,john kane jrkrideauyahooca need merge sum separate operation think may rename co...,LEGITIMATE,phishing_detection,unspecified,1,PHISHING,False,71348,PHISHING,
2026-09-18T12:17:56.311803,Llama-3.1-8B,SLM,8B,ollama,18,john kane jrkrideauyahooca need merge sum separate operation think may rename co...,LEGITIMATE,phishing_detection,unspecified,2,PHISHING,False,40657,PHISHING,
2026-09-18T12:18:49.575921,Llama-3.1-8B,SLM,8B,ollama,18,john kane jrkrideauyahooca need merge sum separate operation think may rename co...,LEGITIMATE,phishing_detection,unspecified,3,PHISHING,False,49048,PHISHING,
2026-09-18T12:19:40.587199,Llama-3.1-8B,SLM,8B,ollama,19,anton heath antonpakizscrcz find effective proven way natural male enhancement e...,PHISHING,phishing_detection,unspecified,1,PHISHING,True,49021,PHISHING,
2026-09-18T12:20:37.458507,Llama-3.1-8B,SLM,8B,ollama,19,anton heath antonpakizscrcz find effective proven way natural male enhancement e...,PHISHING,phishing_detection,unspecified,2,PHISHING,True,54872,PHISHING,
2026-09-18T12:21:18.726395,Llama-3.1-8B,SLM,8B,ollama,19,anton heath antonpakizscrcz find effective proven way natural male enhancement e...,PHISHING,phishing_detection,unspecified,3,PHISHING,True,39286,PHISHING,
2026-09-18T12:26:02.860089,Llama-3.1-8B,SLM,8B,ollama,20,monkeyorg mailquiltessentialsbiz josemonkeyorg messages could delivered new mess...,PHISHING,phishing_detection,unspecified,1,PHISHING,True,282223,PHISHING,
2026-09-18T12:26:50.521490,Llama-3.1-8B,SLM,8B,ollama,20,monkeyorg mailquiltessentialsbiz josemonkeyorg messages could delivered new mess...,PHISHING,phishing_detection,unspecified,2,PHISHING,True,45289,PHISHING,
2026-09-18T12:28:08.942274,Llama-3.1-8B,SLM,8B,ollama,20,monkeyorg mailquiltessentialsbiz josemonkeyorg messages could delivered new mess...,PHISHING,phishing_detection,unspecified,3,PHISHING,True,76363,PHISHING,
2026-09-18T12:37:48.620340,Llama-3.1-8B,SLM,8B,ollama,21,tim roberts eqemprobocom sami islam wrote new python code import sys import trac...,LEGITIMATE,phishing_detection,unspecified,1,PHISHING,False,577506,PHISHING,
2026-09-18T12:38:38.360356,Llama-3.1-8B,SLM,8B,ollama,21,tim roberts eqemprobocom sami islam wrote new python code import sys import trac...,LEGITIMATE,phishing_detection,unspecified,2,PHISHING,False,47864,PHISHING,
2026-09-18T12:39:43.852496,Llama-3.1-8B,SLM,8B,ollama,21,tim roberts eqemprobocom sami islam wrote new python code import sys import trac...,LEGITIMATE,phishing_detection,unspecified,3,PHISHING,False,63758,PHISHING,
2026-09-18T12:40:39.762849,Llama-3.1-8B,SLM,8B,ollama,22,ready get hello viagra 1 med struggle mens erectile dysfunction like one jokes s...,PHISHING,phishing_detection,unspecified,1,PHISHING,True,54196,PHISHING,
2026-09-18T12:54:07.264159,Llama-3.1-8B,SLM,8B,ollama,22,ready get hello viagra 1 med struggle mens erectile dysfunction like one jokes s...,PHISHING,phishing_detection,unspecified,2,PHISHING,True,805436,PHISHING,
2026-09-18T12:54:55.522738,Llama-3.1-8B,SLM,8B,ollama,22,ready get hello viagra 1 med struggle mens erectile dysfunction like one jokes s...,PHISHING,phishing_detection,unspecified,3,PHISHING,True,46367,PHISHING,
2026-09-18T12:56:07.659290,Llama-3.1-8B,SLM,8B,ollama,23,love girls idn wan na see girls naked pc live real girls 18 showing naked body f...,PHISHING,phishing_detection,unspecified,1,PHISHING,True,70420,PHISHING,
2026-09-18T13:03:06.644114,Llama-3.1-8B,SLM,8B,ollama,23,love girls idn wan na see girls naked pc live real girls 18 showing naked body f...,PHISHING,phishing_detection,unspecified,2,PHISHING,True,417089,PHISHING,
2026-09-18T13:04:01.100604,Llama-3.1-8B,SLM,8B,ollama,23,love girls idn wan na see girls naked pc live real girls 18 showing naked body f...,PHISHING,phishing_detection,unspecified,3,PHISHING,True,51626,PHISHING,
2026-09-18T13:05:13.431610,Llama-3.1-8B,SLM,8B,ollama,24,voice recording dear bill please find voice recording tape pulled think good exa...,LEGITIMATE,phishing_detection,unspecified,1,PHISHING,False,68216,PHISHING,
2026-09-18T13:06:05.326835,Llama-3.1-8B,SLM,8B,ollama,24,voice recording dear bill please find voice recording tape pulled think good exa...,LEGITIMATE,phishing_detection,unspecified,2,PHISHING,False,50013,PHISHING,
2026-09-18T13:07:13.614210,Llama-3.1-8B,SLM,8B,ollama,24,voice recording dear bill please find voice recording tape pulled think good exa...,LEGITIMATE,phishing_detection,unspecified,3,PHISHING,False,66387,PHISHING,
2026-09-18T13:08:37.939489,Llama-3.1-8B,SLM,8B,ollama,25,2002 ea budget enw budget update suggestions piper richter webb met whalley satu...,LEGITIMATE,phishing_detection,unspecified,1,PHISHING,False,82320,PHISHING,
2026-09-18T13:09:45.582481,Llama-3.1-8B,SLM,8B,ollama,25,2002 ea budget enw budget update suggestions piper richter webb met whalley satu...,LEGITIMATE,phishing_detection,unspecified,2,PHISHING,False,65394,PHISHING,
2026-09-18T13:10:52.221514,Llama-3.1-8B,SLM,8B,ollama,25,2002 ea budget enw budget update suggestions piper richter webb met whalley satu...,LEGITIMATE,phishing_detection,unspecified,3,PHISHING,False,64751,PHISHING,
2026-09-18T13:11:51.674034,Llama-3.1-8B,SLM,8B,ollama,26,usaa usaaoundcoxnet ensure delivery inbox please add usaawebservicescustomermail...,PHISHING,phishing_detection,unspecified,1,PHISHING,True,57491,PHISHING,
2026-09-18T13:15:46.565383,Llama-3.1-8B,SLM,8B,ollama,26,usaa usaaoundcoxnet ensure delivery inbox please add usaawebservicescustomermail...,PHISHING,phishing_detection,unspecified,2,PHISHING,True,232938,PHISHING,
2026-09-18T13:16:56.500263,Llama-3.1-8B,SLM,8B,ollama,26,usaa usaaoundcoxnet ensure delivery inbox please add usaawebservicescustomermail...,PHISHING,phishing_detection,unspecified,3,PHISHING,True,67621,PHISHING,
2026-09-18T13:18:38.619277,Llama-3.1-8B,SLM,8B,ollama,27,call abstracts optimality syntactic theory content length 4437 call papers best ...,LEGITIMATE,phishing_detection,unspecified,1,PHISHING,False,100109,PHISHING,
2026-09-18T13:19:30.651183,Llama-3.1-8B,SLM,8B,ollama,27,call abstracts optimality syntactic theory content length 4437 call papers best ...,LEGITIMATE,phishing_detection,unspecified,2,PHISHING,False,50299,PHISHING,
2026-09-18T13:20:37.945509,Llama-3.1-8B,SLM,8B,ollama,27,call abstracts optimality syntactic theory content length 4437 call papers best ...,LEGITIMATE,phishing_detection,unspecified,3,PHISHING,False,65349,PHISHING,
2026-09-18T13:21:53.354185,Llama-3.1-8B,SLM,8B,ollama,28,polly posey pollyetmapt girl resist temptation go case nothing lose try httpdear...,PHISHING,phishing_detection,unspecified,1,PHISHING,True,73618,PHISHING,
2026-09-18T13:22:48.012668,Llama-3.1-8B,SLM,8B,ollama,28,polly posey pollyetmapt girl resist temptation go case nothing lose try httpdear...,PHISHING,phishing_detection,unspecified,2,PHISHING,True,52826,PHISHING,
2026-09-18T13:24:12.449876,Llama-3.1-8B,SLM,8B,ollama,28,polly posey pollyetmapt girl resist temptation go case nothing lose try httpdear...,PHISHING,phishing_detection,unspecified,3,PHISHING,True,82488,PHISHING,
2026-09-18T13:25:30.336506,Llama-3.1-8B,SLM,8B,ollama,29,unify financials update go forward cut calendar quick update major milestone uni...,LEGITIMATE,phishing_detection,unspecified,1,LEGITIMATE,True,76073,LEGITIMATE,
2026-09-18T13:26:30.809608,Llama-3.1-8B,SLM,8B,ollama,29,unify financials update go forward cut calendar quick update major milestone uni...,LEGITIMATE,phishing_detection,unspecified,2,LEGITIMATE,True,58601,LEGITIMATE,
2026-09-18T13:27:19.985333,Llama-3.1-8B,SLM,8B,ollama,29,unify financials update go forward cut calendar quick update major milestone uni...,LEGITIMATE,phishing_detection,unspecified,3,LEGITIMATE,True,45967,LEGITIMATE,
2026-09-18T13:28:34.822342,Llama-3.1-8B,SLM,8B,ollama,30,cheapest meds find discount drugs save 70 including new softtabs viagra disolves...,PHISHING,phishing_detection,unspecified,1,PHISHING,True,73066,PHISHING,
2026-09-18T13:30:18.496918,Llama-3.1-8B,SLM,8B,ollama,30,cheapest meds find discount drugs save 70 including new softtabs viagra disolves...,PHISHING,phishing_detection,unspecified,2,PHISHING,True,101897,PHISHING,
2026-09-18T13:31:29.913968,Llama-3.1-8B,SLM,8B,ollama,30,cheapest meds find discount drugs save 70 including new softtabs viagra disolves...,PHISHING,phishing_detection,unspecified,3,PHISHING,True,69633,PHISHING,
2026-09-18T13:31:32.455747,Llama-3.3-70B,LLM,70B,groq,1,endangered languages workshop foundation endangered languages pleased announce f...,LEGITIMATE,phishing_detection,unspecified,1,ERROR,False,0,,Error code: 404 - {'error': {'message': 'The model `llama-3.3-70b-versatile` does not exist or you do not have access to
2026-09-18T13:31:35.354920,Llama-3.3-70B,LLM,70B,groq,1,endangered languages workshop foundation endangered languages pleased announce f...,LEGITIMATE,phishing_detection,unspecified,2,ERROR,False,0,,Error code: 404 - {'error': {'message': 'The model `llama-3.3-70b-versatile` does not exist or you do not have access to
2026-09-18T13:31:38.202886,Llama-3.3-70B,LLM,70B,groq,1,endangered languages workshop foundation endangered languages pleased announce f...,LEGITIMATE,phishing_detection,unspecified,3,ERROR,False,0,,Error code: 404 - {'error': {'message': 'The model `llama-3.3-70b-versatile` does not exist or you do not have access to
2026-09-18T13:31:41.158130,Llama-3.3-70B,LLM,70B,groq,2,claretta claretta_bordersfusemailcom cialis wont break wallet senior fellow facu...,PHISHING,phishing_detection,unspecified,1,ERROR,False,0,,Error code: 404 - {'error': {'message': 'The model `llama-3.3-70b-versatile` does not exist or you do not have access to
2026-09-18T13:31:44.431214,Llama-3.3-70B,LLM,70B,groq,2,claretta claretta_bordersfusemailcom cialis wont break wallet senior fellow facu...,PHISHING,phishing_detection,unspecified,2,ERROR,False,0,,Error code: 404 - {'error': {'message': 'The model `llama-3.3-70b-versatile` does not exist or you do not have access to
2026-09-18T13:31:47.337206,Llama-3.3-70B,LLM,70B,groq,2,claretta claretta_bordersfusemailcom cialis wont break wallet senior fellow facu...,PHISHING,phishing_detection,unspecified,3,ERROR,False,0,,Error code: 404 - {'error': {'message': 'The model `llama-3.3-70b-versatile` does not exist or you do not have access to
2026-09-18T13:31:50.144210,Llama-3.3-70B,LLM,70B,groq,3,roger upole schkeramsncom kyle rickey wrote im trying get file version executabl...,LEGITIMATE,phishing_detection,unspecified,1,ERROR,False,0,,Error code: 404 - {'error': {'message': 'The model `llama-3.3-70b-versatile` does not exist or you do not have access to
2026-09-18T13:31:52.968249,Llama-3.3-70B,LLM,70B,groq,3,roger upole schkeramsncom kyle rickey wrote im trying get file version executabl...,LEGITIMATE,phishing_detection,unspecified,2,ERROR,False,0,,Error code: 404 - {'error': {'message': 'The model `llama-3.3-70b-versatile` does not exist or you do not have access to
2026-09-18T13:31:55.788779,Llama-3.3-70B,LLM,70B,groq,3,roger upole schkeramsncom kyle rickey wrote im trying get file version executabl...,LEGITIMATE,phishing_detection,unspecified,3,ERROR,False,0,,Error code: 404 - {'error': {'message': 'The model `llama-3.3-70b-versatile` does not exist or you do not have access to
2026-09-18T13:31:58.606463,Llama-3.3-70B,LLM,70B,groq,4,barclays customer service testlightworldcojp dear barclays customer josemonkeyor...,PHISHING,phishing_detection,unspecified,1,ERROR,False,0,,Error code: 404 - {'error': {'message': 'The model `llama-3.3-70b-versatile` does not exist or you do not have access to
2026-09-18T13:32:01.492628,Llama-3.3-70B,LLM,70B,groq,4,barclays customer service testlightworldcojp dear barclays customer josemonkeyor...,PHISHING,phishing_detection,unspecified,2,ERROR,False,0,,Error code: 404 - {'error': {'message': 'The model `llama-3.3-70b-versatile` does not exist or you do not have access to
2026-09-18T13:32:04.364088,Llama-3.3-70B,LLM,70B,groq,4,barclays customer service testlightworldcojp dear barclays customer josemonkeyor...,PHISHING,phishing_detection,unspecified,3,ERROR,False,0,,Error code: 404 - {'error': {'message': 'The model `llama-3.3-70b-versatile` does not exist or you do not have access to
2026-09-18T13:32:07.195131,Llama-3.3-70B,LLM,70B,groq,5,gmm 09 nov 2001 please find attached global markets monitor week ending 9 novemb...,LEGITIMATE,phishing_detection,unspecified,1,ERROR,False,0,,Error code: 404 - {'error': {'message': 'The model `llama-3.3-70b-versatile` does not exist or you do not have access to
2026-09-18T13:32:10.067277,Llama-3.3-70B,LLM,70B,groq,5,gmm 09 nov 2001 please find attached global markets monitor week ending 9 novemb...,LEGITIMATE,phishing_detection,unspecified,2,ERROR,False,0,,Error code: 404 - {'error': {'message': 'The model `llama-3.3-70b-versatile` does not exist or you do not have access to
2026-09-18T13:32:12.920250,Llama-3.3-70B,LLM,70B,groq,5,gmm 09 nov 2001 please find attached global markets monitor week ending 9 novemb...,LEGITIMATE,phishing_detection,unspecified,3,ERROR,False,0,,Error code: 404 - {'error': {'message': 'The model `llama-3.3-70b-versatile` does not exist or you do not have access to
2026-09-18T13:32:15.819142,Llama-3.3-70B,LLM,70B,groq,6,craig r hughes craighughesfamilyorg daniel quinlan wrote dq release itd great so...,LEGITIMATE,phishing_detection,unspecified,1,ERROR,False,0,,Error code: 404 - {'error': {'message': 'The model `llama-3.3-70b-versatile` does not exist or you do not have access to
2026-09-18T13:32:18.634089,Llama-3.3-70B,LLM,70B,groq,6,craig r hughes craighughesfamilyorg daniel quinlan wrote dq release itd great so...,LEGITIMATE,phishing_detection,unspecified,2,ERROR,False,0,,Error code: 404 - {'error': {'message': 'The model `llama-3.3-70b-versatile` does not exist or you do not have access to
2026-09-18T13:32:21.464178,Llama-3.3-70B,LLM,70B,groq,6,craig r hughes craighughesfamilyorg daniel quinlan wrote dq release itd great so...,LEGITIMATE,phishing_detection,unspecified,3,ERROR,False,0,,Error code: 404 - {'error': {'message': 'The model `llama-3.3-70b-versatile` does not exist or you do not have access to
2026-09-18T13:32:24.317634,Llama-3.3-70B,LLM,70B,groq,7,david wolever aywfqwrcstorontoedu 21apr08 1244 pm iybzpoboxcom wrote david sort ...,LEGITIMATE,phishing_detection,unspecified,1,ERROR,False,0,,Error code: 404 - {'error': {'message': 'The model `llama-3.3-70b-versatile` does not exist or you do not have access to
2026-09-18T13:32:27.202674,Llama-3.3-70B,LLM,70B,groq,7,david wolever aywfqwrcstorontoedu 21apr08 1244 pm iybzpoboxcom wrote david sort ...,LEGITIMATE,phishing_detection,unspecified,2,ERROR,False,0,,Error code: 404 - {'error': {'message': 'The model `llama-3.3-70b-versatile` does not exist or you do not have access to
2026-09-18T13:32:30.191587,Llama-3.3-70B,LLM,70B,groq,7,david wolever aywfqwrcstorontoedu 21apr08 1244 pm iybzpoboxcom wrote david sort ...,LEGITIMATE,phishing_detection,unspecified,3,ERROR,False,0,,Error code: 404 - {'error': {'message': 'The model `llama-3.3-70b-versatile` does not exist or you do not have access to
2026-09-18T13:32:33.002705,Llama-3.3-70B,LLM,70B,groq,8,christoph cordes uiaregiclamavnet clamav database updated 11 feb 2008 0631 0000 ...,LEGITIMATE,phishing_detection,unspecified,1,ERROR,False,0,,Error code: 404 - {'error': {'message': 'The model `llama-3.3-70b-versatile` does not exist or you do not have access to
2026-09-18T13:32:35.864950,Llama-3.3-70B,LLM,70B,groq,8,christoph cordes uiaregiclamavnet clamav database updated 11 feb 2008 0631 0000 ...,LEGITIMATE,phishing_detection,unspecified,2,ERROR,False,0,,Error code: 404 - {'error': {'message': 'The model `llama-3.3-70b-versatile` does not exist or you do not have access to
2026-09-18T13:32:38.706976,Llama-3.3-70B,LLM,70B,groq,8,christoph cordes uiaregiclamavnet clamav database updated 11 feb 2008 0631 0000 ...,LEGITIMATE,phishing_detection,unspecified,3,ERROR,False,0,,Error code: 404 - {'error': {'message': 'The model `llama-3.3-70b-versatile` does not exist or you do not have access to
2026-09-18T13:32:41.537693,Llama-3.3-70B,LLM,70B,groq,9,nan maraichers cote divoire 11 bp 71 abidjan 11 telefax 225 21 28 04 23 telephon...,PHISHING,phishing_detection,unspecified,1,ERROR,False,0,,Error code: 404 - {'error': {'message': 'The model `llama-3.3-70b-versatile` does not exist or you do not have access to
2026-09-18T13:32:44.424662,Llama-3.3-70B,LLM,70B,groq,9,nan maraichers cote divoire 11 bp 71 abidjan 11 telefax 225 21 28 04 23 telephon...,PHISHING,phishing_detection,unspecified,2,ERROR,False,0,,Error code: 404 - {'error': {'message': 'The model `llama-3.3-70b-versatile` does not exist or you do not have access to
2026-09-18T13:32:47.236732,Llama-3.3-70B,LLM,70B,groq,9,nan maraichers cote divoire 11 bp 71 abidjan 11 telefax 225 21 28 04 23 telephon...,PHISHING,phishing_detection,unspecified,3,ERROR,False,0,,Error code: 404 - {'error': {'message': 'The model `llama-3.3-70b-versatile` does not exist or you do not have access to
2026-09-18T13:34:59.019861,Llama-3.3-70B,LLM,70B,groq,10,natural enlargement male enhancement performance system 90 males interested impr...,PHISHING,phishing_detection,unspecified,1,ERROR,False,0,,Error code: 404 - {'error': {'message': 'The model `llama-3.3-70b-versatile` does not exist or you do not have access to
2026-09-18T13:35:02.241078,Llama-3.3-70B,LLM,70B,groq,10,natural enlargement male enhancement performance system 90 males interested impr...,PHISHING,phishing_detection,unspecified,2,ERROR,False,0,,Error code: 404 - {'error': {'message': 'The model `llama-3.3-70b-versatile` does not exist or you do not have access to
2026-09-18T13:35:05.071826,Llama-3.3-70B,LLM,70B,groq,10,natural enlargement male enhancement performance system 90 males interested impr...,PHISHING,phishing_detection,unspecified,3,ERROR,False,0,,Error code: 404 - {'error': {'message': 'The model `llama-3.3-70b-versatile` does not exist or you do not have access to
2026-09-18T13:35:08.092231,Llama-3.3-70B,LLM,70B,groq,11,dwight knapp akstcabancamnsdgsabancacom interesting pill options httpimaloneeasp...,PHISHING,phishing_detection,unspecified,1,ERROR,False,0,,Error code: 404 - {'error': {'message': 'The model `llama-3.3-70b-versatile` does not exist or you do not have access to
2026-09-18T13:35:11.118970,Llama-3.3-70B,LLM,70B,groq,11,dwight knapp akstcabancamnsdgsabancacom interesting pill options httpimaloneeasp...,PHISHING,phishing_detection,unspecified,2,ERROR,False,0,,Error code: 404 - {'error': {'message': 'The model `llama-3.3-70b-versatile` does not exist or you do not have access to
2026-09-18T13:35:13.948235,Llama-3.3-70B,LLM,70B,groq,11,dwight knapp akstcabancamnsdgsabancacom interesting pill options httpimaloneeasp...,PHISHING,phishing_detection,unspecified,3,ERROR,False,0,,Error code: 404 - {'error': {'message': 'The model `llama-3.3-70b-versatile` does not exist or you do not have access to
2026-09-18T13:35:16.828286,Llama-3.3-70B,LLM,70B,groq,12,david stembridge xlicqgreenpeasus free branded version available could find 25 v...,LEGITIMATE,phishing_detection,unspecified,1,ERROR,False,0,,Error code: 404 - {'error': {'message': 'The model `llama-3.3-70b-versatile` does not exist or you do not have access to
2026-09-18T13:35:19.752409,Llama-3.3-70B,LLM,70B,groq,12,david stembridge xlicqgreenpeasus free branded version available could find 25 v...,LEGITIMATE,phishing_detection,unspecified,2,ERROR,False,0,,Error code: 404 - {'error': {'message': 'The model `llama-3.3-70b-versatile` does not exist or you do not have access to
2026-09-18T13:35:22.652933,Llama-3.3-70B,LLM,70B,groq,12,david stembridge xlicqgreenpeasus free branded version available could find 25 v...,LEGITIMATE,phishing_detection,unspecified,3,ERROR,False,0,,Error code: 404 - {'error': {'message': 'The model `llama-3.3-70b-versatile` does not exist or you do not have access to
2026-09-18T13:35:25.614626,Llama-3.3-70B,LLM,70B,groq,13,kathrin1127q33newmailru _nextpart_000_00e4_86e61e0ab5488e11 contenttype texthtml...,PHISHING,phishing_detection,unspecified,1,ERROR,False,0,,Error code: 404 - {'error': {'message': 'The model `llama-3.3-70b-versatile` does not exist or you do not have access to
2026-09-18T13:35:28.491125,Llama-3.3-70B,LLM,70B,groq,13,kathrin1127q33newmailru _nextpart_000_00e4_86e61e0ab5488e11 contenttype texthtml...,PHISHING,phishing_detection,unspecified,2,ERROR,False,0,,Error code: 404 - {'error': {'message': 'The model `llama-3.3-70b-versatile` does not exist or you do not have access to
2026-09-18T13:35:32.342727,Llama-3.3-70B,LLM,70B,groq,13,kathrin1127q33newmailru _nextpart_000_00e4_86e61e0ab5488e11 contenttype texthtml...,PHISHING,phishing_detection,unspecified,3,ERROR,False,0,,Error code: 404 - {'error': {'message': 'The model `llama-3.3-70b-versatile` does not exist or you do not have access to
2026-09-18T13:35:35.231031,Llama-3.3-70B,LLM,70B,groq,14,new product showcase seemsg_6466085flashmailcom brandnew version 70 released ast...,PHISHING,phishing_detection,unspecified,1,ERROR,False,0,,Error code: 404 - {'error': {'message': 'The model `llama-3.3-70b-versatile` does not exist or you do not have access to
2026-09-18T13:35:38.412832,Llama-3.3-70B,LLM,70B,groq,14,new product showcase seemsg_6466085flashmailcom brandnew version 70 released ast...,PHISHING,phishing_detection,unspecified,2,ERROR,False,0,,Error code: 404 - {'error': {'message': 'The model `llama-3.3-70b-versatile` does not exist or you do not have access to
2026-09-18T13:35:41.561998,Llama-3.3-70B,LLM,70B,groq,14,new product showcase seemsg_6466085flashmailcom brandnew version 70 released ast...,PHISHING,phishing_detection,unspecified,3,ERROR,False,0,,Error code: 404 - {'error': {'message': 'The model `llama-3.3-70b-versatile` does not exist or you do not have access to
2026-09-18T13:35:44.502676,Llama-3.3-70B,LLM,70B,groq,15,terry kraft intelligibilityr838jishimvcom love answer please repeat question htt...,PHISHING,phishing_detection,unspecified,1,ERROR,False,0,,Error code: 404 - {'error': {'message': 'The model `llama-3.3-70b-versatile` does not exist or you do not have access to
2026-09-18T13:35:47.447017,Llama-3.3-70B,LLM,70B,groq,15,terry kraft intelligibilityr838jishimvcom love answer please repeat question htt...,PHISHING,phishing_detection,unspecified,2,ERROR,False,0,,Error code: 404 - {'error': {'message': 'The model `llama-3.3-70b-versatile` does not exist or you do not have access to
2026-09-18T13:35:50.354919,Llama-3.3-70B,LLM,70B,groq,15,terry kraft intelligibilityr838jishimvcom love answer please repeat question htt...,PHISHING,phishing_detection,unspecified,3,ERROR,False,0,,Error code: 404 - {'error': {'message': 'The model `llama-3.3-70b-versatile` does not exist or you do not have access to
2026-09-18T13:35:53.263983,Llama-3.3-70B,LLM,70B,groq,16,unsolicited update louise although nothing going particularly well west power or...,LEGITIMATE,phishing_detection,unspecified,1,ERROR,False,0,,Error code: 404 - {'error': {'message': 'The model `llama-3.3-70b-versatile` does not exist or you do not have access to
2026-09-18T13:35:56.211793,Llama-3.3-70B,LLM,70B,groq,16,unsolicited update louise although nothing going particularly well west power or...,LEGITIMATE,phishing_detection,unspecified,2,ERROR,False,0,,Error code: 404 - {'error': {'message': 'The model `llama-3.3-70b-versatile` does not exist or you do not have access to
2026-09-18T13:35:59.050634,Llama-3.3-70B,LLM,70B,groq,16,unsolicited update louise although nothing going particularly well west power or...,LEGITIMATE,phishing_detection,unspecified,3,ERROR,False,0,,Error code: 404 - {'error': {'message': 'The model `llama-3.3-70b-versatile` does not exist or you do not have access to
2026-09-18T13:36:01.942762,Llama-3.3-70B,LLM,70B,groq,17,lara kay inninterbncpacom want make love everywhere ask us casanova style life e...,PHISHING,phishing_detection,unspecified,1,ERROR,False,0,,Error code: 404 - {'error': {'message': 'The model `llama-3.3-70b-versatile` does not exist or you do not have access to
2026-09-18T13:36:04.796501,Llama-3.3-70B,LLM,70B,groq,17,lara kay inninterbncpacom want make love everywhere ask us casanova style life e...,PHISHING,phishing_detection,unspecified,2,ERROR,False,0,,Error code: 404 - {'error': {'message': 'The model `llama-3.3-70b-versatile` does not exist or you do not have access to
2026-09-18T13:36:07.744740,Llama-3.3-70B,LLM,70B,groq,17,lara kay inninterbncpacom want make love everywhere ask us casanova style life e...,PHISHING,phishing_detection,unspecified,3,ERROR,False,0,,Error code: 404 - {'error': {'message': 'The model `llama-3.3-70b-versatile` does not exist or you do not have access to
2026-09-18T13:36:10.633938,Llama-3.3-70B,LLM,70B,groq,18,john kane jrkrideauyahooca need merge sum separate operation think may rename co...,LEGITIMATE,phishing_detection,unspecified,1,ERROR,False,0,,Error code: 404 - {'error': {'message': 'The model `llama-3.3-70b-versatile` does not exist or you do not have access to
2026-09-18T13:36:13.483576,Llama-3.3-70B,LLM,70B,groq,18,john kane jrkrideauyahooca need merge sum separate operation think may rename co...,LEGITIMATE,phishing_detection,unspecified,2,ERROR,False,0,,Error code: 404 - {'error': {'message': 'The model `llama-3.3-70b-versatile` does not exist or you do not have access to
2026-09-18T13:36:16.447478,Llama-3.3-70B,LLM,70B,groq,18,john kane jrkrideauyahooca need merge sum separate operation think may rename co...,LEGITIMATE,phishing_detection,unspecified,3,ERROR,False,0,,Error code: 404 - {'error': {'message': 'The model `llama-3.3-70b-versatile` does not exist or you do not have access to
2026-09-18T13:36:19.508514,Llama-3.3-70B,LLM,70B,groq,19,anton heath antonpakizscrcz find effective proven way natural male enhancement e...,PHISHING,phishing_detection,unspecified,1,ERROR,False,0,,Error code: 404 - {'error': {'message': 'The model `llama-3.3-70b-versatile` does not exist or you do not have access to
2026-09-18T13:36:22.385896,Llama-3.3-70B,LLM,70B,groq,19,anton heath antonpakizscrcz find effective proven way natural male enhancement e...,PHISHING,phishing_detection,unspecified,2,ERROR,False,0,,Error code: 404 - {'error': {'message': 'The model `llama-3.3-70b-versatile` does not exist or you do not have access to
2026-09-18T13:36:25.347216,Llama-3.3-70B,LLM,70B,groq,19,anton heath antonpakizscrcz find effective proven way natural male enhancement e...,PHISHING,phishing_detection,unspecified,3,ERROR,False,0,,Error code: 404 - {'error': {'message': 'The model `llama-3.3-70b-versatile` does not exist or you do not have access to
2026-09-18T13:36:28.153175,Llama-3.3-70B,LLM,70B,groq,20,monkeyorg mailquiltessentialsbiz josemonkeyorg messages could delivered new mess...,PHISHING,phishing_detection,unspecified,1,ERROR,False,0,,Error code: 404 - {'error': {'message': 'The model `llama-3.3-70b-versatile` does not exist or you do not have access to
2026-09-18T13:36:31.106032,Llama-3.3-70B,LLM,70B,groq,20,monkeyorg mailquiltessentialsbiz josemonkeyorg messages could delivered new mess...,PHISHING,phishing_detection,unspecified,2,ERROR,False,0,,Error code: 404 - {'error': {'message': 'The model `llama-3.3-70b-versatile` does not exist or you do not have access to
2026-09-18T13:36:33.949788,Llama-3.3-70B,LLM,70B,groq,20,monkeyorg mailquiltessentialsbiz josemonkeyorg messages could delivered new mess...,PHISHING,phishing_detection,unspecified,3,ERROR,False,0,,Error code: 404 - {'error': {'message': 'The model `llama-3.3-70b-versatile` does not exist or you do not have access to
2026-09-18T13:36:36.858630,Llama-3.3-70B,LLM,70B,groq,21,tim roberts eqemprobocom sami islam wrote new python code import sys import trac...,LEGITIMATE,phishing_detection,unspecified,1,ERROR,False,0,,Error code: 404 - {'error': {'message': 'The model `llama-3.3-70b-versatile` does not exist or you do not have access to
2026-09-18T13:36:39.785130,Llama-3.3-70B,LLM,70B,groq,21,tim roberts eqemprobocom sami islam wrote new python code import sys import trac...,LEGITIMATE,phishing_detection,unspecified,2,ERROR,False,0,,Error code: 404 - {'error': {'message': 'The model `llama-3.3-70b-versatile` does not exist or you do not have access to
2026-09-18T13:36:42.663291,Llama-3.3-70B,LLM,70B,groq,21,tim roberts eqemprobocom sami islam wrote new python code import sys import trac...,LEGITIMATE,phishing_detection,unspecified,3,ERROR,False,0,,Error code: 404 - {'error': {'message': 'The model `llama-3.3-70b-versatile` does not exist or you do not have access to
2026-09-18T13:36:45.545603,Llama-3.3-70B,LLM,70B,groq,22,ready get hello viagra 1 med struggle mens erectile dysfunction like one jokes s...,PHISHING,phishing_detection,unspecified,1,ERROR,False,0,,Error code: 404 - {'error': {'message': 'The model `llama-3.3-70b-versatile` does not exist or you do not have access to
2026-09-18T13:36:48.493419,Llama-3.3-70B,LLM,70B,groq,22,ready get hello viagra 1 med struggle mens erectile dysfunction like one jokes s...,PHISHING,phishing_detection,unspecified,2,ERROR,False,0,,Error code: 404 - {'error': {'message': 'The model `llama-3.3-70b-versatile` does not exist or you do not have access to
2026-09-18T13:36:51.369114,Llama-3.3-70B,LLM,70B,groq,22,ready get hello viagra 1 med struggle mens erectile dysfunction like one jokes s...,PHISHING,phishing_detection,unspecified,3,ERROR,False,0,,Error code: 404 - {'error': {'message': 'The model `llama-3.3-70b-versatile` does not exist or you do not have access to
2026-09-18T13:36:54.231033,Llama-3.3-70B,LLM,70B,groq,23,love girls idn wan na see girls naked pc live real girls 18 showing naked body f...,PHISHING,phishing_detection,unspecified,1,ERROR,False,0,,Error code: 404 - {'error': {'message': 'The model `llama-3.3-70b-versatile` does not exist or you do not have access to
2026-09-18T13:36:57.074908,Llama-3.3-70B,LLM,70B,groq,23,love girls idn wan na see girls naked pc live real girls 18 showing naked body f...,PHISHING,phishing_detection,unspecified,2,ERROR,False,0,,Error code: 404 - {'error': {'message': 'The model `llama-3.3-70b-versatile` does not exist or you do not have access to
2026-09-18T13:36:59.928736,Llama-3.3-70B,LLM,70B,groq,23,love girls idn wan na see girls naked pc live real girls 18 showing naked body f...,PHISHING,phishing_detection,unspecified,3,ERROR,False,0,,Error code: 404 - {'error': {'message': 'The model `llama-3.3-70b-versatile` does not exist or you do not have access to
2026-09-18T13:37:02.736590,Llama-3.3-70B,LLM,70B,groq,24,voice recording dear bill please find voice recording tape pulled think good exa...,LEGITIMATE,phishing_detection,unspecified,1,ERROR,False,0,,Error code: 404 - {'error': {'message': 'The model `llama-3.3-70b-versatile` does not exist or you do not have access to
2026-09-18T13:37:05.692845,Llama-3.3-70B,LLM,70B,groq,24,voice recording dear bill please find voice recording tape pulled think good exa...,LEGITIMATE,phishing_detection,unspecified,2,ERROR,False,0,,Error code: 404 - {'error': {'message': 'The model `llama-3.3-70b-versatile` does not exist or you do not have access to
2026-09-18T13:37:08.596143,Llama-3.3-70B,LLM,70B,groq,24,voice recording dear bill please find voice recording tape pulled think good exa...,LEGITIMATE,phishing_detection,unspecified,3,ERROR,False,0,,Error code: 404 - {'error': {'message': 'The model `llama-3.3-70b-versatile` does not exist or you do not have access to
2026-09-18T13:37:11.549980,Llama-3.3-70B,LLM,70B,groq,25,2002 ea budget enw budget update suggestions piper richter webb met whalley satu...,LEGITIMATE,phishing_detection,unspecified,1,ERROR,False,0,,Error code: 404 - {'error': {'message': 'The model `llama-3.3-70b-versatile` does not exist or you do not have access to
2026-09-18T13:37:14.438939,Llama-3.3-70B,LLM,70B,groq,25,2002 ea budget enw budget update suggestions piper richter webb met whalley satu...,LEGITIMATE,phishing_detection,unspecified,2,ERROR,False,0,,Error code: 404 - {'error': {'message': 'The model `llama-3.3-70b-versatile` does not exist or you do not have access to
2026-09-18T13:37:17.347042,Llama-3.3-70B,LLM,70B,groq,25,2002 ea budget enw budget update suggestions piper richter webb met whalley satu...,LEGITIMATE,phishing_detection,unspecified,3,ERROR,False,0,,Error code: 404 - {'error': {'message': 'The model `llama-3.3-70b-versatile` does not exist or you do not have access to
2026-09-18T13:37:20.134325,Llama-3.3-70B,LLM,70B,groq,26,usaa usaaoundcoxnet ensure delivery inbox please add usaawebservicescustomermail...,PHISHING,phishing_detection,unspecified,1,ERROR,False,0,,Error code: 404 - {'error': {'message': 'The model `llama-3.3-70b-versatile` does not exist or you do not have access to
2026-09-18T13:37:22.944982,Llama-3.3-70B,LLM,70B,groq,26,usaa usaaoundcoxnet ensure delivery inbox please add usaawebservicescustomermail...,PHISHING,phishing_detection,unspecified,2,ERROR,False,0,,Error code: 404 - {'error': {'message': 'The model `llama-3.3-70b-versatile` does not exist or you do not have access to
2026-09-18T13:37:25.781079,Llama-3.3-70B,LLM,70B,groq,26,usaa usaaoundcoxnet ensure delivery inbox please add usaawebservicescustomermail...,PHISHING,phishing_detection,unspecified,3,ERROR,False,0,,Error code: 404 - {'error': {'message': 'The model `llama-3.3-70b-versatile` does not exist or you do not have access to
2026-09-18T13:37:28.738349,Llama-3.3-70B,LLM,70B,groq,27,call abstracts optimality syntactic theory content length 4437 call papers best ...,LEGITIMATE,phishing_detection,unspecified,1,ERROR,False,0,,Error code: 404 - {'error': {'message': 'The model `llama-3.3-70b-versatile` does not exist or you do not have access to
2026-09-18T13:37:31.788725,Llama-3.3-70B,LLM,70B,groq,27,call abstracts optimality syntactic theory content length 4437 call papers best ...,LEGITIMATE,phishing_detection,unspecified,2,ERROR,False,0,,Error code: 404 - {'error': {'message': 'The model `llama-3.3-70b-versatile` does not exist or you do not have access to
2026-09-18T13:37:34.675358,Llama-3.3-70B,LLM,70B,groq,27,call abstracts optimality syntactic theory content length 4437 call papers best ...,LEGITIMATE,phishing_detection,unspecified,3,ERROR,False,0,,Error code: 404 - {'error': {'message': 'The model `llama-3.3-70b-versatile` does not exist or you do not have access to
2026-09-18T13:37:37.511451,Llama-3.3-70B,LLM,70B,groq,28,polly posey pollyetmapt girl resist temptation go case nothing lose try httpdear...,PHISHING,phishing_detection,unspecified,1,ERROR,False,0,,Error code: 404 - {'error': {'message': 'The model `llama-3.3-70b-versatile` does not exist or you do not have access to
2026-09-18T13:37:40.426979,Llama-3.3-70B,LLM,70B,groq,28,polly posey pollyetmapt girl resist temptation go case nothing lose try httpdear...,PHISHING,phishing_detection,unspecified,2,ERROR,False,0,,Error code: 404 - {'error': {'message': 'The model `llama-3.3-70b-versatile` does not exist or you do not have access to
2026-09-18T13:37:43.330157,Llama-3.3-70B,LLM,70B,groq,28,polly posey pollyetmapt girl resist temptation go case nothing lose try httpdear...,PHISHING,phishing_detection,unspecified,3,ERROR,False,0,,Error code: 404 - {'error': {'message': 'The model `llama-3.3-70b-versatile` does not exist or you do not have access to
2026-09-18T13:37:46.191977,Llama-3.3-70B,LLM,70B,groq,29,unify financials update go forward cut calendar quick update major milestone uni...,LEGITIMATE,phishing_detection,unspecified,1,ERROR,False,0,,Error code: 404 - {'error': {'message': 'The model `llama-3.3-70b-versatile` does not exist or you do not have access to
2026-09-18T13:37:49.075254,Llama-3.3-70B,LLM,70B,groq,29,unify financials update go forward cut calendar quick update major milestone uni...,LEGITIMATE,phishing_detection,unspecified,2,ERROR,False,0,,Error code: 404 - {'error': {'message': 'The model `llama-3.3-70b-versatile` does not exist or you do not have access to
2026-09-18T13:37:51.904507,Llama-3.3-70B,LLM,70B,groq,29,unify financials update go forward cut calendar quick update major milestone uni...,LEGITIMATE,phishing_detection,unspecified,3,ERROR,False,0,,Error code: 404 - {'error': {'message': 'The model `llama-3.3-70b-versatile` does not exist or you do not have access to
2026-09-18T13:37:54.892512,Llama-3.3-70B,LLM,70B,groq,30,cheapest meds find discount drugs save 70 including new softtabs viagra disolves...,PHISHING,phishing_detection,unspecified,1,ERROR,False,0,,Error code: 404 - {'error': {'message': 'The model `llama-3.3-70b-versatile` does not exist or you do not have access to
2026-09-18T13:37:57.803966,Llama-3.3-70B,LLM,70B,groq,30,cheapest meds find discount drugs save 70 including new softtabs viagra disolves...,PHISHING,phishing_detection,unspecified,2,ERROR,False,0,,Error code: 404 - {'error': {'message': 'The model `llama-3.3-70b-versatile` does not exist or you do not have access to
2026-09-18T13:38:00.974518,Llama-3.3-70B,LLM,70B,groq,30,cheapest meds find discount drugs save 70 including new softtabs viagra disolves...,PHISHING,phishing_detection,unspecified,3,ERROR,False,0,,Error code: 404 - {'error': {'message': 'The model `llama-3.3-70b-versatile` does not exist or you do not have access to
2026-09-20T16:31:11.745984,GPT-OSS-120B,LLM,70B,groq,1,endangered languages workshop foundation endangered languages pleased announce f...,LEGITIMATE,phishing_detection,unspecified,1,LEGITIMATE,True,1542,LEGITIMATE,
2026-09-20T16:31:14.721032,GPT-OSS-120B,LLM,70B,groq,1,endangered languages workshop foundation endangered languages pleased announce f...,LEGITIMATE,phishing_detection,unspecified,2,LEGITIMATE,True,350,LEGITIMATE,
2026-09-20T16:31:17.797083,GPT-OSS-120B,LLM,70B,groq,1,endangered languages workshop foundation endangered languages pleased announce f...,LEGITIMATE,phishing_detection,unspecified,3,LEGITIMATE,True,354,LEGITIMATE,
2026-09-20T16:31:20.902305,GPT-OSS-120B,LLM,70B,groq,2,claretta claretta_bordersfusemailcom cialis wont break wallet senior fellow facu...,PHISHING,phishing_detection,unspecified,1,PHISHING,True,392,PHISHING,
2026-09-20T16:31:24.066690,GPT-OSS-120B,LLM,70B,groq,2,claretta claretta_bordersfusemailcom cialis wont break wallet senior fellow facu...,PHISHING,phishing_detection,unspecified,2,PHISHING,True,448,PHISHING,
2026-09-20T16:31:27.147787,GPT-OSS-120B,LLM,70B,groq,2,claretta claretta_bordersfusemailcom cialis wont break wallet senior fellow facu...,PHISHING,phishing_detection,unspecified,3,PHISHING,True,366,PHISHING,
2026-09-20T16:31:30.381064,GPT-OSS-120B,LLM,70B,groq,3,roger upole schkeramsncom kyle rickey wrote im trying get file version executabl...,LEGITIMATE,phishing_detection,unspecified,1,LEGITIMATE,True,503,LEGITIMATE,
2026-09-20T16:31:33.556259,GPT-OSS-120B,LLM,70B,groq,3,roger upole schkeramsncom kyle rickey wrote im trying get file version executabl...,LEGITIMATE,phishing_detection,unspecified,2,LEGITIMATE,True,429,LEGITIMATE,
2026-09-20T16:31:36.913235,GPT-OSS-120B,LLM,70B,groq,3,roger upole schkeramsncom kyle rickey wrote im trying get file version executabl...,LEGITIMATE,phishing_detection,unspecified,3,LEGITIMATE,True,717,LEGITIMATE,
2026-09-20T16:31:40.199955,GPT-OSS-120B,LLM,70B,groq,4,barclays customer service testlightworldcojp dear barclays customer josemonkeyor...,PHISHING,phishing_detection,unspecified,1,INVALID,False,639,,
2026-09-20T16:31:43.473793,GPT-OSS-120B,LLM,70B,groq,4,barclays customer service testlightworldcojp dear barclays customer josemonkeyor...,PHISHING,phishing_detection,unspecified,2,INVALID,False,587,,
2026-09-20T16:31:46.790488,GPT-OSS-120B,LLM,70B,groq,4,barclays customer service testlightworldcojp dear barclays customer josemonkeyor...,PHISHING,phishing_detection,unspecified,3,INVALID,False,604,,
2026-09-20T16:31:49.886255,GPT-OSS-120B,LLM,70B,groq,5,gmm 09 nov 2001 please find attached global markets monitor week ending 9 novemb...,LEGITIMATE,phishing_detection,unspecified,1,PHISHING,False,429,PHISHING,
2026-09-20T16:31:53.109499,GPT-OSS-120B,LLM,70B,groq,5,gmm 09 nov 2001 please find attached global markets monitor week ending 9 novemb...,LEGITIMATE,phishing_detection,unspecified,2,PHISHING,False,559,PHISHING,
2026-09-20T16:31:56.284998,GPT-OSS-120B,LLM,70B,groq,5,gmm 09 nov 2001 please find attached global markets monitor week ending 9 novemb...,LEGITIMATE,phishing_detection,unspecified,3,PHISHING,False,549,PHISHING,
2026-09-20T16:31:59.234298,GPT-OSS-120B,LLM,70B,groq,6,craig r hughes craighughesfamilyorg daniel quinlan wrote dq release itd great so...,LEGITIMATE,phishing_detection,unspecified,1,LEGITIMATE,True,334,LEGITIMATE,
2026-09-20T16:32:02.207399,GPT-OSS-120B,LLM,70B,groq,6,craig r hughes craighughesfamilyorg daniel quinlan wrote dq release itd great so...,LEGITIMATE,phishing_detection,unspecified,2,LEGITIMATE,True,345,LEGITIMATE,
2026-09-20T16:32:05.299002,GPT-OSS-120B,LLM,70B,groq,6,craig r hughes craighughesfamilyorg daniel quinlan wrote dq release itd great so...,LEGITIMATE,phishing_detection,unspecified,3,LEGITIMATE,True,437,LEGITIMATE,
2026-09-20T16:32:08.258528,GPT-OSS-120B,LLM,70B,groq,7,david wolever aywfqwrcstorontoedu 21apr08 1244 pm iybzpoboxcom wrote david sort ...,LEGITIMATE,phishing_detection,unspecified,1,PHISHING,False,342,PHISHING,
2026-09-20T16:32:11.266397,GPT-OSS-120B,LLM,70B,groq,7,david wolever aywfqwrcstorontoedu 21apr08 1244 pm iybzpoboxcom wrote david sort ...,LEGITIMATE,phishing_detection,unspecified,2,PHISHING,False,368,PHISHING,
2026-09-20T16:32:14.377690,GPT-OSS-120B,LLM,70B,groq,7,david wolever aywfqwrcstorontoedu 21apr08 1244 pm iybzpoboxcom wrote david sort ...,LEGITIMATE,phishing_detection,unspecified,3,PHISHING,False,474,PHISHING,
2026-09-20T16:32:17.629378,GPT-OSS-120B,LLM,70B,groq,8,christoph cordes uiaregiclamavnet clamav database updated 11 feb 2008 0631 0000 ...,LEGITIMATE,phishing_detection,unspecified,1,LEGITIMATE,True,609,LEGITIMATE,
2026-09-20T16:32:20.801497,GPT-OSS-120B,LLM,70B,groq,8,christoph cordes uiaregiclamavnet clamav database updated 11 feb 2008 0631 0000 ...,LEGITIMATE,phishing_detection,unspecified,2,LEGITIMATE,True,520,LEGITIMATE,
2026-09-20T16:32:23.992336,GPT-OSS-120B,LLM,70B,groq,8,christoph cordes uiaregiclamavnet clamav database updated 11 feb 2008 0631 0000 ...,LEGITIMATE,phishing_detection,unspecified,3,LEGITIMATE,True,571,LEGITIMATE,
2026-09-20T16:32:27.030128,GPT-OSS-120B,LLM,70B,groq,9,nan maraichers cote divoire 11 bp 71 abidjan 11 telefax 225 21 28 04 23 telephon...,PHISHING,phishing_detection,unspecified,1,LEGITIMATE,False,407,LEGITIMATE,
2026-09-20T16:32:30.022808,GPT-OSS-120B,LLM,70B,groq,9,nan maraichers cote divoire 11 bp 71 abidjan 11 telefax 225 21 28 04 23 telephon...,PHISHING,phishing_detection,unspecified,2,LEGITIMATE,False,368,LEGITIMATE,
2026-09-20T16:32:33.127423,GPT-OSS-120B,LLM,70B,groq,9,nan maraichers cote divoire 11 bp 71 abidjan 11 telefax 225 21 28 04 23 telephon...,PHISHING,phishing_detection,unspecified,3,LEGITIMATE,False,394,LEGITIMATE,
2026-09-20T16:32:36.114117,GPT-OSS-120B,LLM,70B,groq,10,natural enlargement male enhancement performance system 90 males interested impr...,PHISHING,phishing_detection,unspecified,1,PHISHING,True,359,PHISHING,
2026-09-20T16:32:39.187824,GPT-OSS-120B,LLM,70B,groq,10,natural enlargement male enhancement performance system 90 males interested impr...,PHISHING,phishing_detection,unspecified,2,PHISHING,True,434,PHISHING,
2026-09-20T16:32:42.266218,GPT-OSS-120B,LLM,70B,groq,10,natural enlargement male enhancement performance system 90 males interested impr...,PHISHING,phishing_detection,unspecified,3,PHISHING,True,423,PHISHING,
2026-09-20T16:32:45.156937,GPT-OSS-120B,LLM,70B,groq,11,dwight knapp akstcabancamnsdgsabancacom interesting pill options httpimaloneeasp...,PHISHING,phishing_detection,unspecified,1,PHISHING,True,234,PHISHING,
2026-09-20T16:32:48.363253,GPT-OSS-120B,LLM,70B,groq,11,dwight knapp akstcabancamnsdgsabancacom interesting pill options httpimaloneeasp...,PHISHING,phishing_detection,unspecified,2,PHISHING,True,489,PHISHING,
2026-09-20T16:32:51.459865,GPT-OSS-120B,LLM,70B,groq,11,dwight knapp akstcabancamnsdgsabancacom interesting pill options httpimaloneeasp...,PHISHING,phishing_detection,unspecified,3,PHISHING,True,415,PHISHING,
2026-09-20T16:32:54.465439,GPT-OSS-120B,LLM,70B,groq,12,david stembridge xlicqgreenpeasus free branded version available could find 25 v...,LEGITIMATE,phishing_detection,unspecified,1,PHISHING,False,380,PHISHING,
2026-09-20T16:32:57.726263,GPT-OSS-120B,LLM,70B,groq,12,david stembridge xlicqgreenpeasus free branded version available could find 25 v...,LEGITIMATE,phishing_detection,unspecified,2,PHISHING,False,649,PHISHING,
2026-09-20T16:33:00.775716,GPT-OSS-120B,LLM,70B,groq,12,david stembridge xlicqgreenpeasus free branded version available could find 25 v...,LEGITIMATE,phishing_detection,unspecified,3,PHISHING,False,427,PHISHING,
2026-09-20T16:33:03.697115,GPT-OSS-120B,LLM,70B,groq,13,kathrin1127q33newmailru _nextpart_000_00e4_86e61e0ab5488e11 contenttype texthtml...,PHISHING,phishing_detection,unspecified,1,PHISHING,True,308,PHISHING,
2026-09-20T16:33:06.854793,GPT-OSS-120B,LLM,70B,groq,13,kathrin1127q33newmailru _nextpart_000_00e4_86e61e0ab5488e11 contenttype texthtml...,PHISHING,phishing_detection,unspecified,2,PHISHING,True,486,PHISHING,
2026-09-20T16:33:09.860171,GPT-OSS-120B,LLM,70B,groq,13,kathrin1127q33newmailru _nextpart_000_00e4_86e61e0ab5488e11 contenttype texthtml...,PHISHING,phishing_detection,unspecified,3,PHISHING,True,294,PHISHING,
2026-09-20T16:33:13.444374,GPT-OSS-120B,LLM,70B,groq,14,new product showcase seemsg_6466085flashmailcom brandnew version 70 released ast...,PHISHING,phishing_detection,unspecified,1,PHISHING,True,874,PHISHING,
2026-09-20T16:33:16.526161,GPT-OSS-120B,LLM,70B,groq,14,new product showcase seemsg_6466085flashmailcom brandnew version 70 released ast...,PHISHING,phishing_detection,unspecified,2,PHISHING,True,401,PHISHING,
2026-09-20T16:33:19.577169,GPT-OSS-120B,LLM,70B,groq,14,new product showcase seemsg_6466085flashmailcom brandnew version 70 released ast...,PHISHING,phishing_detection,unspecified,3,PHISHING,True,383,PHISHING,
2026-09-20T16:33:22.707179,GPT-OSS-120B,LLM,70B,groq,15,terry kraft intelligibilityr838jishimvcom love answer please repeat question htt...,PHISHING,phishing_detection,unspecified,1,PHISHING,True,474,PHISHING,
2026-09-20T16:33:25.864744,GPT-OSS-120B,LLM,70B,groq,15,terry kraft intelligibilityr838jishimvcom love answer please repeat question htt...,PHISHING,phishing_detection,unspecified,2,PHISHING,True,506,PHISHING,
2026-09-20T16:33:29.104039,GPT-OSS-120B,LLM,70B,groq,15,terry kraft intelligibilityr838jishimvcom love answer please repeat question htt...,PHISHING,phishing_detection,unspecified,3,PHISHING,True,607,PHISHING,
2026-09-20T16:33:32.221807,GPT-OSS-120B,LLM,70B,groq,16,unsolicited update louise although nothing going particularly well west power or...,LEGITIMATE,phishing_detection,unspecified,1,LEGITIMATE,True,485,LEGITIMATE,
2026-09-20T16:33:35.420146,GPT-OSS-120B,LLM,70B,groq,16,unsolicited update louise although nothing going particularly well west power or...,LEGITIMATE,phishing_detection,unspecified,2,LEGITIMATE,True,472,LEGITIMATE,
2026-09-20T16:33:38.665506,GPT-OSS-120B,LLM,70B,groq,16,unsolicited update louise although nothing going particularly well west power or...,LEGITIMATE,phishing_detection,unspecified,3,LEGITIMATE,True,545,LEGITIMATE,
2026-09-20T16:33:41.733582,GPT-OSS-120B,LLM,70B,groq,17,lara kay inninterbncpacom want make love everywhere ask us casanova style life e...,PHISHING,phishing_detection,unspecified,1,PHISHING,True,359,PHISHING,
2026-09-20T16:33:44.831054,GPT-OSS-120B,LLM,70B,groq,17,lara kay inninterbncpacom want make love everywhere ask us casanova style life e...,PHISHING,phishing_detection,unspecified,2,PHISHING,True,418,PHISHING,
2026-09-20T16:33:47.732843,GPT-OSS-120B,LLM,70B,groq,17,lara kay inninterbncpacom want make love everywhere ask us casanova style life e...,PHISHING,phishing_detection,unspecified,3,PHISHING,True,275,PHISHING,
2026-09-20T16:33:50.761097,GPT-OSS-120B,LLM,70B,groq,18,john kane jrkrideauyahooca need merge sum separate operation think may rename co...,LEGITIMATE,phishing_detection,unspecified,1,LEGITIMATE,True,445,LEGITIMATE,
2026-09-20T16:33:53.747622,GPT-OSS-120B,LLM,70B,groq,18,john kane jrkrideauyahooca need merge sum separate operation think may rename co...,LEGITIMATE,phishing_detection,unspecified,2,LEGITIMATE,True,406,LEGITIMATE,
2026-09-20T16:33:56.754380,GPT-OSS-120B,LLM,70B,groq,18,john kane jrkrideauyahooca need merge sum separate operation think may rename co...,LEGITIMATE,phishing_detection,unspecified,3,LEGITIMATE,True,432,LEGITIMATE,
2026-09-20T16:33:59.745449,GPT-OSS-120B,LLM,70B,groq,19,anton heath antonpakizscrcz find effective proven way natural male enhancement e...,PHISHING,phishing_detection,unspecified,1,PHISHING,True,412,PHISHING,
2026-09-20T16:34:02.819268,GPT-OSS-120B,LLM,70B,groq,19,anton heath antonpakizscrcz find effective proven way natural male enhancement e...,PHISHING,phishing_detection,unspecified,2,PHISHING,True,498,PHISHING,
2026-09-20T16:34:05.822671,GPT-OSS-120B,LLM,70B,groq,19,anton heath antonpakizscrcz find effective proven way natural male enhancement e...,PHISHING,phishing_detection,unspecified,3,PHISHING,True,421,PHISHING,
2026-09-20T16:34:08.942045,GPT-OSS-120B,LLM,70B,groq,20,monkeyorg mailquiltessentialsbiz josemonkeyorg messages could delivered new mess...,PHISHING,phishing_detection,unspecified,1,INVALID,False,542,,
2026-09-20T16:34:12.295630,GPT-OSS-120B,LLM,70B,groq,20,monkeyorg mailquiltessentialsbiz josemonkeyorg messages could delivered new mess...,PHISHING,phishing_detection,unspecified,2,INVALID,False,778,,
2026-09-20T16:34:15.395190,GPT-OSS-120B,LLM,70B,groq,20,monkeyorg mailquiltessentialsbiz josemonkeyorg messages could delivered new mess...,PHISHING,phishing_detection,unspecified,3,INVALID,False,519,,
2026-09-20T16:34:18.403354,GPT-OSS-120B,LLM,70B,groq,21,tim roberts eqemprobocom sami islam wrote new python code import sys import trac...,LEGITIMATE,phishing_detection,unspecified,1,LEGITIMATE,True,418,LEGITIMATE,
2026-09-20T16:34:21.374717,GPT-OSS-120B,LLM,70B,groq,21,tim roberts eqemprobocom sami islam wrote new python code import sys import trac...,LEGITIMATE,phishing_detection,unspecified,2,LEGITIMATE,True,399,LEGITIMATE,
2026-09-20T16:34:24.445781,GPT-OSS-120B,LLM,70B,groq,21,tim roberts eqemprobocom sami islam wrote new python code import sys import trac...,LEGITIMATE,phishing_detection,unspecified,3,LEGITIMATE,True,489,LEGITIMATE,
2026-09-20T16:34:27.453537,GPT-OSS-120B,LLM,70B,groq,22,ready get hello viagra 1 med struggle mens erectile dysfunction like one jokes s...,PHISHING,phishing_detection,unspecified,1,PHISHING,True,429,PHISHING,
2026-09-20T16:34:30.562512,GPT-OSS-120B,LLM,70B,groq,22,ready get hello viagra 1 med struggle mens erectile dysfunction like one jokes s...,PHISHING,phishing_detection,unspecified,2,PHISHING,True,480,PHISHING,
2026-09-20T16:34:33.581452,GPT-OSS-120B,LLM,70B,groq,22,ready get hello viagra 1 med struggle mens erectile dysfunction like one jokes s...,PHISHING,phishing_detection,unspecified,3,PHISHING,True,440,PHISHING,
2026-09-20T16:34:36.543983,GPT-OSS-120B,LLM,70B,groq,23,love girls idn wan na see girls naked pc live real girls 18 showing naked body f...,PHISHING,phishing_detection,unspecified,1,PHISHING,True,378,PHISHING,
2026-09-20T16:34:39.500177,GPT-OSS-120B,LLM,70B,groq,23,love girls idn wan na see girls naked pc live real girls 18 showing naked body f...,PHISHING,phishing_detection,unspecified,2,PHISHING,True,377,PHISHING,
2026-09-20T16:34:42.504537,GPT-OSS-120B,LLM,70B,groq,23,love girls idn wan na see girls naked pc live real girls 18 showing naked body f...,PHISHING,phishing_detection,unspecified,3,PHISHING,True,418,PHISHING,
2026-09-20T16:34:45.481351,GPT-OSS-120B,LLM,70B,groq,24,voice recording dear bill please find voice recording tape pulled think good exa...,LEGITIMATE,phishing_detection,unspecified,1,PHISHING,False,396,PHISHING,
2026-09-20T16:34:48.527884,GPT-OSS-120B,LLM,70B,groq,24,voice recording dear bill please find voice recording tape pulled think good exa...,LEGITIMATE,phishing_detection,unspecified,2,PHISHING,False,462,PHISHING,
2026-09-20T16:34:51.677366,GPT-OSS-120B,LLM,70B,groq,24,voice recording dear bill please find voice recording tape pulled think good exa...,LEGITIMATE,phishing_detection,unspecified,3,PHISHING,False,566,PHISHING,
2026-09-20T16:34:54.654265,GPT-OSS-120B,LLM,70B,groq,25,2002 ea budget enw budget update suggestions piper richter webb met whalley satu...,LEGITIMATE,phishing_detection,unspecified,1,LEGITIMATE,True,384,LEGITIMATE,
2026-09-20T16:34:57.718531,GPT-OSS-120B,LLM,70B,groq,25,2002 ea budget enw budget update suggestions piper richter webb met whalley satu...,LEGITIMATE,phishing_detection,unspecified,2,LEGITIMATE,True,478,LEGITIMATE,
2026-09-20T16:35:00.848768,GPT-OSS-120B,LLM,70B,groq,25,2002 ea budget enw budget update suggestions piper richter webb met whalley satu...,LEGITIMATE,phishing_detection,unspecified,3,LEGITIMATE,True,496,LEGITIMATE,
2026-09-20T16:35:03.857413,GPT-OSS-120B,LLM,70B,groq,26,usaa usaaoundcoxnet ensure delivery inbox please add usaawebservicescustomermail...,PHISHING,phishing_detection,unspecified,1,PHISHING,True,430,PHISHING,
2026-09-20T16:35:06.922227,GPT-OSS-120B,LLM,70B,groq,26,usaa usaaoundcoxnet ensure delivery inbox please add usaawebservicescustomermail...,PHISHING,phishing_detection,unspecified,2,PHISHING,True,477,PHISHING,
2026-09-20T16:35:09.962837,GPT-OSS-120B,LLM,70B,groq,26,usaa usaaoundcoxnet ensure delivery inbox please add usaawebservicescustomermail...,PHISHING,phishing_detection,unspecified,3,PHISHING,True,455,PHISHING,
2026-09-20T16:35:13.099615,GPT-OSS-120B,LLM,70B,groq,27,call abstracts optimality syntactic theory content length 4437 call papers best ...,LEGITIMATE,phishing_detection,unspecified,1,PHISHING,False,550,PHISHING,
2026-09-20T16:35:16.253200,GPT-OSS-120B,LLM,70B,groq,27,call abstracts optimality syntactic theory content length 4437 call papers best ...,LEGITIMATE,phishing_detection,unspecified,2,PHISHING,False,573,PHISHING,
2026-09-20T16:35:19.288403,GPT-OSS-120B,LLM,70B,groq,27,call abstracts optimality syntactic theory content length 4437 call papers best ...,LEGITIMATE,phishing_detection,unspecified,3,PHISHING,False,452,PHISHING,
2026-09-20T16:35:22.454090,GPT-OSS-120B,LLM,70B,groq,28,polly posey pollyetmapt girl resist temptation go case nothing lose try httpdear...,PHISHING,phishing_detection,unspecified,1,PHISHING,True,587,PHISHING,
2026-09-20T16:35:25.490382,GPT-OSS-120B,LLM,70B,groq,28,polly posey pollyetmapt girl resist temptation go case nothing lose try httpdear...,PHISHING,phishing_detection,unspecified,2,PHISHING,True,449,PHISHING,
2026-09-20T16:35:28.483063,GPT-OSS-120B,LLM,70B,groq,28,polly posey pollyetmapt girl resist temptation go case nothing lose try httpdear...,PHISHING,phishing_detection,unspecified,3,PHISHING,True,417,PHISHING,
2026-09-20T16:35:31.568421,GPT-OSS-120B,LLM,70B,groq,29,unify financials update go forward cut calendar quick update major milestone uni...,LEGITIMATE,phishing_detection,unspecified,1,INVALID,False,488,,
2026-09-20T16:35:34.715650,GPT-OSS-120B,LLM,70B,groq,29,unify financials update go forward cut calendar quick update major milestone uni...,LEGITIMATE,phishing_detection,unspecified,2,INVALID,False,562,,
2026-09-20T16:35:37.836064,GPT-OSS-120B,LLM,70B,groq,29,unify financials update go forward cut calendar quick update major milestone uni...,LEGITIMATE,phishing_detection,unspecified,3,INVALID,False,530,,
2026-09-20T16:35:40.734400,GPT-OSS-120B,LLM,70B,groq,30,cheapest meds find discount drugs save 70 including new softtabs viagra disolves...,PHISHING,phishing_detection,unspecified,1,PHISHING,True,299,PHISHING,
2026-09-20T16:35:43.659697,GPT-OSS-120B,LLM,70B,groq,30,cheapest meds find discount drugs save 70 including new softtabs viagra disolves...,PHISHING,phishing_detection,unspecified,2,PHISHING,True,341,PHISHING,
2026-09-20T16:35:46.727609,GPT-OSS-120B,LLM,70B,groq,30,cheapest meds find discount drugs save 70 including new softtabs viagra disolves...,PHISHING,phishing_detection,unspecified,3,PHISHING,True,488,PHISHING,
