timestamp,model_name,model_tier,model_params,provider,item_id,item_text,gold_label,category,difficulty,run_number,prediction,correct,latency_ms,raw_output,error
2026-09-20T15:31:32.699802,Llama-3.2-3B,SLM,3B,ollama,1,The company was supposed to deliver machinery to a veneer mill in the Tomsk regi...,NEUTRAL,financial_news_sentiment,unspecified,1,NEUTRAL,True,18868,NEUTRAL,
2026-09-20T15:31:36.808297,Llama-3.2-3B,SLM,3B,ollama,1,The company was supposed to deliver machinery to a veneer mill in the Tomsk regi...,NEUTRAL,financial_news_sentiment,unspecified,2,NEUTRAL,True,2487,NEUTRAL,
2026-09-20T15:31:40.840840,Llama-3.2-3B,SLM,3B,ollama,1,The company was supposed to deliver machinery to a veneer mill in the Tomsk regi...,NEUTRAL,financial_news_sentiment,unspecified,3,NEUTRAL,True,2455,NEUTRAL,
2026-09-20T15:31:45.676135,Llama-3.2-3B,SLM,3B,ollama,2,UNC Charlotte would also deploy SSH Tectia Connector to enable secure applicatio...,NEUTRAL,financial_news_sentiment,unspecified,1,NEUTRAL,True,3256,NEUTRAL,
2026-09-20T15:31:49.718260,Llama-3.2-3B,SLM,3B,ollama,2,UNC Charlotte would also deploy SSH Tectia Connector to enable secure applicatio...,NEUTRAL,financial_news_sentiment,unspecified,2,NEUTRAL,True,2463,NEUTRAL,
2026-09-20T15:31:53.739089,Llama-3.2-3B,SLM,3B,ollama,2,UNC Charlotte would also deploy SSH Tectia Connector to enable secure applicatio...,NEUTRAL,financial_news_sentiment,unspecified,3,NEUTRAL,True,2446,NEUTRAL,
2026-09-20T15:31:59.166121,Llama-3.2-3B,SLM,3B,ollama,3,"In 2009 , Lee & Man had a combined annual production capacity of close to 4.5 mi...",NEUTRAL,financial_news_sentiment,unspecified,1,NEUTRAL,True,3854,NEUTRAL,
2026-09-20T15:32:03.188215,Llama-3.2-3B,SLM,3B,ollama,3,"In 2009 , Lee & Man had a combined annual production capacity of close to 4.5 mi...",NEUTRAL,financial_news_sentiment,unspecified,2,NEUTRAL,True,2439,NEUTRAL,
2026-09-20T15:32:07.216695,Llama-3.2-3B,SLM,3B,ollama,3,"In 2009 , Lee & Man had a combined annual production capacity of close to 4.5 mi...",NEUTRAL,financial_news_sentiment,unspecified,3,NEUTRAL,True,2444,NEUTRAL,
2026-09-20T15:32:12.554720,Llama-3.2-3B,SLM,3B,ollama,4,"`` That 's a very high figure on the European scale , '' Noop said , recalling h...",NEUTRAL,financial_news_sentiment,unspecified,1,NEUTRAL,True,3762,NEUTRAL,
2026-09-20T15:32:16.572452,Llama-3.2-3B,SLM,3B,ollama,4,"`` That 's a very high figure on the European scale , '' Noop said , recalling h...",NEUTRAL,financial_news_sentiment,unspecified,2,NEUTRAL,True,2440,NEUTRAL,
2026-09-20T15:32:20.640639,Llama-3.2-3B,SLM,3B,ollama,4,"`` That 's a very high figure on the European scale , '' Noop said , recalling h...",NEUTRAL,financial_news_sentiment,unspecified,3,NEUTRAL,True,2488,NEUTRAL,
2026-09-20T15:32:26.265270,Llama-3.2-3B,SLM,3B,ollama,5,"In Finland , the corresponding service is Alma Media 's Etuovi.com , Finland 's ...",NEUTRAL,financial_news_sentiment,unspecified,1,NEUTRAL,True,4034,NEUTRAL,
2026-09-20T15:32:30.279323,Llama-3.2-3B,SLM,3B,ollama,5,"In Finland , the corresponding service is Alma Media 's Etuovi.com , Finland 's ...",NEUTRAL,financial_news_sentiment,unspecified,2,NEUTRAL,True,2429,NEUTRAL,
2026-09-20T15:32:34.335909,Llama-3.2-3B,SLM,3B,ollama,5,"In Finland , the corresponding service is Alma Media 's Etuovi.com , Finland 's ...",NEUTRAL,financial_news_sentiment,unspecified,3,NEUTRAL,True,2469,NEUTRAL,
2026-09-20T15:32:39.356004,Llama-3.2-3B,SLM,3B,ollama,6,Construction is scheduled to start in April-June 2007 and to be completed in ear...,NEUTRAL,financial_news_sentiment,unspecified,1,NEUTRAL,True,3442,NEUTRAL,
2026-09-20T15:32:43.399141,Llama-3.2-3B,SLM,3B,ollama,6,Construction is scheduled to start in April-June 2007 and to be completed in ear...,NEUTRAL,financial_news_sentiment,unspecified,2,NEUTRAL,True,2457,NEUTRAL,
2026-09-20T15:32:47.426816,Llama-3.2-3B,SLM,3B,ollama,6,Construction is scheduled to start in April-June 2007 and to be completed in ear...,NEUTRAL,financial_news_sentiment,unspecified,3,NEUTRAL,True,2450,NEUTRAL,
2026-09-20T15:32:53.124253,Llama-3.2-3B,SLM,3B,ollama,7,Finnish-owned contract manufacturer of electronics Elcoteq Hungary Kft has annou...,POSITIVE,financial_news_sentiment,unspecified,1,NEUTRAL,False,4118,NEUTRAL,
2026-09-20T15:32:57.144493,Llama-3.2-3B,SLM,3B,ollama,7,Finnish-owned contract manufacturer of electronics Elcoteq Hungary Kft has annou...,POSITIVE,financial_news_sentiment,unspecified,2,NEUTRAL,False,2440,NEUTRAL,
2026-09-20T15:33:01.243358,Llama-3.2-3B,SLM,3B,ollama,7,Finnish-owned contract manufacturer of electronics Elcoteq Hungary Kft has annou...,POSITIVE,financial_news_sentiment,unspecified,3,NEUTRAL,False,2496,NEUTRAL,
2026-09-20T15:33:06.748250,Llama-3.2-3B,SLM,3B,ollama,8,"The gross area of the Innova 2 project will be about 10,000 sq m ( 107,600 sq ft...",NEUTRAL,financial_news_sentiment,unspecified,1,NEUTRAL,True,3914,NEUTRAL,
2026-09-20T15:33:10.782972,Llama-3.2-3B,SLM,3B,ollama,8,"The gross area of the Innova 2 project will be about 10,000 sq m ( 107,600 sq ft...",NEUTRAL,financial_news_sentiment,unspecified,2,NEUTRAL,True,2453,NEUTRAL,
2026-09-20T15:33:14.823092,Llama-3.2-3B,SLM,3B,ollama,8,"The gross area of the Innova 2 project will be about 10,000 sq m ( 107,600 sq ft...",NEUTRAL,financial_news_sentiment,unspecified,3,NEUTRAL,True,2453,NEUTRAL,
2026-09-20T15:33:21.444439,Llama-3.2-3B,SLM,3B,ollama,9,Finnish home decoration and arts and crafts retailer Tiimari Plc ( OMX Helsinki ...,NEUTRAL,financial_news_sentiment,unspecified,1,NEGATIVE,False,5034,NEGATIVE,
2026-09-20T15:33:25.376154,Llama-3.2-3B,SLM,3B,ollama,9,Finnish home decoration and arts and crafts retailer Tiimari Plc ( OMX Helsinki ...,NEUTRAL,financial_news_sentiment,unspecified,2,NEGATIVE,False,2348,NEGATIVE,
2026-09-20T15:33:29.320854,Llama-3.2-3B,SLM,3B,ollama,9,Finnish home decoration and arts and crafts retailer Tiimari Plc ( OMX Helsinki ...,NEUTRAL,financial_news_sentiment,unspecified,3,NEGATIVE,False,2361,NEGATIVE,
2026-09-20T15:33:34.635166,Llama-3.2-3B,SLM,3B,ollama,10,Deliveries will start in the second half of 2007 and the start-up of the mill is...,NEUTRAL,financial_news_sentiment,unspecified,1,NEUTRAL,True,3732,NEUTRAL,
2026-09-20T15:33:38.671553,Llama-3.2-3B,SLM,3B,ollama,10,Deliveries will start in the second half of 2007 and the start-up of the mill is...,NEUTRAL,financial_news_sentiment,unspecified,2,NEUTRAL,True,2455,NEUTRAL,
2026-09-20T15:33:42.717432,Llama-3.2-3B,SLM,3B,ollama,10,Deliveries will start in the second half of 2007 and the start-up of the mill is...,NEUTRAL,financial_news_sentiment,unspecified,3,NEUTRAL,True,2458,NEUTRAL,
2026-09-20T15:33:47.791607,Llama-3.2-3B,SLM,3B,ollama,11,"Steek , which was set up in 2002 , is based in Bordeaux , southwestern France .",NEUTRAL,financial_news_sentiment,unspecified,1,NEUTRAL,True,3490,NEUTRAL,
2026-09-20T15:33:51.829221,Llama-3.2-3B,SLM,3B,ollama,11,"Steek , which was set up in 2002 , is based in Bordeaux , southwestern France .",NEUTRAL,financial_news_sentiment,unspecified,2,NEUTRAL,True,2450,NEUTRAL,
2026-09-20T15:33:55.884834,Llama-3.2-3B,SLM,3B,ollama,11,"Steek , which was set up in 2002 , is based in Bordeaux , southwestern France .",NEUTRAL,financial_news_sentiment,unspecified,3,NEUTRAL,True,2477,NEUTRAL,
2026-09-20T15:34:01.394373,Llama-3.2-3B,SLM,3B,ollama,12,"Outotec said it won new orders worth 492.9 mln eur during the quarter , compared...",POSITIVE,financial_news_sentiment,unspecified,1,NEUTRAL,False,3928,NEUTRAL,
2026-09-20T15:34:05.465904,Llama-3.2-3B,SLM,3B,ollama,12,"Outotec said it won new orders worth 492.9 mln eur during the quarter , compared...",POSITIVE,financial_news_sentiment,unspecified,2,NEUTRAL,False,2477,NEUTRAL,
2026-09-20T15:34:09.488496,Llama-3.2-3B,SLM,3B,ollama,12,"Outotec said it won new orders worth 492.9 mln eur during the quarter , compared...",POSITIVE,financial_news_sentiment,unspecified,3,NEUTRAL,False,2444,NEUTRAL,
2026-09-20T15:34:14.316249,Llama-3.2-3B,SLM,3B,ollama,13,"The store is located in Poznan in a shopping center named Pestka , the company a...",NEUTRAL,financial_news_sentiment,unspecified,1,NEUTRAL,True,3249,NEUTRAL,
2026-09-20T15:34:18.364311,Llama-3.2-3B,SLM,3B,ollama,13,"The store is located in Poznan in a shopping center named Pestka , the company a...",NEUTRAL,financial_news_sentiment,unspecified,2,NEUTRAL,True,2455,NEUTRAL,
2026-09-20T15:34:22.403670,Llama-3.2-3B,SLM,3B,ollama,13,"The store is located in Poznan in a shopping center named Pestka , the company a...",NEUTRAL,financial_news_sentiment,unspecified,3,NEUTRAL,True,2455,NEUTRAL,
2026-09-20T15:34:27.050075,Llama-3.2-3B,SLM,3B,ollama,14,The value of the order is USD 2.2 mn .,NEUTRAL,financial_news_sentiment,unspecified,1,NEUTRAL,True,3054,NEUTRAL,
2026-09-20T15:34:31.078137,Llama-3.2-3B,SLM,3B,ollama,14,The value of the order is USD 2.2 mn .,NEUTRAL,financial_news_sentiment,unspecified,2,NEUTRAL,True,2440,NEUTRAL,
2026-09-20T15:34:35.090916,Llama-3.2-3B,SLM,3B,ollama,14,The value of the order is USD 2.2 mn .,NEUTRAL,financial_news_sentiment,unspecified,3,NEUTRAL,True,2428,NEUTRAL,
2026-09-20T15:34:40.049932,Llama-3.2-3B,SLM,3B,ollama,15,The company expects meat purchases to remain at about 8mn kilos in 2011 .,NEUTRAL,financial_news_sentiment,unspecified,1,NEUTRAL,True,3382,NEUTRAL,
2026-09-20T15:34:44.081548,Llama-3.2-3B,SLM,3B,ollama,15,The company expects meat purchases to remain at about 8mn kilos in 2011 .,NEUTRAL,financial_news_sentiment,unspecified,2,NEUTRAL,True,2443,NEUTRAL,
2026-09-20T15:34:48.114260,Llama-3.2-3B,SLM,3B,ollama,15,The company expects meat purchases to remain at about 8mn kilos in 2011 .,NEUTRAL,financial_news_sentiment,unspecified,3,NEUTRAL,True,2449,NEUTRAL,
2026-09-20T15:34:52.865179,Llama-3.2-3B,SLM,3B,ollama,16,Finnish house manufacturers are targeting the strongly growing one-family house ...,NEUTRAL,financial_news_sentiment,unspecified,1,NEUTRAL,True,3172,NEUTRAL,
2026-09-20T15:34:56.960141,Llama-3.2-3B,SLM,3B,ollama,16,Finnish house manufacturers are targeting the strongly growing one-family house ...,NEUTRAL,financial_news_sentiment,unspecified,2,NEUTRAL,True,2453,NEUTRAL,
2026-09-20T15:35:01.111389,Llama-3.2-3B,SLM,3B,ollama,16,Finnish house manufacturers are targeting the strongly growing one-family house ...,NEUTRAL,financial_news_sentiment,unspecified,3,NEUTRAL,True,2497,NEUTRAL,
2026-09-20T15:35:05.715256,Llama-3.2-3B,SLM,3B,ollama,17,The deal was worth about EUR 1.2 mn .,NEUTRAL,financial_news_sentiment,unspecified,1,NEUTRAL,True,3020,NEUTRAL,
2026-09-20T15:35:09.761540,Llama-3.2-3B,SLM,3B,ollama,17,The deal was worth about EUR 1.2 mn .,NEUTRAL,financial_news_sentiment,unspecified,2,NEUTRAL,True,2451,NEUTRAL,
2026-09-20T15:35:13.804659,Llama-3.2-3B,SLM,3B,ollama,17,The deal was worth about EUR 1.2 mn .,NEUTRAL,financial_news_sentiment,unspecified,3,NEUTRAL,True,2452,NEUTRAL,
2026-09-20T15:35:19.182719,Llama-3.2-3B,SLM,3B,ollama,18,Any investment or investment activity to which this communication relates is onl...,NEUTRAL,financial_news_sentiment,unspecified,1,NEUTRAL,True,3794,NEUTRAL,
2026-09-20T15:35:23.188389,Llama-3.2-3B,SLM,3B,ollama,18,Any investment or investment activity to which this communication relates is onl...,NEUTRAL,financial_news_sentiment,unspecified,2,NEUTRAL,True,2420,NEUTRAL,
2026-09-20T15:35:27.201359,Llama-3.2-3B,SLM,3B,ollama,18,Any investment or investment activity to which this communication relates is onl...,NEUTRAL,financial_news_sentiment,unspecified,3,NEUTRAL,True,2433,NEUTRAL,
2026-09-20T15:35:32.735891,Llama-3.2-3B,SLM,3B,ollama,19,Following the increase the company+EUR TM s capital totals 5.5 mln Romanian lei...,NEUTRAL,financial_news_sentiment,unspecified,1,NEUTRAL,True,3954,NEUTRAL,
2026-09-20T15:35:36.794862,Llama-3.2-3B,SLM,3B,ollama,19,Following the increase the company+EUR TM s capital totals 5.5 mln Romanian lei...,NEUTRAL,financial_news_sentiment,unspecified,2,NEUTRAL,True,2476,NEUTRAL,
2026-09-20T15:35:40.787528,Llama-3.2-3B,SLM,3B,ollama,19,Following the increase the company+EUR TM s capital totals 5.5 mln Romanian lei...,NEUTRAL,financial_news_sentiment,unspecified,3,NEUTRAL,True,2415,NEUTRAL,
2026-09-20T15:35:46.531271,Llama-3.2-3B,SLM,3B,ollama,20,Since the association 's data do not cover sales figures from about 100 small lo...,NEGATIVE,financial_news_sentiment,unspecified,1,NEGATIVE,True,4159,NEGATIVE,
2026-09-20T15:35:50.505999,Llama-3.2-3B,SLM,3B,ollama,20,Since the association 's data do not cover sales figures from about 100 small lo...,NEGATIVE,financial_news_sentiment,unspecified,2,NEGATIVE,True,2379,NEGATIVE,
2026-09-20T15:35:54.439954,Llama-3.2-3B,SLM,3B,ollama,20,Since the association 's data do not cover sales figures from about 100 small lo...,NEGATIVE,financial_news_sentiment,unspecified,3,NEGATIVE,True,2362,NEGATIVE,
2026-09-20T15:36:00.822251,Llama-3.2-3B,SLM,3B,ollama,21,"According to the Latvian business register , Uponor Latvia closed in red with LV...",NEGATIVE,financial_news_sentiment,unspecified,1,NEGATIVE,True,4765,NEGATIVE,
2026-09-20T15:36:04.794853,Llama-3.2-3B,SLM,3B,ollama,21,"According to the Latvian business register , Uponor Latvia closed in red with LV...",NEGATIVE,financial_news_sentiment,unspecified,2,NEGATIVE,True,2384,NEGATIVE,
2026-09-20T15:36:08.756413,Llama-3.2-3B,SLM,3B,ollama,21,"According to the Latvian business register , Uponor Latvia closed in red with LV...",NEGATIVE,financial_news_sentiment,unspecified,3,NEGATIVE,True,2383,NEGATIVE,
2026-09-20T15:36:13.596061,Llama-3.2-3B,SLM,3B,ollama,22,The issue came up in connection with discussion with local municipalities concer...,NEUTRAL,financial_news_sentiment,unspecified,1,NEUTRAL,True,3252,NEUTRAL,
2026-09-20T15:36:17.615958,Llama-3.2-3B,SLM,3B,ollama,22,The issue came up in connection with discussion with local municipalities concer...,NEUTRAL,financial_news_sentiment,unspecified,2,NEUTRAL,True,2437,NEUTRAL,
2026-09-20T15:36:21.652178,Llama-3.2-3B,SLM,3B,ollama,22,The issue came up in connection with discussion with local municipalities concer...,NEUTRAL,financial_news_sentiment,unspecified,3,NEUTRAL,True,2451,NEUTRAL,
2026-09-20T15:36:27.363142,Llama-3.2-3B,SLM,3B,ollama,23,Operating profit rose to EUR 13.1 mn from EUR 8.7 mn in the corresponding period...,POSITIVE,financial_news_sentiment,unspecified,1,NEUTRAL,False,4136,NEUTRAL,
2026-09-20T15:36:31.380020,Llama-3.2-3B,SLM,3B,ollama,23,Operating profit rose to EUR 13.1 mn from EUR 8.7 mn in the corresponding period...,POSITIVE,financial_news_sentiment,unspecified,2,NEUTRAL,False,2442,NEUTRAL,
2026-09-20T15:36:35.412640,Llama-3.2-3B,SLM,3B,ollama,23,Operating profit rose to EUR 13.1 mn from EUR 8.7 mn in the corresponding period...,POSITIVE,financial_news_sentiment,unspecified,3,NEUTRAL,False,2443,NEUTRAL,
2026-09-20T15:36:40.024701,Llama-3.2-3B,SLM,3B,ollama,24,"Its annual capacity is some 10,000 MW .",NEUTRAL,financial_news_sentiment,unspecified,1,NEUTRAL,True,3036,NEUTRAL,
2026-09-20T15:36:44.032883,Llama-3.2-3B,SLM,3B,ollama,24,"Its annual capacity is some 10,000 MW .",NEUTRAL,financial_news_sentiment,unspecified,2,NEUTRAL,True,2422,NEUTRAL,
2026-09-20T15:36:48.048776,Llama-3.2-3B,SLM,3B,ollama,24,"Its annual capacity is some 10,000 MW .",NEUTRAL,financial_news_sentiment,unspecified,3,NEUTRAL,True,2431,NEUTRAL,
2026-09-20T15:36:52.819955,Llama-3.2-3B,SLM,3B,ollama,25,"The Finnish company is building a 800,000 mt-year biodiesel plant in Singapore .",NEUTRAL,financial_news_sentiment,unspecified,1,NEUTRAL,True,3192,NEUTRAL,
2026-09-20T15:36:56.822418,Llama-3.2-3B,SLM,3B,ollama,25,"The Finnish company is building a 800,000 mt-year biodiesel plant in Singapore .",NEUTRAL,financial_news_sentiment,unspecified,2,NEUTRAL,True,2421,NEUTRAL,
2026-09-20T15:37:00.875439,Llama-3.2-3B,SLM,3B,ollama,25,"The Finnish company is building a 800,000 mt-year biodiesel plant in Singapore .",NEUTRAL,financial_news_sentiment,unspecified,3,NEUTRAL,True,2454,NEUTRAL,
2026-09-20T15:37:06.193780,Llama-3.2-3B,SLM,3B,ollama,26,The long-standing partnership and commitment enable both parties to develop thei...,POSITIVE,financial_news_sentiment,unspecified,1,NEUTRAL,False,3728,NEUTRAL,
2026-09-20T15:37:10.185776,Llama-3.2-3B,SLM,3B,ollama,26,The long-standing partnership and commitment enable both parties to develop thei...,POSITIVE,financial_news_sentiment,unspecified,2,NEUTRAL,False,2399,NEUTRAL,
2026-09-20T15:37:14.247762,Llama-3.2-3B,SLM,3B,ollama,26,The long-standing partnership and commitment enable both parties to develop thei...,POSITIVE,financial_news_sentiment,unspecified,3,NEUTRAL,False,2474,NEUTRAL,
2026-09-20T15:37:19.374436,Llama-3.2-3B,SLM,3B,ollama,27,"Aldata Solution , a global company engaged in supplier to consumer business proc...",NEUTRAL,financial_news_sentiment,unspecified,1,NEUTRAL,True,3546,NEUTRAL,
2026-09-20T15:37:23.369650,Llama-3.2-3B,SLM,3B,ollama,27,"Aldata Solution , a global company engaged in supplier to consumer business proc...",NEUTRAL,financial_news_sentiment,unspecified,2,NEUTRAL,True,2423,NEUTRAL,
2026-09-20T15:37:27.465691,Llama-3.2-3B,SLM,3B,ollama,27,"Aldata Solution , a global company engaged in supplier to consumer business proc...",NEUTRAL,financial_news_sentiment,unspecified,3,NEUTRAL,True,2516,NEUTRAL,
2026-09-20T15:37:33.198199,Llama-3.2-3B,SLM,3B,ollama,28,The reasons behind the estimate include the rise in 2008 rent levels and several...,NEUTRAL,financial_news_sentiment,unspecified,1,NEUTRAL,True,4158,NEUTRAL,
2026-09-20T15:37:37.201901,Llama-3.2-3B,SLM,3B,ollama,28,The reasons behind the estimate include the rise in 2008 rent levels and several...,NEUTRAL,financial_news_sentiment,unspecified,2,NEUTRAL,True,2426,NEUTRAL,
2026-09-20T15:37:41.280720,Llama-3.2-3B,SLM,3B,ollama,28,The reasons behind the estimate include the rise in 2008 rent levels and several...,NEUTRAL,financial_news_sentiment,unspecified,3,NEUTRAL,True,2491,NEUTRAL,
2026-09-20T15:37:46.916337,Llama-3.2-3B,SLM,3B,ollama,29,Finnish beverage company Olvi is introducing a new long drink Olvi Kultalonkero ...,NEUTRAL,financial_news_sentiment,unspecified,1,NEUTRAL,True,4057,NEUTRAL,
2026-09-20T15:37:50.990369,Llama-3.2-3B,SLM,3B,ollama,29,Finnish beverage company Olvi is introducing a new long drink Olvi Kultalonkero ...,NEUTRAL,financial_news_sentiment,unspecified,2,NEUTRAL,True,2488,NEUTRAL,
2026-09-20T15:37:55.015470,Llama-3.2-3B,SLM,3B,ollama,29,Finnish beverage company Olvi is introducing a new long drink Olvi Kultalonkero ...,NEUTRAL,financial_news_sentiment,unspecified,3,NEUTRAL,True,2443,NEUTRAL,
2026-09-20T15:37:59.748733,Llama-3.2-3B,SLM,3B,ollama,30,The current reference grade instruments are challenging to operate due to their ...,NEGATIVE,financial_news_sentiment,unspecified,1,NEGATIVE,True,3154,NEGATIVE,
2026-09-20T15:38:03.677897,Llama-3.2-3B,SLM,3B,ollama,30,The current reference grade instruments are challenging to operate due to their ...,NEGATIVE,financial_news_sentiment,unspecified,2,NEGATIVE,True,2348,NEGATIVE,
2026-09-20T15:38:07.648993,Llama-3.2-3B,SLM,3B,ollama,30,The current reference grade instruments are challenging to operate due to their ...,NEGATIVE,financial_news_sentiment,unspecified,3,NEGATIVE,True,2392,NEGATIVE,
2026-09-20T15:38:31.794732,Phi4-Mini,SLM,3.8B,ollama,1,The company was supposed to deliver machinery to a veneer mill in the Tomsk regi...,NEUTRAL,financial_news_sentiment,unspecified,1,NEUTRAL,True,17317,NEUTRAL,
2026-09-20T15:38:35.934135,Phi4-Mini,SLM,3.8B,ollama,1,The company was supposed to deliver machinery to a veneer mill in the Tomsk regi...,NEUTRAL,financial_news_sentiment,unspecified,2,NEUTRAL,True,2541,NEUTRAL,
2026-09-20T15:38:40.010299,Phi4-Mini,SLM,3.8B,ollama,1,The company was supposed to deliver machinery to a veneer mill in the Tomsk regi...,NEUTRAL,financial_news_sentiment,unspecified,3,NEUTRAL,True,2495,NEUTRAL,
2026-09-20T15:38:45.013421,Phi4-Mini,SLM,3.8B,ollama,2,UNC Charlotte would also deploy SSH Tectia Connector to enable secure applicatio...,NEUTRAL,financial_news_sentiment,unspecified,1,POSITIVE,False,3425,POSITIVE,
2026-09-20T15:38:49.012012,Phi4-Mini,SLM,3.8B,ollama,2,UNC Charlotte would also deploy SSH Tectia Connector to enable secure applicatio...,NEUTRAL,financial_news_sentiment,unspecified,2,POSITIVE,False,2415,POSITIVE,
2026-09-20T15:38:53.037637,Phi4-Mini,SLM,3.8B,ollama,2,UNC Charlotte would also deploy SSH Tectia Connector to enable secure applicatio...,NEUTRAL,financial_news_sentiment,unspecified,3,POSITIVE,False,2429,POSITIVE,
2026-09-20T15:38:58.897046,Phi4-Mini,SLM,3.8B,ollama,3,"In 2009 , Lee & Man had a combined annual production capacity of close to 4.5 mi...",NEUTRAL,financial_news_sentiment,unspecified,1,NEUTRAL,True,4257,NEUTRAL,
2026-09-20T15:39:03.092585,Phi4-Mini,SLM,3.8B,ollama,3,"In 2009 , Lee & Man had a combined annual production capacity of close to 4.5 mi...",NEUTRAL,financial_news_sentiment,unspecified,2,NEUTRAL,True,2609,NEUTRAL,
2026-09-20T15:39:07.259997,Phi4-Mini,SLM,3.8B,ollama,3,"In 2009 , Lee & Man had a combined annual production capacity of close to 4.5 mi...",NEUTRAL,financial_news_sentiment,unspecified,3,NEUTRAL,True,2594,NEUTRAL,
2026-09-20T15:39:12.837208,Phi4-Mini,SLM,3.8B,ollama,4,"`` That 's a very high figure on the European scale , '' Noop said , recalling h...",NEUTRAL,financial_news_sentiment,unspecified,1,NEGATIVE,False,3988,NEGATIVE,
2026-09-20T15:39:16.843395,Phi4-Mini,SLM,3.8B,ollama,4,"`` That 's a very high figure on the European scale , '' Noop said , recalling h...",NEUTRAL,financial_news_sentiment,unspecified,2,NEGATIVE,False,2417,NEGATIVE,
2026-09-20T15:39:20.864939,Phi4-Mini,SLM,3.8B,ollama,4,"`` That 's a very high figure on the European scale , '' Noop said , recalling h...",NEUTRAL,financial_news_sentiment,unspecified,3,NEGATIVE,False,2424,NEGATIVE,
2026-09-20T15:39:26.717748,Phi4-Mini,SLM,3.8B,ollama,5,"In Finland , the corresponding service is Alma Media 's Etuovi.com , Finland 's ...",NEUTRAL,financial_news_sentiment,unspecified,1,POSITIVE,False,4273,POSITIVE,
2026-09-20T15:39:30.730540,Phi4-Mini,SLM,3.8B,ollama,5,"In Finland , the corresponding service is Alma Media 's Etuovi.com , Finland 's ...",NEUTRAL,financial_news_sentiment,unspecified,2,POSITIVE,False,2433,POSITIVE,
2026-09-20T15:39:34.762556,Phi4-Mini,SLM,3.8B,ollama,5,"In Finland , the corresponding service is Alma Media 's Etuovi.com , Finland 's ...",NEUTRAL,financial_news_sentiment,unspecified,3,POSITIVE,False,2414,POSITIVE,
2026-09-20T15:39:40.282718,Phi4-Mini,SLM,3.8B,ollama,6,Construction is scheduled to start in April-June 2007 and to be completed in ear...,NEUTRAL,financial_news_sentiment,unspecified,1,POSITIVE,False,3944,POSITIVE,
2026-09-20T15:39:44.286029,Phi4-Mini,SLM,3.8B,ollama,6,Construction is scheduled to start in April-June 2007 and to be completed in ear...,NEUTRAL,financial_news_sentiment,unspecified,2,POSITIVE,False,2411,POSITIVE,
2026-09-20T15:39:48.281393,Phi4-Mini,SLM,3.8B,ollama,6,Construction is scheduled to start in April-June 2007 and to be completed in ear...,NEUTRAL,financial_news_sentiment,unspecified,3,POSITIVE,False,2411,POSITIVE,
2026-09-20T15:39:54.709968,Phi4-Mini,SLM,3.8B,ollama,7,Finnish-owned contract manufacturer of electronics Elcoteq Hungary Kft has annou...,POSITIVE,financial_news_sentiment,unspecified,1,POSITIVE,True,4856,POSITIVE,
2026-09-20T15:39:58.734298,Phi4-Mini,SLM,3.8B,ollama,7,Finnish-owned contract manufacturer of electronics Elcoteq Hungary Kft has annou...,POSITIVE,financial_news_sentiment,unspecified,2,POSITIVE,True,2445,POSITIVE,
2026-09-20T15:40:02.728651,Phi4-Mini,SLM,3.8B,ollama,7,Finnish-owned contract manufacturer of electronics Elcoteq Hungary Kft has annou...,POSITIVE,financial_news_sentiment,unspecified,3,POSITIVE,True,2421,POSITIVE,
2026-09-20T15:40:08.796975,Phi4-Mini,SLM,3.8B,ollama,8,"The gross area of the Innova 2 project will be about 10,000 sq m ( 107,600 sq ft...",NEUTRAL,financial_news_sentiment,unspecified,1,NEUTRAL,True,4472,NEUTRAL,
2026-09-20T15:40:12.903251,Phi4-Mini,SLM,3.8B,ollama,8,"The gross area of the Innova 2 project will be about 10,000 sq m ( 107,600 sq ft...",NEUTRAL,financial_news_sentiment,unspecified,2,NEUTRAL,True,2526,NEUTRAL,
2026-09-20T15:40:17.023512,Phi4-Mini,SLM,3.8B,ollama,8,"The gross area of the Innova 2 project will be about 10,000 sq m ( 107,600 sq ft...",NEUTRAL,financial_news_sentiment,unspecified,3,NEUTRAL,True,2523,NEUTRAL,
2026-09-20T15:40:25.000203,Phi4-Mini,SLM,3.8B,ollama,9,Finnish home decoration and arts and crafts retailer Tiimari Plc ( OMX Helsinki ...,NEUTRAL,financial_news_sentiment,unspecified,1,NEGATIVE,False,6394,NEGATIVE,
2026-09-20T15:40:29.041423,Phi4-Mini,SLM,3.8B,ollama,9,Finnish home decoration and arts and crafts retailer Tiimari Plc ( OMX Helsinki ...,NEUTRAL,financial_news_sentiment,unspecified,2,NEGATIVE,False,2448,NEGATIVE,
2026-09-20T15:40:33.107741,Phi4-Mini,SLM,3.8B,ollama,9,Finnish home decoration and arts and crafts retailer Tiimari Plc ( OMX Helsinki ...,NEUTRAL,financial_news_sentiment,unspecified,3,NEGATIVE,False,2434,NEGATIVE,
2026-09-20T15:40:38.565663,Phi4-Mini,SLM,3.8B,ollama,10,Deliveries will start in the second half of 2007 and the start-up of the mill is...,NEUTRAL,financial_news_sentiment,unspecified,1,POSITIVE,False,3844,POSITIVE,
2026-09-20T15:40:42.616988,Phi4-Mini,SLM,3.8B,ollama,10,Deliveries will start in the second half of 2007 and the start-up of the mill is...,NEUTRAL,financial_news_sentiment,unspecified,2,POSITIVE,False,2439,POSITIVE,
2026-09-20T15:40:46.649628,Phi4-Mini,SLM,3.8B,ollama,10,Deliveries will start in the second half of 2007 and the start-up of the mill is...,NEUTRAL,financial_news_sentiment,unspecified,3,POSITIVE,False,2449,POSITIVE,
2026-09-20T15:40:52.093311,Phi4-Mini,SLM,3.8B,ollama,11,"Steek , which was set up in 2002 , is based in Bordeaux , southwestern France .",NEUTRAL,financial_news_sentiment,unspecified,1,NEUTRAL,True,3866,NEUTRAL,
2026-09-20T15:40:56.237108,Phi4-Mini,SLM,3.8B,ollama,11,"Steek , which was set up in 2002 , is based in Bordeaux , southwestern France .",NEUTRAL,financial_news_sentiment,unspecified,2,NEUTRAL,True,2567,NEUTRAL,
2026-09-20T15:41:00.404780,Phi4-Mini,SLM,3.8B,ollama,11,"Steek , which was set up in 2002 , is based in Bordeaux , southwestern France .",NEUTRAL,financial_news_sentiment,unspecified,3,NEUTRAL,True,2579,NEUTRAL,
2026-09-20T15:41:05.884951,Phi4-Mini,SLM,3.8B,ollama,12,"Outotec said it won new orders worth 492.9 mln eur during the quarter , compared...",POSITIVE,financial_news_sentiment,unspecified,1,POSITIVE,True,3876,POSITIVE,
2026-09-20T15:41:09.917915,Phi4-Mini,SLM,3.8B,ollama,12,"Outotec said it won new orders worth 492.9 mln eur during the quarter , compared...",POSITIVE,financial_news_sentiment,unspecified,2,POSITIVE,True,2441,POSITIVE,
2026-09-20T15:41:13.925735,Phi4-Mini,SLM,3.8B,ollama,12,"Outotec said it won new orders worth 492.9 mln eur during the quarter , compared...",POSITIVE,financial_news_sentiment,unspecified,3,POSITIVE,True,2426,POSITIVE,
2026-09-20T15:41:19.198137,Phi4-Mini,SLM,3.8B,ollama,13,"The store is located in Poznan in a shopping center named Pestka , the company a...",NEUTRAL,financial_news_sentiment,unspecified,1,NEUTRAL,True,3685,NEUTRAL,
2026-09-20T15:41:23.342817,Phi4-Mini,SLM,3.8B,ollama,13,"The store is located in Poznan in a shopping center named Pestka , the company a...",NEUTRAL,financial_news_sentiment,unspecified,2,NEUTRAL,True,2542,NEUTRAL,
2026-09-20T15:41:27.467689,Phi4-Mini,SLM,3.8B,ollama,13,"The store is located in Poznan in a shopping center named Pestka , the company a...",NEUTRAL,financial_news_sentiment,unspecified,3,NEUTRAL,True,2552,NEUTRAL,
2026-09-20T15:41:32.332305,Phi4-Mini,SLM,3.8B,ollama,14,The value of the order is USD 2.2 mn .,NEUTRAL,financial_news_sentiment,unspecified,1,NEUTRAL,True,3282,NEUTRAL,
2026-09-20T15:41:36.443305,Phi4-Mini,SLM,3.8B,ollama,14,The value of the order is USD 2.2 mn .,NEUTRAL,financial_news_sentiment,unspecified,2,NEUTRAL,True,2533,NEUTRAL,
2026-09-20T15:41:40.568785,Phi4-Mini,SLM,3.8B,ollama,14,The value of the order is USD 2.2 mn .,NEUTRAL,financial_news_sentiment,unspecified,3,NEUTRAL,True,2544,NEUTRAL,
2026-09-20T15:41:45.867363,Phi4-Mini,SLM,3.8B,ollama,15,The company expects meat purchases to remain at about 8mn kilos in 2011 .,NEUTRAL,financial_news_sentiment,unspecified,1,NEUTRAL,True,3707,NEUTRAL,
2026-09-20T15:41:50.011188,Phi4-Mini,SLM,3.8B,ollama,15,The company expects meat purchases to remain at about 8mn kilos in 2011 .,NEUTRAL,financial_news_sentiment,unspecified,2,NEUTRAL,True,2559,NEUTRAL,
2026-09-20T15:41:54.105769,Phi4-Mini,SLM,3.8B,ollama,15,The company expects meat purchases to remain at about 8mn kilos in 2011 .,NEUTRAL,financial_news_sentiment,unspecified,3,NEUTRAL,True,2515,NEUTRAL,
2026-09-20T15:41:59.032778,Phi4-Mini,SLM,3.8B,ollama,16,Finnish house manufacturers are targeting the strongly growing one-family house ...,NEUTRAL,financial_news_sentiment,unspecified,1,POSITIVE,False,3336,POSITIVE,
2026-09-20T15:42:03.018775,Phi4-Mini,SLM,3.8B,ollama,16,Finnish house manufacturers are targeting the strongly growing one-family house ...,NEUTRAL,financial_news_sentiment,unspecified,2,POSITIVE,False,2414,POSITIVE,
2026-09-20T15:42:07.008416,Phi4-Mini,SLM,3.8B,ollama,16,Finnish house manufacturers are targeting the strongly growing one-family house ...,NEUTRAL,financial_news_sentiment,unspecified,3,POSITIVE,False,2406,POSITIVE,
2026-09-20T15:42:11.892258,Phi4-Mini,SLM,3.8B,ollama,17,The deal was worth about EUR 1.2 mn .,NEUTRAL,financial_news_sentiment,unspecified,1,POSITIVE,False,3273,POSITIVE,
2026-09-20T15:42:15.892880,Phi4-Mini,SLM,3.8B,ollama,17,The deal was worth about EUR 1.2 mn .,NEUTRAL,financial_news_sentiment,unspecified,2,POSITIVE,False,2424,POSITIVE,
2026-09-20T15:42:19.894173,Phi4-Mini,SLM,3.8B,ollama,17,The deal was worth about EUR 1.2 mn .,NEUTRAL,financial_news_sentiment,unspecified,3,POSITIVE,False,2417,POSITIVE,
2026-09-20T15:42:25.420398,Phi4-Mini,SLM,3.8B,ollama,18,Any investment or investment activity to which this communication relates is onl...,NEUTRAL,financial_news_sentiment,unspecified,1,NEUTRAL,True,3947,NEUTRAL,
2026-09-20T15:42:29.525547,Phi4-Mini,SLM,3.8B,ollama,18,Any investment or investment activity to which this communication relates is onl...,NEUTRAL,financial_news_sentiment,unspecified,2,NEUTRAL,True,2533,NEUTRAL,
2026-09-20T15:42:33.622057,Phi4-Mini,SLM,3.8B,ollama,18,Any investment or investment activity to which this communication relates is onl...,NEUTRAL,financial_news_sentiment,unspecified,3,NEUTRAL,True,2514,NEUTRAL,
2026-09-20T15:42:39.365502,Phi4-Mini,SLM,3.8B,ollama,19,Following the increase the company+EUR TM s capital totals 5.5 mln Romanian lei...,NEUTRAL,financial_news_sentiment,unspecified,1,POSITIVE,False,4152,POSITIVE,
2026-09-20T15:42:43.341417,Phi4-Mini,SLM,3.8B,ollama,19,Following the increase the company+EUR TM s capital totals 5.5 mln Romanian lei...,NEUTRAL,financial_news_sentiment,unspecified,2,POSITIVE,False,2391,POSITIVE,
2026-09-20T15:42:47.342332,Phi4-Mini,SLM,3.8B,ollama,19,Following the increase the company+EUR TM s capital totals 5.5 mln Romanian lei...,NEUTRAL,financial_news_sentiment,unspecified,3,POSITIVE,False,2423,POSITIVE,
2026-09-20T15:42:53.519908,Phi4-Mini,SLM,3.8B,ollama,20,Since the association 's data do not cover sales figures from about 100 small lo...,NEGATIVE,financial_news_sentiment,unspecified,1,NEGATIVE,True,4605,NEGATIVE,
2026-09-20T15:42:57.517615,Phi4-Mini,SLM,3.8B,ollama,20,Since the association 's data do not cover sales figures from about 100 small lo...,NEGATIVE,financial_news_sentiment,unspecified,2,NEGATIVE,True,2419,NEGATIVE,
2026-09-20T15:43:01.494544,Phi4-Mini,SLM,3.8B,ollama,20,Since the association 's data do not cover sales figures from about 100 small lo...,NEGATIVE,financial_news_sentiment,unspecified,3,NEGATIVE,True,2392,NEGATIVE,
2026-09-20T15:43:08.451911,Phi4-Mini,SLM,3.8B,ollama,21,"According to the Latvian business register , Uponor Latvia closed in red with LV...",NEGATIVE,financial_news_sentiment,unspecified,1,NEGATIVE,True,5386,NEGATIVE,
2026-09-20T15:43:12.457813,Phi4-Mini,SLM,3.8B,ollama,21,"According to the Latvian business register , Uponor Latvia closed in red with LV...",NEGATIVE,financial_news_sentiment,unspecified,2,NEGATIVE,True,2424,NEGATIVE,
2026-09-20T15:43:16.488217,Phi4-Mini,SLM,3.8B,ollama,21,"According to the Latvian business register , Uponor Latvia closed in red with LV...",NEGATIVE,financial_news_sentiment,unspecified,3,NEGATIVE,True,2445,NEGATIVE,
2026-09-20T15:43:21.802853,Phi4-Mini,SLM,3.8B,ollama,22,The issue came up in connection with discussion with local municipalities concer...,NEUTRAL,financial_news_sentiment,unspecified,1,NEUTRAL,True,3738,NEUTRAL,
2026-09-20T15:43:25.914475,Phi4-Mini,SLM,3.8B,ollama,22,The issue came up in connection with discussion with local municipalities concer...,NEUTRAL,financial_news_sentiment,unspecified,2,NEUTRAL,True,2523,NEUTRAL,
2026-09-20T15:43:30.044114,Phi4-Mini,SLM,3.8B,ollama,22,The issue came up in connection with discussion with local municipalities concer...,NEUTRAL,financial_news_sentiment,unspecified,3,NEUTRAL,True,2547,NEUTRAL,
2026-09-20T15:43:36.288708,Phi4-Mini,SLM,3.8B,ollama,23,Operating profit rose to EUR 13.1 mn from EUR 8.7 mn in the corresponding period...,POSITIVE,financial_news_sentiment,unspecified,1,POSITIVE,True,4656,POSITIVE,
2026-09-20T15:43:40.318523,Phi4-Mini,SLM,3.8B,ollama,23,Operating profit rose to EUR 13.1 mn from EUR 8.7 mn in the corresponding period...,POSITIVE,financial_news_sentiment,unspecified,2,POSITIVE,True,2456,POSITIVE,
2026-09-20T15:43:44.296682,Phi4-Mini,SLM,3.8B,ollama,23,Operating profit rose to EUR 13.1 mn from EUR 8.7 mn in the corresponding period...,POSITIVE,financial_news_sentiment,unspecified,3,POSITIVE,True,2399,POSITIVE,
2026-09-20T15:43:49.229601,Phi4-Mini,SLM,3.8B,ollama,24,"Its annual capacity is some 10,000 MW .",NEUTRAL,financial_news_sentiment,unspecified,1,NEUTRAL,True,3359,NEUTRAL,
2026-09-20T15:43:53.473298,Phi4-Mini,SLM,3.8B,ollama,24,"Its annual capacity is some 10,000 MW .",NEUTRAL,financial_news_sentiment,unspecified,2,NEUTRAL,True,2669,NEUTRAL,
2026-09-20T15:43:57.576406,Phi4-Mini,SLM,3.8B,ollama,24,"Its annual capacity is some 10,000 MW .",NEUTRAL,financial_news_sentiment,unspecified,3,NEUTRAL,True,2516,NEUTRAL,
2026-09-20T15:44:02.523164,Phi4-Mini,SLM,3.8B,ollama,25,"The Finnish company is building a 800,000 mt-year biodiesel plant in Singapore .",NEUTRAL,financial_news_sentiment,unspecified,1,POSITIVE,False,3366,POSITIVE,
2026-09-20T15:44:06.532477,Phi4-Mini,SLM,3.8B,ollama,25,"The Finnish company is building a 800,000 mt-year biodiesel plant in Singapore .",NEUTRAL,financial_news_sentiment,unspecified,2,POSITIVE,False,2438,POSITIVE,
2026-09-20T15:44:10.542089,Phi4-Mini,SLM,3.8B,ollama,25,"The Finnish company is building a 800,000 mt-year biodiesel plant in Singapore .",NEUTRAL,financial_news_sentiment,unspecified,3,POSITIVE,False,2429,POSITIVE,
2026-09-20T15:44:16.541407,Phi4-Mini,SLM,3.8B,ollama,26,The long-standing partnership and commitment enable both parties to develop thei...,POSITIVE,financial_news_sentiment,unspecified,1,POSITIVE,True,4402,POSITIVE,
2026-09-20T15:44:20.530365,Phi4-Mini,SLM,3.8B,ollama,26,The long-standing partnership and commitment enable both parties to develop thei...,POSITIVE,financial_news_sentiment,unspecified,2,POSITIVE,True,2411,POSITIVE,
2026-09-20T15:44:24.562233,Phi4-Mini,SLM,3.8B,ollama,26,The long-standing partnership and commitment enable both parties to develop thei...,POSITIVE,financial_news_sentiment,unspecified,3,POSITIVE,True,2454,POSITIVE,
2026-09-20T15:44:30.355273,Phi4-Mini,SLM,3.8B,ollama,27,"Aldata Solution , a global company engaged in supplier to consumer business proc...",NEUTRAL,financial_news_sentiment,unspecified,1,POSITIVE,False,4207,POSITIVE,
2026-09-20T15:44:34.369239,Phi4-Mini,SLM,3.8B,ollama,27,"Aldata Solution , a global company engaged in supplier to consumer business proc...",NEUTRAL,financial_news_sentiment,unspecified,2,POSITIVE,False,2429,POSITIVE,
2026-09-20T15:44:38.391180,Phi4-Mini,SLM,3.8B,ollama,27,"Aldata Solution , a global company engaged in supplier to consumer business proc...",NEUTRAL,financial_news_sentiment,unspecified,3,POSITIVE,False,2443,POSITIVE,
2026-09-20T15:44:44.319131,Phi4-Mini,SLM,3.8B,ollama,28,The reasons behind the estimate include the rise in 2008 rent levels and several...,NEUTRAL,financial_news_sentiment,unspecified,1,POSITIVE,False,4351,POSITIVE,
2026-09-20T15:44:48.332546,Phi4-Mini,SLM,3.8B,ollama,28,The reasons behind the estimate include the rise in 2008 rent levels and several...,NEUTRAL,financial_news_sentiment,unspecified,2,POSITIVE,False,2422,POSITIVE,
2026-09-20T15:44:52.334228,Phi4-Mini,SLM,3.8B,ollama,28,The reasons behind the estimate include the rise in 2008 rent levels and several...,NEUTRAL,financial_news_sentiment,unspecified,3,POSITIVE,False,2414,POSITIVE,
2026-09-20T15:44:58.495778,Phi4-Mini,SLM,3.8B,ollama,29,Finnish beverage company Olvi is introducing a new long drink Olvi Kultalonkero ...,NEUTRAL,financial_news_sentiment,unspecified,1,POSITIVE,False,4577,POSITIVE,
2026-09-20T15:45:02.507693,Phi4-Mini,SLM,3.8B,ollama,29,Finnish beverage company Olvi is introducing a new long drink Olvi Kultalonkero ...,NEUTRAL,financial_news_sentiment,unspecified,2,POSITIVE,False,2427,POSITIVE,
2026-09-20T15:45:06.531078,Phi4-Mini,SLM,3.8B,ollama,29,Finnish beverage company Olvi is introducing a new long drink Olvi Kultalonkero ...,NEUTRAL,financial_news_sentiment,unspecified,3,POSITIVE,False,2447,POSITIVE,
2026-09-20T15:45:11.785669,Phi4-Mini,SLM,3.8B,ollama,30,The current reference grade instruments are challenging to operate due to their ...,NEGATIVE,financial_news_sentiment,unspecified,1,NEGATIVE,True,3676,NEGATIVE,
2026-09-20T15:45:15.812204,Phi4-Mini,SLM,3.8B,ollama,30,The current reference grade instruments are challenging to operate due to their ...,NEGATIVE,financial_news_sentiment,unspecified,2,NEGATIVE,True,2449,NEGATIVE,
2026-09-20T15:45:19.799682,Phi4-Mini,SLM,3.8B,ollama,30,The current reference grade instruments are challenging to operate due to their ...,NEGATIVE,financial_news_sentiment,unspecified,3,NEGATIVE,True,2409,NEGATIVE,
2026-09-20T15:45:48.464847,Gemma3-4B,SLM,4B,ollama,1,The company was supposed to deliver machinery to a veneer mill in the Tomsk regi...,NEUTRAL,financial_news_sentiment,unspecified,1,NEUTRAL,True,21904,NEUTRAL,
2026-09-20T15:45:52.816118,Gemma3-4B,SLM,4B,ollama,1,The company was supposed to deliver machinery to a veneer mill in the Tomsk regi...,NEUTRAL,financial_news_sentiment,unspecified,2,NEUTRAL,True,2701,NEUTRAL,
2026-09-20T15:45:57.079504,Gemma3-4B,SLM,4B,ollama,1,The company was supposed to deliver machinery to a veneer mill in the Tomsk regi...,NEUTRAL,financial_news_sentiment,unspecified,3,NEUTRAL,True,2679,NEUTRAL,
2026-09-20T15:46:05.802334,Gemma3-4B,SLM,4B,ollama,2,UNC Charlotte would also deploy SSH Tectia Connector to enable secure applicatio...,NEUTRAL,financial_news_sentiment,unspecified,1,NEUTRAL,True,7140,NEUTRAL,
2026-09-20T15:46:10.051835,Gemma3-4B,SLM,4B,ollama,2,UNC Charlotte would also deploy SSH Tectia Connector to enable secure applicatio...,NEUTRAL,financial_news_sentiment,unspecified,2,NEUTRAL,True,2663,NEUTRAL,
2026-09-20T15:46:14.406912,Gemma3-4B,SLM,4B,ollama,2,UNC Charlotte would also deploy SSH Tectia Connector to enable secure applicatio...,NEUTRAL,financial_news_sentiment,unspecified,3,NEUTRAL,True,2771,NEUTRAL,
2026-09-20T15:46:23.541295,Gemma3-4B,SLM,4B,ollama,3,"In 2009 , Lee & Man had a combined annual production capacity of close to 4.5 mi...",NEUTRAL,financial_news_sentiment,unspecified,1,NEUTRAL,True,7555,NEUTRAL,
2026-09-20T15:46:27.802743,Gemma3-4B,SLM,4B,ollama,3,"In 2009 , Lee & Man had a combined annual production capacity of close to 4.5 mi...",NEUTRAL,financial_news_sentiment,unspecified,2,NEUTRAL,True,2675,NEUTRAL,
2026-09-20T15:46:32.088500,Gemma3-4B,SLM,4B,ollama,3,"In 2009 , Lee & Man had a combined annual production capacity of close to 4.5 mi...",NEUTRAL,financial_news_sentiment,unspecified,3,NEUTRAL,True,2706,NEUTRAL,
2026-09-20T15:46:41.440029,Gemma3-4B,SLM,4B,ollama,4,"`` That 's a very high figure on the European scale , '' Noop said , recalling h...",NEUTRAL,financial_news_sentiment,unspecified,1,NEUTRAL,True,7769,NEUTRAL,
2026-09-20T15:46:45.751294,Gemma3-4B,SLM,4B,ollama,4,"`` That 's a very high figure on the European scale , '' Noop said , recalling h...",NEUTRAL,financial_news_sentiment,unspecified,2,NEUTRAL,True,2725,NEUTRAL,
2026-09-20T15:46:50.027888,Gemma3-4B,SLM,4B,ollama,4,"`` That 's a very high figure on the European scale , '' Noop said , recalling h...",NEUTRAL,financial_news_sentiment,unspecified,3,NEUTRAL,True,2686,NEUTRAL,
2026-09-20T15:46:59.193339,Gemma3-4B,SLM,4B,ollama,5,"In Finland , the corresponding service is Alma Media 's Etuovi.com , Finland 's ...",NEUTRAL,financial_news_sentiment,unspecified,1,NEUTRAL,True,7584,NEUTRAL,
2026-09-20T15:47:03.487850,Gemma3-4B,SLM,4B,ollama,5,"In Finland , the corresponding service is Alma Media 's Etuovi.com , Finland 's ...",NEUTRAL,financial_news_sentiment,unspecified,2,NEUTRAL,True,2713,NEUTRAL,
2026-09-20T15:47:07.752021,Gemma3-4B,SLM,4B,ollama,5,"In Finland , the corresponding service is Alma Media 's Etuovi.com , Finland 's ...",NEUTRAL,financial_news_sentiment,unspecified,3,NEUTRAL,True,2681,NEUTRAL,
2026-09-20T15:47:17.319873,Gemma3-4B,SLM,4B,ollama,6,Construction is scheduled to start in April-June 2007 and to be completed in ear...,NEUTRAL,financial_news_sentiment,unspecified,1,NEUTRAL,True,7985,NEUTRAL,
2026-09-20T15:47:21.571497,Gemma3-4B,SLM,4B,ollama,6,Construction is scheduled to start in April-June 2007 and to be completed in ear...,NEUTRAL,financial_news_sentiment,unspecified,2,NEUTRAL,True,2666,NEUTRAL,
2026-09-20T15:47:25.882374,Gemma3-4B,SLM,4B,ollama,6,Construction is scheduled to start in April-June 2007 and to be completed in ear...,NEUTRAL,financial_news_sentiment,unspecified,3,NEUTRAL,True,2723,NEUTRAL,
2026-09-20T15:47:35.320040,Gemma3-4B,SLM,4B,ollama,7,Finnish-owned contract manufacturer of electronics Elcoteq Hungary Kft has annou...,POSITIVE,financial_news_sentiment,unspecified,1,POSITIVE,True,7854,"POSITIVE
",
2026-09-20T15:47:39.558197,Gemma3-4B,SLM,4B,ollama,7,Finnish-owned contract manufacturer of electronics Elcoteq Hungary Kft has annou...,POSITIVE,financial_news_sentiment,unspecified,2,POSITIVE,True,2655,"POSITIVE
",
2026-09-20T15:47:43.796157,Gemma3-4B,SLM,4B,ollama,7,Finnish-owned contract manufacturer of electronics Elcoteq Hungary Kft has annou...,POSITIVE,financial_news_sentiment,unspecified,3,POSITIVE,True,2662,"POSITIVE
",
2026-09-20T15:47:53.283602,Gemma3-4B,SLM,4B,ollama,8,"The gross area of the Innova 2 project will be about 10,000 sq m ( 107,600 sq ft...",NEUTRAL,financial_news_sentiment,unspecified,1,NEUTRAL,True,7868,NEUTRAL,
2026-09-20T15:47:57.589946,Gemma3-4B,SLM,4B,ollama,8,"The gross area of the Innova 2 project will be about 10,000 sq m ( 107,600 sq ft...",NEUTRAL,financial_news_sentiment,unspecified,2,NEUTRAL,True,2722,NEUTRAL,
2026-09-20T15:48:01.876648,Gemma3-4B,SLM,4B,ollama,8,"The gross area of the Innova 2 project will be about 10,000 sq m ( 107,600 sq ft...",NEUTRAL,financial_news_sentiment,unspecified,3,NEUTRAL,True,2711,NEUTRAL,
2026-09-20T15:48:12.185914,Gemma3-4B,SLM,4B,ollama,9,Finnish home decoration and arts and crafts retailer Tiimari Plc ( OMX Helsinki ...,NEUTRAL,financial_news_sentiment,unspecified,1,NEGATIVE,False,8726,NEGATIVE,
2026-09-20T15:48:16.321590,Gemma3-4B,SLM,4B,ollama,9,Finnish home decoration and arts and crafts retailer Tiimari Plc ( OMX Helsinki ...,NEUTRAL,financial_news_sentiment,unspecified,2,NEGATIVE,False,2547,NEGATIVE,
2026-09-20T15:48:20.492965,Gemma3-4B,SLM,4B,ollama,9,Finnish home decoration and arts and crafts retailer Tiimari Plc ( OMX Helsinki ...,NEUTRAL,financial_news_sentiment,unspecified,3,NEGATIVE,False,2589,NEGATIVE,
2026-09-20T15:48:29.612054,Gemma3-4B,SLM,4B,ollama,10,Deliveries will start in the second half of 2007 and the start-up of the mill is...,NEUTRAL,financial_news_sentiment,unspecified,1,NEUTRAL,True,7506,NEUTRAL,
2026-09-20T15:48:33.848884,Gemma3-4B,SLM,4B,ollama,10,Deliveries will start in the second half of 2007 and the start-up of the mill is...,NEUTRAL,financial_news_sentiment,unspecified,2,NEUTRAL,True,2654,NEUTRAL,
2026-09-20T15:48:38.077956,Gemma3-4B,SLM,4B,ollama,10,Deliveries will start in the second half of 2007 and the start-up of the mill is...,NEUTRAL,financial_news_sentiment,unspecified,3,NEUTRAL,True,2649,NEUTRAL,
2026-09-20T15:48:47.046261,Gemma3-4B,SLM,4B,ollama,11,"Steek , which was set up in 2002 , is based in Bordeaux , southwestern France .",NEUTRAL,financial_news_sentiment,unspecified,1,NEUTRAL,True,7385,NEUTRAL,
2026-09-20T15:48:51.330947,Gemma3-4B,SLM,4B,ollama,11,"Steek , which was set up in 2002 , is based in Bordeaux , southwestern France .",NEUTRAL,financial_news_sentiment,unspecified,2,NEUTRAL,True,2708,NEUTRAL,
2026-09-20T15:48:55.622099,Gemma3-4B,SLM,4B,ollama,11,"Steek , which was set up in 2002 , is based in Bordeaux , southwestern France .",NEUTRAL,financial_news_sentiment,unspecified,3,NEUTRAL,True,2692,NEUTRAL,
2026-09-20T15:49:04.533184,Gemma3-4B,SLM,4B,ollama,12,"Outotec said it won new orders worth 492.9 mln eur during the quarter , compared...",POSITIVE,financial_news_sentiment,unspecified,1,POSITIVE,True,7324,POSITIVE,
2026-09-20T15:49:08.682928,Gemma3-4B,SLM,4B,ollama,12,"Outotec said it won new orders worth 492.9 mln eur during the quarter , compared...",POSITIVE,financial_news_sentiment,unspecified,2,POSITIVE,True,2563,POSITIVE,
2026-09-20T15:49:12.876826,Gemma3-4B,SLM,4B,ollama,12,"Outotec said it won new orders worth 492.9 mln eur during the quarter , compared...",POSITIVE,financial_news_sentiment,unspecified,3,POSITIVE,True,2603,POSITIVE,
2026-09-20T15:49:21.294110,Gemma3-4B,SLM,4B,ollama,13,"The store is located in Poznan in a shopping center named Pestka , the company a...",NEUTRAL,financial_news_sentiment,unspecified,1,NEUTRAL,True,6836,NEUTRAL,
2026-09-20T15:49:25.544352,Gemma3-4B,SLM,4B,ollama,13,"The store is located in Poznan in a shopping center named Pestka , the company a...",NEUTRAL,financial_news_sentiment,unspecified,2,NEUTRAL,True,2664,NEUTRAL,
2026-09-20T15:49:29.760349,Gemma3-4B,SLM,4B,ollama,13,"The store is located in Poznan in a shopping center named Pestka , the company a...",NEUTRAL,financial_news_sentiment,unspecified,3,NEUTRAL,True,2642,NEUTRAL,
2026-09-20T15:49:37.902973,Gemma3-4B,SLM,4B,ollama,14,The value of the order is USD 2.2 mn .,NEUTRAL,financial_news_sentiment,unspecified,1,NEUTRAL,True,6563,NEUTRAL,
2026-09-20T15:49:42.140074,Gemma3-4B,SLM,4B,ollama,14,The value of the order is USD 2.2 mn .,NEUTRAL,financial_news_sentiment,unspecified,2,NEUTRAL,True,2660,NEUTRAL,
2026-09-20T15:49:46.439848,Gemma3-4B,SLM,4B,ollama,14,The value of the order is USD 2.2 mn .,NEUTRAL,financial_news_sentiment,unspecified,3,NEUTRAL,True,2720,NEUTRAL,
2026-09-20T15:49:55.098565,Gemma3-4B,SLM,4B,ollama,15,The company expects meat purchases to remain at about 8mn kilos in 2011 .,NEUTRAL,financial_news_sentiment,unspecified,1,NEUTRAL,True,7081,NEUTRAL,
2026-09-20T15:49:59.327331,Gemma3-4B,SLM,4B,ollama,15,The company expects meat purchases to remain at about 8mn kilos in 2011 .,NEUTRAL,financial_news_sentiment,unspecified,2,NEUTRAL,True,2647,NEUTRAL,
2026-09-20T15:50:03.551821,Gemma3-4B,SLM,4B,ollama,15,The company expects meat purchases to remain at about 8mn kilos in 2011 .,NEUTRAL,financial_news_sentiment,unspecified,3,NEUTRAL,True,2636,NEUTRAL,
2026-09-20T15:50:12.136112,Gemma3-4B,SLM,4B,ollama,16,Finnish house manufacturers are targeting the strongly growing one-family house ...,NEUTRAL,financial_news_sentiment,unspecified,1,POSITIVE,False,7011,"POSITIVE
",
2026-09-20T15:50:16.412556,Gemma3-4B,SLM,4B,ollama,16,Finnish house manufacturers are targeting the strongly growing one-family house ...,NEUTRAL,financial_news_sentiment,unspecified,2,POSITIVE,False,2694,"POSITIVE
",
2026-09-20T15:50:20.683042,Gemma3-4B,SLM,4B,ollama,16,Finnish house manufacturers are targeting the strongly growing one-family house ...,NEUTRAL,financial_news_sentiment,unspecified,3,POSITIVE,False,2687,"POSITIVE
",
2026-09-20T15:50:29.506116,Gemma3-4B,SLM,4B,ollama,17,The deal was worth about EUR 1.2 mn .,NEUTRAL,financial_news_sentiment,unspecified,1,NEUTRAL,True,6791,NEUTRAL,
2026-09-20T15:50:33.761361,Gemma3-4B,SLM,4B,ollama,17,The deal was worth about EUR 1.2 mn .,NEUTRAL,financial_news_sentiment,unspecified,2,NEUTRAL,True,2673,NEUTRAL,
2026-09-20T15:50:38.117118,Gemma3-4B,SLM,4B,ollama,17,The deal was worth about EUR 1.2 mn .,NEUTRAL,financial_news_sentiment,unspecified,3,NEUTRAL,True,2774,NEUTRAL,
2026-09-20T15:50:46.726738,Gemma3-4B,SLM,4B,ollama,18,Any investment or investment activity to which this communication relates is onl...,NEUTRAL,financial_news_sentiment,unspecified,1,NEUTRAL,True,7025,NEUTRAL,
2026-09-20T15:50:51.067661,Gemma3-4B,SLM,4B,ollama,18,Any investment or investment activity to which this communication relates is onl...,NEUTRAL,financial_news_sentiment,unspecified,2,NEUTRAL,True,2761,NEUTRAL,
2026-09-20T15:50:55.317623,Gemma3-4B,SLM,4B,ollama,18,Any investment or investment activity to which this communication relates is onl...,NEUTRAL,financial_news_sentiment,unspecified,3,NEUTRAL,True,2665,NEUTRAL,
2026-09-20T15:51:04.551212,Gemma3-4B,SLM,4B,ollama,19,Following the increase the company+EUR TM s capital totals 5.5 mln Romanian lei...,NEUTRAL,financial_news_sentiment,unspecified,1,NEUTRAL,True,7646,NEUTRAL,
2026-09-20T15:51:08.739679,Gemma3-4B,SLM,4B,ollama,19,Following the increase the company+EUR TM s capital totals 5.5 mln Romanian lei...,NEUTRAL,financial_news_sentiment,unspecified,2,NEUTRAL,True,2613,NEUTRAL,
2026-09-20T15:51:13.010831,Gemma3-4B,SLM,4B,ollama,19,Following the increase the company+EUR TM s capital totals 5.5 mln Romanian lei...,NEUTRAL,financial_news_sentiment,unspecified,3,NEUTRAL,True,2680,NEUTRAL,
2026-09-20T15:51:22.501805,Gemma3-4B,SLM,4B,ollama,20,Since the association 's data do not cover sales figures from about 100 small lo...,NEGATIVE,financial_news_sentiment,unspecified,1,NEGATIVE,True,7913,NEGATIVE,
2026-09-20T15:51:26.663896,Gemma3-4B,SLM,4B,ollama,20,Since the association 's data do not cover sales figures from about 100 small lo...,NEGATIVE,financial_news_sentiment,unspecified,2,NEGATIVE,True,2579,NEGATIVE,
2026-09-20T15:51:30.798389,Gemma3-4B,SLM,4B,ollama,20,Since the association 's data do not cover sales figures from about 100 small lo...,NEGATIVE,financial_news_sentiment,unspecified,3,NEGATIVE,True,2542,NEGATIVE,
2026-09-20T15:51:41.192689,Gemma3-4B,SLM,4B,ollama,21,"According to the Latvian business register , Uponor Latvia closed in red with LV...",NEGATIVE,financial_news_sentiment,unspecified,1,NEGATIVE,True,8798,NEGATIVE,
2026-09-20T15:51:45.350518,Gemma3-4B,SLM,4B,ollama,21,"According to the Latvian business register , Uponor Latvia closed in red with LV...",NEGATIVE,financial_news_sentiment,unspecified,2,NEGATIVE,True,2575,NEGATIVE,
2026-09-20T15:51:49.497118,Gemma3-4B,SLM,4B,ollama,21,"According to the Latvian business register , Uponor Latvia closed in red with LV...",NEGATIVE,financial_news_sentiment,unspecified,3,NEGATIVE,True,2562,NEGATIVE,
2026-09-20T15:51:58.036389,Gemma3-4B,SLM,4B,ollama,22,The issue came up in connection with discussion with local municipalities concer...,NEUTRAL,financial_news_sentiment,unspecified,1,NEUTRAL,True,6943,NEUTRAL,
2026-09-20T15:52:02.285072,Gemma3-4B,SLM,4B,ollama,22,The issue came up in connection with discussion with local municipalities concer...,NEUTRAL,financial_news_sentiment,unspecified,2,NEUTRAL,True,2661,NEUTRAL,
2026-09-20T15:52:06.558583,Gemma3-4B,SLM,4B,ollama,22,The issue came up in connection with discussion with local municipalities concer...,NEUTRAL,financial_news_sentiment,unspecified,3,NEUTRAL,True,2697,NEUTRAL,
2026-09-20T15:52:16.042565,Gemma3-4B,SLM,4B,ollama,23,Operating profit rose to EUR 13.1 mn from EUR 8.7 mn in the corresponding period...,POSITIVE,financial_news_sentiment,unspecified,1,POSITIVE,True,7895,POSITIVE,
2026-09-20T15:52:20.139020,Gemma3-4B,SLM,4B,ollama,23,Operating profit rose to EUR 13.1 mn from EUR 8.7 mn in the corresponding period...,POSITIVE,financial_news_sentiment,unspecified,2,POSITIVE,True,2521,POSITIVE,
2026-09-20T15:52:24.334131,Gemma3-4B,SLM,4B,ollama,23,Operating profit rose to EUR 13.1 mn from EUR 8.7 mn in the corresponding period...,POSITIVE,financial_news_sentiment,unspecified,3,POSITIVE,True,2615,POSITIVE,
2026-09-20T15:52:32.493388,Gemma3-4B,SLM,4B,ollama,24,"Its annual capacity is some 10,000 MW .",NEUTRAL,financial_news_sentiment,unspecified,1,NEUTRAL,True,6576,NEUTRAL,
2026-09-20T15:52:36.723377,Gemma3-4B,SLM,4B,ollama,24,"Its annual capacity is some 10,000 MW .",NEUTRAL,financial_news_sentiment,unspecified,2,NEUTRAL,True,2641,NEUTRAL,
2026-09-20T15:52:40.958192,Gemma3-4B,SLM,4B,ollama,24,"Its annual capacity is some 10,000 MW .",NEUTRAL,financial_news_sentiment,unspecified,3,NEUTRAL,True,2657,NEUTRAL,
2026-09-20T15:52:49.538672,Gemma3-4B,SLM,4B,ollama,25,"The Finnish company is building a 800,000 mt-year biodiesel plant in Singapore .",NEUTRAL,financial_news_sentiment,unspecified,1,NEUTRAL,True,7000,NEUTRAL,
2026-09-20T15:52:53.808829,Gemma3-4B,SLM,4B,ollama,25,"The Finnish company is building a 800,000 mt-year biodiesel plant in Singapore .",NEUTRAL,financial_news_sentiment,unspecified,2,NEUTRAL,True,2681,NEUTRAL,
2026-09-20T15:52:58.115910,Gemma3-4B,SLM,4B,ollama,25,"The Finnish company is building a 800,000 mt-year biodiesel plant in Singapore .",NEUTRAL,financial_news_sentiment,unspecified,3,NEUTRAL,True,2716,NEUTRAL,
2026-09-20T15:53:07.476066,Gemma3-4B,SLM,4B,ollama,26,The long-standing partnership and commitment enable both parties to develop thei...,POSITIVE,financial_news_sentiment,unspecified,1,POSITIVE,True,7779,"POSITIVE
",
2026-09-20T15:53:11.714581,Gemma3-4B,SLM,4B,ollama,26,The long-standing partnership and commitment enable both parties to develop thei...,POSITIVE,financial_news_sentiment,unspecified,2,POSITIVE,True,2658,"POSITIVE
",
2026-09-20T15:53:15.938069,Gemma3-4B,SLM,4B,ollama,26,The long-standing partnership and commitment enable both parties to develop thei...,POSITIVE,financial_news_sentiment,unspecified,3,POSITIVE,True,2638,"POSITIVE
",
2026-09-20T15:53:24.402967,Gemma3-4B,SLM,4B,ollama,27,"Aldata Solution , a global company engaged in supplier to consumer business proc...",NEUTRAL,financial_news_sentiment,unspecified,1,NEUTRAL,True,6884,NEUTRAL,
2026-09-20T15:53:28.642244,Gemma3-4B,SLM,4B,ollama,27,"Aldata Solution , a global company engaged in supplier to consumer business proc...",NEUTRAL,financial_news_sentiment,unspecified,2,NEUTRAL,True,2658,NEUTRAL,
2026-09-20T15:53:32.877410,Gemma3-4B,SLM,4B,ollama,27,"Aldata Solution , a global company engaged in supplier to consumer business proc...",NEUTRAL,financial_news_sentiment,unspecified,3,NEUTRAL,True,2652,NEUTRAL,
2026-09-20T15:53:42.935402,Gemma3-4B,SLM,4B,ollama,28,The reasons behind the estimate include the rise in 2008 rent levels and several...,NEUTRAL,financial_news_sentiment,unspecified,1,NEUTRAL,True,8476,NEUTRAL,
2026-09-20T15:53:47.182839,Gemma3-4B,SLM,4B,ollama,28,The reasons behind the estimate include the rise in 2008 rent levels and several...,NEUTRAL,financial_news_sentiment,unspecified,2,NEUTRAL,True,2658,NEUTRAL,
2026-09-20T15:53:51.420526,Gemma3-4B,SLM,4B,ollama,28,The reasons behind the estimate include the rise in 2008 rent levels and several...,NEUTRAL,financial_news_sentiment,unspecified,3,NEUTRAL,True,2664,NEUTRAL,
2026-09-20T15:54:00.872342,Gemma3-4B,SLM,4B,ollama,29,Finnish beverage company Olvi is introducing a new long drink Olvi Kultalonkero ...,NEUTRAL,financial_news_sentiment,unspecified,1,NEUTRAL,True,7865,NEUTRAL,
2026-09-20T15:54:05.100603,Gemma3-4B,SLM,4B,ollama,29,Finnish beverage company Olvi is introducing a new long drink Olvi Kultalonkero ...,NEUTRAL,financial_news_sentiment,unspecified,2,NEUTRAL,True,2639,NEUTRAL,
2026-09-20T15:54:09.405666,Gemma3-4B,SLM,4B,ollama,29,Finnish beverage company Olvi is introducing a new long drink Olvi Kultalonkero ...,NEUTRAL,financial_news_sentiment,unspecified,3,NEUTRAL,True,2726,NEUTRAL,
2026-09-20T15:54:18.252024,Gemma3-4B,SLM,4B,ollama,30,The current reference grade instruments are challenging to operate due to their ...,NEGATIVE,financial_news_sentiment,unspecified,1,NEGATIVE,True,7265,NEGATIVE,
2026-09-20T15:54:22.348470,Gemma3-4B,SLM,4B,ollama,30,The current reference grade instruments are challenging to operate due to their ...,NEGATIVE,financial_news_sentiment,unspecified,2,NEGATIVE,True,2514,NEGATIVE,
2026-09-20T15:54:26.498625,Gemma3-4B,SLM,4B,ollama,30,The current reference grade instruments are challenging to operate due to their ...,NEGATIVE,financial_news_sentiment,unspecified,3,NEGATIVE,True,2570,NEGATIVE,
2026-09-20T15:55:26.906146,Qwen2.5-7B,SLM,7B,ollama,1,The company was supposed to deliver machinery to a veneer mill in the Tomsk regi...,NEUTRAL,financial_news_sentiment,unspecified,1,NEUTRAL,True,53579,NEUTRAL,
2026-09-20T15:55:31.683863,Qwen2.5-7B,SLM,7B,ollama,1,The company was supposed to deliver machinery to a veneer mill in the Tomsk regi...,NEUTRAL,financial_news_sentiment,unspecified,2,NEUTRAL,True,3035,NEUTRAL,
2026-09-20T15:55:36.306950,Qwen2.5-7B,SLM,7B,ollama,1,The company was supposed to deliver machinery to a veneer mill in the Tomsk regi...,NEUTRAL,financial_news_sentiment,unspecified,3,NEUTRAL,True,3031,NEUTRAL,
2026-09-20T15:55:42.716702,Qwen2.5-7B,SLM,7B,ollama,2,UNC Charlotte would also deploy SSH Tectia Connector to enable secure applicatio...,NEUTRAL,financial_news_sentiment,unspecified,1,NEUTRAL,True,4781,NEUTRAL,
2026-09-20T15:55:47.321193,Qwen2.5-7B,SLM,7B,ollama,2,UNC Charlotte would also deploy SSH Tectia Connector to enable secure applicatio...,NEUTRAL,financial_news_sentiment,unspecified,2,NEUTRAL,True,3014,NEUTRAL,
2026-09-20T15:55:52.238884,Qwen2.5-7B,SLM,7B,ollama,2,UNC Charlotte would also deploy SSH Tectia Connector to enable secure applicatio...,NEUTRAL,financial_news_sentiment,unspecified,3,NEUTRAL,True,3251,NEUTRAL,
2026-09-20T15:56:01.298872,Qwen2.5-7B,SLM,7B,ollama,3,"In 2009 , Lee & Man had a combined annual production capacity of close to 4.5 mi...",NEUTRAL,financial_news_sentiment,unspecified,1,NEUTRAL,True,7433,NEUTRAL,
2026-09-20T15:56:05.739617,Qwen2.5-7B,SLM,7B,ollama,3,"In 2009 , Lee & Man had a combined annual production capacity of close to 4.5 mi...",NEUTRAL,financial_news_sentiment,unspecified,2,NEUTRAL,True,2862,NEUTRAL,
2026-09-20T15:56:10.315412,Qwen2.5-7B,SLM,7B,ollama,3,"In 2009 , Lee & Man had a combined annual production capacity of close to 4.5 mi...",NEUTRAL,financial_news_sentiment,unspecified,3,NEUTRAL,True,2954,NEUTRAL,
2026-09-20T15:56:18.127665,Qwen2.5-7B,SLM,7B,ollama,4,"`` That 's a very high figure on the European scale , '' Noop said , recalling h...",NEUTRAL,financial_news_sentiment,unspecified,1,NEUTRAL,True,6132,NEUTRAL,
2026-09-20T15:56:22.735946,Qwen2.5-7B,SLM,7B,ollama,4,"`` That 's a very high figure on the European scale , '' Noop said , recalling h...",NEUTRAL,financial_news_sentiment,unspecified,2,NEUTRAL,True,2983,NEUTRAL,
2026-09-20T15:56:27.375564,Qwen2.5-7B,SLM,7B,ollama,4,"`` That 's a very high figure on the European scale , '' Noop said , recalling h...",NEUTRAL,financial_news_sentiment,unspecified,3,NEUTRAL,True,3006,NEUTRAL,
2026-09-20T15:56:35.665133,Qwen2.5-7B,SLM,7B,ollama,5,"In Finland , the corresponding service is Alma Media 's Etuovi.com , Finland 's ...",NEUTRAL,financial_news_sentiment,unspecified,1,NEUTRAL,True,6660,NEUTRAL,
2026-09-20T15:56:40.279734,Qwen2.5-7B,SLM,7B,ollama,5,"In Finland , the corresponding service is Alma Media 's Etuovi.com , Finland 's ...",NEUTRAL,financial_news_sentiment,unspecified,2,NEUTRAL,True,2956,NEUTRAL,
2026-09-20T15:56:44.840389,Qwen2.5-7B,SLM,7B,ollama,5,"In Finland , the corresponding service is Alma Media 's Etuovi.com , Finland 's ...",NEUTRAL,financial_news_sentiment,unspecified,3,NEUTRAL,True,2980,NEUTRAL,
2026-09-20T15:56:54.433311,Qwen2.5-7B,SLM,7B,ollama,6,Construction is scheduled to start in April-June 2007 and to be completed in ear...,NEUTRAL,financial_news_sentiment,unspecified,1,NEUTRAL,True,7872,NEUTRAL,
2026-09-20T15:56:59.089553,Qwen2.5-7B,SLM,7B,ollama,6,Construction is scheduled to start in April-June 2007 and to be completed in ear...,NEUTRAL,financial_news_sentiment,unspecified,2,NEUTRAL,True,3032,NEUTRAL,
2026-09-20T15:57:03.691772,Qwen2.5-7B,SLM,7B,ollama,6,Construction is scheduled to start in April-June 2007 and to be completed in ear...,NEUTRAL,financial_news_sentiment,unspecified,3,NEUTRAL,True,2979,NEUTRAL,
2026-09-20T15:57:12.740472,Qwen2.5-7B,SLM,7B,ollama,7,Finnish-owned contract manufacturer of electronics Elcoteq Hungary Kft has annou...,POSITIVE,financial_news_sentiment,unspecified,1,POSITIVE,True,7443,POSITIVE,
2026-09-20T15:57:17.174881,Qwen2.5-7B,SLM,7B,ollama,7,Finnish-owned contract manufacturer of electronics Elcoteq Hungary Kft has annou...,POSITIVE,financial_news_sentiment,unspecified,2,POSITIVE,True,2821,POSITIVE,
2026-09-20T15:57:21.513486,Qwen2.5-7B,SLM,7B,ollama,7,Finnish-owned contract manufacturer of electronics Elcoteq Hungary Kft has annou...,POSITIVE,financial_news_sentiment,unspecified,3,POSITIVE,True,2751,POSITIVE,
2026-09-20T15:57:29.667594,Qwen2.5-7B,SLM,7B,ollama,8,"The gross area of the Innova 2 project will be about 10,000 sq m ( 107,600 sq ft...",NEUTRAL,financial_news_sentiment,unspecified,1,NEUTRAL,True,6533,NEUTRAL,
2026-09-20T15:57:34.400771,Qwen2.5-7B,SLM,7B,ollama,8,"The gross area of the Innova 2 project will be about 10,000 sq m ( 107,600 sq ft...",NEUTRAL,financial_news_sentiment,unspecified,2,NEUTRAL,True,3089,NEUTRAL,
2026-09-20T15:57:39.095398,Qwen2.5-7B,SLM,7B,ollama,8,"The gross area of the Innova 2 project will be about 10,000 sq m ( 107,600 sq ft...",NEUTRAL,financial_news_sentiment,unspecified,3,NEUTRAL,True,3027,NEUTRAL,
2026-09-20T15:57:50.787388,Qwen2.5-7B,SLM,7B,ollama,9,Finnish home decoration and arts and crafts retailer Tiimari Plc ( OMX Helsinki ...,NEUTRAL,financial_news_sentiment,unspecified,1,NEGATIVE,False,10078,NEGATIVE,
2026-09-20T15:57:55.212928,Qwen2.5-7B,SLM,7B,ollama,9,Finnish home decoration and arts and crafts retailer Tiimari Plc ( OMX Helsinki ...,NEUTRAL,financial_news_sentiment,unspecified,2,NEGATIVE,False,2744,NEGATIVE,
2026-09-20T15:57:59.763344,Qwen2.5-7B,SLM,7B,ollama,9,Finnish home decoration and arts and crafts retailer Tiimari Plc ( OMX Helsinki ...,NEUTRAL,financial_news_sentiment,unspecified,3,NEGATIVE,False,2918,NEGATIVE,
2026-09-20T15:58:08.234798,Qwen2.5-7B,SLM,7B,ollama,10,Deliveries will start in the second half of 2007 and the start-up of the mill is...,NEUTRAL,financial_news_sentiment,unspecified,1,NEUTRAL,True,6805,NEUTRAL,
2026-09-20T15:58:16.206287,Qwen2.5-7B,SLM,7B,ollama,10,Deliveries will start in the second half of 2007 and the start-up of the mill is...,NEUTRAL,financial_news_sentiment,unspecified,2,NEUTRAL,True,6353,NEUTRAL,
2026-09-20T15:58:20.707464,Qwen2.5-7B,SLM,7B,ollama,10,Deliveries will start in the second half of 2007 and the start-up of the mill is...,NEUTRAL,financial_news_sentiment,unspecified,3,NEUTRAL,True,2889,NEUTRAL,
2026-09-20T15:58:28.139743,Qwen2.5-7B,SLM,7B,ollama,11,"Steek , which was set up in 2002 , is based in Bordeaux , southwestern France .",NEUTRAL,financial_news_sentiment,unspecified,1,NEUTRAL,True,5758,NEUTRAL,
2026-09-20T15:58:33.005659,Qwen2.5-7B,SLM,7B,ollama,11,"Steek , which was set up in 2002 , is based in Bordeaux , southwestern France .",NEUTRAL,financial_news_sentiment,unspecified,2,NEUTRAL,True,3283,NEUTRAL,
2026-09-20T15:58:37.556595,Qwen2.5-7B,SLM,7B,ollama,11,"Steek , which was set up in 2002 , is based in Bordeaux , southwestern France .",NEUTRAL,financial_news_sentiment,unspecified,3,NEUTRAL,True,2928,NEUTRAL,
2026-09-20T15:58:46.600623,Qwen2.5-7B,SLM,7B,ollama,12,"Outotec said it won new orders worth 492.9 mln eur during the quarter , compared...",POSITIVE,financial_news_sentiment,unspecified,1,POSITIVE,True,7461,POSITIVE,
2026-09-20T15:58:51.027384,Qwen2.5-7B,SLM,7B,ollama,12,"Outotec said it won new orders worth 492.9 mln eur during the quarter , compared...",POSITIVE,financial_news_sentiment,unspecified,2,POSITIVE,True,2765,POSITIVE,
2026-09-20T15:58:55.323868,Qwen2.5-7B,SLM,7B,ollama,12,"Outotec said it won new orders worth 492.9 mln eur during the quarter , compared...",POSITIVE,financial_news_sentiment,unspecified,3,POSITIVE,True,2705,POSITIVE,
2026-09-20T15:59:02.318446,Qwen2.5-7B,SLM,7B,ollama,13,"The store is located in Poznan in a shopping center named Pestka , the company a...",NEUTRAL,financial_news_sentiment,unspecified,1,NEUTRAL,True,5318,NEUTRAL,
2026-09-20T15:59:06.875173,Qwen2.5-7B,SLM,7B,ollama,13,"The store is located in Poznan in a shopping center named Pestka , the company a...",NEUTRAL,financial_news_sentiment,unspecified,2,NEUTRAL,True,2979,NEUTRAL,
2026-09-20T15:59:11.469326,Qwen2.5-7B,SLM,7B,ollama,13,"The store is located in Poznan in a shopping center named Pestka , the company a...",NEUTRAL,financial_news_sentiment,unspecified,3,NEUTRAL,True,2937,NEUTRAL,
2026-09-20T15:59:17.941378,Qwen2.5-7B,SLM,7B,ollama,14,The value of the order is USD 2.2 mn .,NEUTRAL,financial_news_sentiment,unspecified,1,NEUTRAL,True,4811,NEUTRAL,
2026-09-20T15:59:22.576332,Qwen2.5-7B,SLM,7B,ollama,14,The value of the order is USD 2.2 mn .,NEUTRAL,financial_news_sentiment,unspecified,2,NEUTRAL,True,2911,NEUTRAL,
2026-09-20T15:59:27.370709,Qwen2.5-7B,SLM,7B,ollama,14,The value of the order is USD 2.2 mn .,NEUTRAL,financial_news_sentiment,unspecified,3,NEUTRAL,True,3185,NEUTRAL,
2026-09-20T15:59:34.292005,Qwen2.5-7B,SLM,7B,ollama,15,The company expects meat purchases to remain at about 8mn kilos in 2011 .,NEUTRAL,financial_news_sentiment,unspecified,1,NEUTRAL,True,5238,NEUTRAL,
2026-09-20T15:59:38.809504,Qwen2.5-7B,SLM,7B,ollama,15,The company expects meat purchases to remain at about 8mn kilos in 2011 .,NEUTRAL,financial_news_sentiment,unspecified,2,NEUTRAL,True,2908,NEUTRAL,
2026-09-20T15:59:45.000514,Qwen2.5-7B,SLM,7B,ollama,15,The company expects meat purchases to remain at about 8mn kilos in 2011 .,NEUTRAL,financial_news_sentiment,unspecified,3,NEUTRAL,True,4570,NEUTRAL,
2026-09-20T15:59:51.964901,Qwen2.5-7B,SLM,7B,ollama,16,Finnish house manufacturers are targeting the strongly growing one-family house ...,NEUTRAL,financial_news_sentiment,unspecified,1,POSITIVE,False,5339,POSITIVE,
2026-09-20T15:59:56.353459,Qwen2.5-7B,SLM,7B,ollama,16,Finnish house manufacturers are targeting the strongly growing one-family house ...,NEUTRAL,financial_news_sentiment,unspecified,2,POSITIVE,False,2733,POSITIVE,
2026-09-20T16:00:00.955381,Qwen2.5-7B,SLM,7B,ollama,16,Finnish house manufacturers are targeting the strongly growing one-family house ...,NEUTRAL,financial_news_sentiment,unspecified,3,POSITIVE,False,2900,POSITIVE,
2026-09-20T16:00:06.759310,Qwen2.5-7B,SLM,7B,ollama,17,The deal was worth about EUR 1.2 mn .,NEUTRAL,financial_news_sentiment,unspecified,1,NEUTRAL,True,4207,NEUTRAL,
2026-09-20T16:00:11.301395,Qwen2.5-7B,SLM,7B,ollama,17,The deal was worth about EUR 1.2 mn .,NEUTRAL,financial_news_sentiment,unspecified,2,NEUTRAL,True,2946,NEUTRAL,
2026-09-20T16:00:15.891833,Qwen2.5-7B,SLM,7B,ollama,17,The deal was worth about EUR 1.2 mn .,NEUTRAL,financial_news_sentiment,unspecified,3,NEUTRAL,True,2942,NEUTRAL,
2026-09-20T16:00:24.949546,Qwen2.5-7B,SLM,7B,ollama,18,Any investment or investment activity to which this communication relates is onl...,NEUTRAL,financial_news_sentiment,unspecified,1,NEUTRAL,True,7463,NEUTRAL,
2026-09-20T16:00:33.753045,Qwen2.5-7B,SLM,7B,ollama,18,Any investment or investment activity to which this communication relates is onl...,NEUTRAL,financial_news_sentiment,unspecified,2,NEUTRAL,True,6543,NEUTRAL,
2026-09-20T16:00:38.692706,Qwen2.5-7B,SLM,7B,ollama,18,Any investment or investment activity to which this communication relates is onl...,NEUTRAL,financial_news_sentiment,unspecified,3,NEUTRAL,True,3308,NEUTRAL,
2026-09-20T16:00:47.743525,Qwen2.5-7B,SLM,7B,ollama,19,Following the increase the company+EUR TM s capital totals 5.5 mln Romanian lei...,NEUTRAL,financial_news_sentiment,unspecified,1,NEUTRAL,True,7296,NEUTRAL,
2026-09-20T16:00:52.232695,Qwen2.5-7B,SLM,7B,ollama,19,Following the increase the company+EUR TM s capital totals 5.5 mln Romanian lei...,NEUTRAL,financial_news_sentiment,unspecified,2,NEUTRAL,True,2886,NEUTRAL,
2026-09-20T16:00:56.928969,Qwen2.5-7B,SLM,7B,ollama,19,Following the increase the company+EUR TM s capital totals 5.5 mln Romanian lei...,NEUTRAL,financial_news_sentiment,unspecified,3,NEUTRAL,True,3059,NEUTRAL,
2026-09-20T16:01:05.683697,Qwen2.5-7B,SLM,7B,ollama,20,Since the association 's data do not cover sales figures from about 100 small lo...,NEGATIVE,financial_news_sentiment,unspecified,1,NEUTRAL,False,7104,NEUTRAL,
2026-09-20T16:01:10.258355,Qwen2.5-7B,SLM,7B,ollama,20,Since the association 's data do not cover sales figures from about 100 small lo...,NEGATIVE,financial_news_sentiment,unspecified,2,NEUTRAL,False,2978,NEUTRAL,
2026-09-20T16:01:14.715591,Qwen2.5-7B,SLM,7B,ollama,20,Since the association 's data do not cover sales figures from about 100 small lo...,NEGATIVE,financial_news_sentiment,unspecified,3,NEUTRAL,False,2841,NEUTRAL,
2026-09-20T16:01:25.767266,Qwen2.5-7B,SLM,7B,ollama,21,"According to the Latvian business register , Uponor Latvia closed in red with LV...",NEGATIVE,financial_news_sentiment,unspecified,1,NEGATIVE,True,9413,NEGATIVE,
2026-09-20T16:01:30.411656,Qwen2.5-7B,SLM,7B,ollama,21,"According to the Latvian business register , Uponor Latvia closed in red with LV...",NEGATIVE,financial_news_sentiment,unspecified,2,NEGATIVE,True,2976,NEGATIVE,
2026-09-20T16:01:34.836840,Qwen2.5-7B,SLM,7B,ollama,21,"According to the Latvian business register , Uponor Latvia closed in red with LV...",NEGATIVE,financial_news_sentiment,unspecified,3,NEGATIVE,True,2767,NEGATIVE,
2026-09-20T16:01:41.856606,Qwen2.5-7B,SLM,7B,ollama,22,The issue came up in connection with discussion with local municipalities concer...,NEUTRAL,financial_news_sentiment,unspecified,1,NEUTRAL,True,5402,NEUTRAL,
2026-09-20T16:01:46.532371,Qwen2.5-7B,SLM,7B,ollama,22,The issue came up in connection with discussion with local municipalities concer...,NEUTRAL,financial_news_sentiment,unspecified,2,NEUTRAL,True,3077,NEUTRAL,
2026-09-20T16:01:51.106776,Qwen2.5-7B,SLM,7B,ollama,22,The issue came up in connection with discussion with local municipalities concer...,NEUTRAL,financial_news_sentiment,unspecified,3,NEUTRAL,True,2918,NEUTRAL,
2026-09-20T16:02:00.354191,Qwen2.5-7B,SLM,7B,ollama,23,Operating profit rose to EUR 13.1 mn from EUR 8.7 mn in the corresponding period...,POSITIVE,financial_news_sentiment,unspecified,1,POSITIVE,True,7659,POSITIVE,
2026-09-20T16:02:04.789738,Qwen2.5-7B,SLM,7B,ollama,23,Operating profit rose to EUR 13.1 mn from EUR 8.7 mn in the corresponding period...,POSITIVE,financial_news_sentiment,unspecified,2,POSITIVE,True,2832,POSITIVE,
2026-09-20T16:02:09.486798,Qwen2.5-7B,SLM,7B,ollama,23,Operating profit rose to EUR 13.1 mn from EUR 8.7 mn in the corresponding period...,POSITIVE,financial_news_sentiment,unspecified,3,POSITIVE,True,3015,POSITIVE,
2026-09-20T16:02:15.712250,Qwen2.5-7B,SLM,7B,ollama,24,"Its annual capacity is some 10,000 MW .",NEUTRAL,financial_news_sentiment,unspecified,1,NEUTRAL,True,4631,NEUTRAL,
2026-09-20T16:02:20.570980,Qwen2.5-7B,SLM,7B,ollama,24,"Its annual capacity is some 10,000 MW .",NEUTRAL,financial_news_sentiment,unspecified,2,NEUTRAL,True,3201,NEUTRAL,
2026-09-20T16:02:25.151125,Qwen2.5-7B,SLM,7B,ollama,24,"Its annual capacity is some 10,000 MW .",NEUTRAL,financial_news_sentiment,unspecified,3,NEUTRAL,True,2964,NEUTRAL,
2026-09-20T16:02:32.384292,Qwen2.5-7B,SLM,7B,ollama,25,"The Finnish company is building a 800,000 mt-year biodiesel plant in Singapore .",NEUTRAL,financial_news_sentiment,unspecified,1,NEUTRAL,True,5658,NEUTRAL,
2026-09-20T16:02:36.964721,Qwen2.5-7B,SLM,7B,ollama,25,"The Finnish company is building a 800,000 mt-year biodiesel plant in Singapore .",NEUTRAL,financial_news_sentiment,unspecified,2,NEUTRAL,True,2951,NEUTRAL,
2026-09-20T16:02:41.530854,Qwen2.5-7B,SLM,7B,ollama,25,"The Finnish company is building a 800,000 mt-year biodiesel plant in Singapore .",NEUTRAL,financial_news_sentiment,unspecified,3,NEUTRAL,True,2976,NEUTRAL,
2026-09-20T16:02:49.158493,Qwen2.5-7B,SLM,7B,ollama,26,The long-standing partnership and commitment enable both parties to develop thei...,POSITIVE,financial_news_sentiment,unspecified,1,POSITIVE,True,6006,POSITIVE,
2026-09-20T16:02:53.760237,Qwen2.5-7B,SLM,7B,ollama,26,The long-standing partnership and commitment enable both parties to develop thei...,POSITIVE,financial_news_sentiment,unspecified,2,POSITIVE,True,3011,POSITIVE,
2026-09-20T16:02:58.153112,Qwen2.5-7B,SLM,7B,ollama,26,The long-standing partnership and commitment enable both parties to develop thei...,POSITIVE,financial_news_sentiment,unspecified,3,POSITIVE,True,2752,POSITIVE,
2026-09-20T16:03:08.130267,Qwen2.5-7B,SLM,7B,ollama,27,"Aldata Solution , a global company engaged in supplier to consumer business proc...",NEUTRAL,financial_news_sentiment,unspecified,1,NEUTRAL,True,8376,NEUTRAL,
2026-09-20T16:03:12.927188,Qwen2.5-7B,SLM,7B,ollama,27,"Aldata Solution , a global company engaged in supplier to consumer business proc...",NEUTRAL,financial_news_sentiment,unspecified,2,NEUTRAL,True,3180,NEUTRAL,
2026-09-20T16:03:18.375023,Qwen2.5-7B,SLM,7B,ollama,27,"Aldata Solution , a global company engaged in supplier to consumer business proc...",NEUTRAL,financial_news_sentiment,unspecified,3,NEUTRAL,True,3800,NEUTRAL,
2026-09-20T16:03:26.950697,Qwen2.5-7B,SLM,7B,ollama,28,The reasons behind the estimate include the rise in 2008 rent levels and several...,NEUTRAL,financial_news_sentiment,unspecified,1,POSITIVE,False,6896,POSITIVE,
2026-09-20T16:03:31.352680,Qwen2.5-7B,SLM,7B,ollama,28,The reasons behind the estimate include the rise in 2008 rent levels and several...,NEUTRAL,financial_news_sentiment,unspecified,2,POSITIVE,False,2775,POSITIVE,
2026-09-20T16:03:35.867488,Qwen2.5-7B,SLM,7B,ollama,28,The reasons behind the estimate include the rise in 2008 rent levels and several...,NEUTRAL,financial_news_sentiment,unspecified,3,POSITIVE,False,2904,POSITIVE,
2026-09-20T16:03:45.230897,Qwen2.5-7B,SLM,7B,ollama,29,Finnish beverage company Olvi is introducing a new long drink Olvi Kultalonkero ...,NEUTRAL,financial_news_sentiment,unspecified,1,NEUTRAL,True,7690,NEUTRAL,
2026-09-20T16:03:49.868322,Qwen2.5-7B,SLM,7B,ollama,29,Finnish beverage company Olvi is introducing a new long drink Olvi Kultalonkero ...,NEUTRAL,financial_news_sentiment,unspecified,2,NEUTRAL,True,3012,NEUTRAL,
2026-09-20T16:03:54.507127,Qwen2.5-7B,SLM,7B,ollama,29,Finnish beverage company Olvi is introducing a new long drink Olvi Kultalonkero ...,NEUTRAL,financial_news_sentiment,unspecified,3,NEUTRAL,True,3030,NEUTRAL,
2026-09-20T16:04:01.027597,Qwen2.5-7B,SLM,7B,ollama,30,The current reference grade instruments are challenging to operate due to their ...,NEGATIVE,financial_news_sentiment,unspecified,1,NEGATIVE,True,4928,NEGATIVE,
2026-09-20T16:04:05.448524,Qwen2.5-7B,SLM,7B,ollama,30,The current reference grade instruments are challenging to operate due to their ...,NEGATIVE,financial_news_sentiment,unspecified,2,NEGATIVE,True,2753,NEGATIVE,
2026-09-20T16:04:09.927454,Qwen2.5-7B,SLM,7B,ollama,30,The current reference grade instruments are challenging to operate due to their ...,NEGATIVE,financial_news_sentiment,unspecified,3,NEGATIVE,True,2868,NEGATIVE,
2026-09-20T16:04:50.917670,Mistral-7B,SLM,7B,ollama,1,The company was supposed to deliver machinery to a veneer mill in the Tomsk regi...,NEUTRAL,financial_news_sentiment,unspecified,1,NEUTRAL,True,33710, NEUTRAL,
2026-09-20T16:04:56.199351,Mistral-7B,SLM,7B,ollama,1,The company was supposed to deliver machinery to a veneer mill in the Tomsk regi...,NEUTRAL,financial_news_sentiment,unspecified,2,NEUTRAL,True,3423, NEUTRAL,
2026-09-20T16:05:01.158695,Mistral-7B,SLM,7B,ollama,1,The company was supposed to deliver machinery to a veneer mill in the Tomsk regi...,NEUTRAL,financial_news_sentiment,unspecified,3,NEUTRAL,True,3283, NEUTRAL,
2026-09-20T16:05:07.807634,Mistral-7B,SLM,7B,ollama,2,UNC Charlotte would also deploy SSH Tectia Connector to enable secure applicatio...,NEUTRAL,financial_news_sentiment,unspecified,1,NEUTRAL,True,5012, NEUTRAL,
2026-09-20T16:05:12.525100,Mistral-7B,SLM,7B,ollama,2,UNC Charlotte would also deploy SSH Tectia Connector to enable secure applicatio...,NEUTRAL,financial_news_sentiment,unspecified,2,NEUTRAL,True,3100, NEUTRAL,
2026-09-20T16:05:17.273949,Mistral-7B,SLM,7B,ollama,2,UNC Charlotte would also deploy SSH Tectia Connector to enable secure applicatio...,NEUTRAL,financial_news_sentiment,unspecified,3,NEUTRAL,True,3139, NEUTRAL,
2026-09-20T16:05:26.204494,Mistral-7B,SLM,7B,ollama,3,"In 2009 , Lee & Man had a combined annual production capacity of close to 4.5 mi...",NEUTRAL,financial_news_sentiment,unspecified,1,NEUTRAL,True,7278, NEUTRAL,
2026-09-20T16:05:30.974062,Mistral-7B,SLM,7B,ollama,3,"In 2009 , Lee & Man had a combined annual production capacity of close to 4.5 mi...",NEUTRAL,financial_news_sentiment,unspecified,2,NEUTRAL,True,3146, NEUTRAL,
2026-09-20T16:05:35.743199,Mistral-7B,SLM,7B,ollama,3,"In 2009 , Lee & Man had a combined annual production capacity of close to 4.5 mi...",NEUTRAL,financial_news_sentiment,unspecified,3,NEUTRAL,True,3110, NEUTRAL,
2026-09-20T16:05:43.177395,Mistral-7B,SLM,7B,ollama,4,"`` That 's a very high figure on the European scale , '' Noop said , recalling h...",NEUTRAL,financial_news_sentiment,unspecified,1,NEUTRAL,True,5843, NEUTRAL,
2026-09-20T16:05:48.022173,Mistral-7B,SLM,7B,ollama,4,"`` That 's a very high figure on the European scale , '' Noop said , recalling h...",NEUTRAL,financial_news_sentiment,unspecified,2,NEUTRAL,True,3210, NEUTRAL,
2026-09-20T16:05:52.686647,Mistral-7B,SLM,7B,ollama,4,"`` That 's a very high figure on the European scale , '' Noop said , recalling h...",NEUTRAL,financial_news_sentiment,unspecified,3,NEUTRAL,True,3084, NEUTRAL,
2026-09-20T16:06:01.527054,Mistral-7B,SLM,7B,ollama,5,"In Finland , the corresponding service is Alma Media 's Etuovi.com , Finland 's ...",NEUTRAL,financial_news_sentiment,unspecified,1,POSITIVE,False,7188, POSITIVE,
2026-09-20T16:06:06.496627,Mistral-7B,SLM,7B,ollama,5,"In Finland , the corresponding service is Alma Media 's Etuovi.com , Finland 's ...",NEUTRAL,financial_news_sentiment,unspecified,2,POSITIVE,False,3323, POSITIVE,
2026-09-20T16:06:11.137369,Mistral-7B,SLM,7B,ollama,5,"In Finland , the corresponding service is Alma Media 's Etuovi.com , Finland 's ...",NEUTRAL,financial_news_sentiment,unspecified,3,POSITIVE,False,3034, POSITIVE,
2026-09-20T16:06:18.365158,Mistral-7B,SLM,7B,ollama,6,Construction is scheduled to start in April-June 2007 and to be completed in ear...,NEUTRAL,financial_news_sentiment,unspecified,1,NEUTRAL,True,5634, NEUTRAL,
2026-09-20T16:06:23.074379,Mistral-7B,SLM,7B,ollama,6,Construction is scheduled to start in April-June 2007 and to be completed in ear...,NEUTRAL,financial_news_sentiment,unspecified,2,NEUTRAL,True,3101, NEUTRAL,
2026-09-20T16:06:27.730462,Mistral-7B,SLM,7B,ollama,6,Construction is scheduled to start in April-June 2007 and to be completed in ear...,NEUTRAL,financial_news_sentiment,unspecified,3,NEUTRAL,True,3064, NEUTRAL,
2026-09-20T16:06:37.175106,Mistral-7B,SLM,7B,ollama,7,Finnish-owned contract manufacturer of electronics Elcoteq Hungary Kft has annou...,POSITIVE,financial_news_sentiment,unspecified,1,POSITIVE,True,7808, POSITIVE,
2026-09-20T16:06:41.783259,Mistral-7B,SLM,7B,ollama,7,Finnish-owned contract manufacturer of electronics Elcoteq Hungary Kft has annou...,POSITIVE,financial_news_sentiment,unspecified,2,POSITIVE,True,3017, POSITIVE,
2026-09-20T16:06:46.800012,Mistral-7B,SLM,7B,ollama,7,Finnish-owned contract manufacturer of electronics Elcoteq Hungary Kft has annou...,POSITIVE,financial_news_sentiment,unspecified,3,POSITIVE,True,3364, POSITIVE,
2026-09-20T16:06:54.806448,Mistral-7B,SLM,7B,ollama,8,"The gross area of the Innova 2 project will be about 10,000 sq m ( 107,600 sq ft...",NEUTRAL,financial_news_sentiment,unspecified,1,NEUTRAL,True,6355, NEUTRAL,
2026-09-20T16:06:59.615938,Mistral-7B,SLM,7B,ollama,8,"The gross area of the Innova 2 project will be about 10,000 sq m ( 107,600 sq ft...",NEUTRAL,financial_news_sentiment,unspecified,2,NEUTRAL,True,3201, NEUTRAL,
2026-09-20T16:07:04.371490,Mistral-7B,SLM,7B,ollama,8,"The gross area of the Innova 2 project will be about 10,000 sq m ( 107,600 sq ft...",NEUTRAL,financial_news_sentiment,unspecified,3,NEUTRAL,True,3141, NEUTRAL,
2026-09-20T16:07:16.550517,Mistral-7B,SLM,7B,ollama,9,Finnish home decoration and arts and crafts retailer Tiimari Plc ( OMX Helsinki ...,NEUTRAL,financial_news_sentiment,unspecified,1,NEGATIVE,False,10559, NEGATIVE,
2026-09-20T16:07:21.486416,Mistral-7B,SLM,7B,ollama,9,Finnish home decoration and arts and crafts retailer Tiimari Plc ( OMX Helsinki ...,NEUTRAL,financial_news_sentiment,unspecified,2,NEGATIVE,False,3323, NEGATIVE,
2026-09-20T16:07:26.309762,Mistral-7B,SLM,7B,ollama,9,Finnish home decoration and arts and crafts retailer Tiimari Plc ( OMX Helsinki ...,NEUTRAL,financial_news_sentiment,unspecified,3,NEGATIVE,False,3228, NEGATIVE,
2026-09-20T16:07:34.269380,Mistral-7B,SLM,7B,ollama,10,Deliveries will start in the second half of 2007 and the start-up of the mill is...,NEUTRAL,financial_news_sentiment,unspecified,1,NEUTRAL,True,6326, NEUTRAL,
2026-09-20T16:07:39.129641,Mistral-7B,SLM,7B,ollama,10,Deliveries will start in the second half of 2007 and the start-up of the mill is...,NEUTRAL,financial_news_sentiment,unspecified,2,NEUTRAL,True,3152, NEUTRAL,
2026-09-20T16:07:43.736056,Mistral-7B,SLM,7B,ollama,10,Deliveries will start in the second half of 2007 and the start-up of the mill is...,NEUTRAL,financial_news_sentiment,unspecified,3,NEUTRAL,True,3027, NEUTRAL,
2026-09-20T16:07:51.017244,Mistral-7B,SLM,7B,ollama,11,"Steek , which was set up in 2002 , is based in Bordeaux , southwestern France .",NEUTRAL,financial_news_sentiment,unspecified,1,NEUTRAL,True,5697, NEUTRAL,
2026-09-20T16:07:55.666353,Mistral-7B,SLM,7B,ollama,11,"Steek , which was set up in 2002 , is based in Bordeaux , southwestern France .",NEUTRAL,financial_news_sentiment,unspecified,2,NEUTRAL,True,3049, NEUTRAL,
2026-09-20T16:08:00.607963,Mistral-7B,SLM,7B,ollama,11,"Steek , which was set up in 2002 , is based in Bordeaux , southwestern France .",NEUTRAL,financial_news_sentiment,unspecified,3,NEUTRAL,True,3326, NEUTRAL,
2026-09-20T16:08:09.315259,Mistral-7B,SLM,7B,ollama,12,"Outotec said it won new orders worth 492.9 mln eur during the quarter , compared...",POSITIVE,financial_news_sentiment,unspecified,1,POSITIVE,True,7058, POSITIVE,
2026-09-20T16:08:14.252025,Mistral-7B,SLM,7B,ollama,12,"Outotec said it won new orders worth 492.9 mln eur during the quarter , compared...",POSITIVE,financial_news_sentiment,unspecified,2,POSITIVE,True,3323, POSITIVE,
2026-09-20T16:08:19.422084,Mistral-7B,SLM,7B,ollama,12,"Outotec said it won new orders worth 492.9 mln eur during the quarter , compared...",POSITIVE,financial_news_sentiment,unspecified,3,POSITIVE,True,3344, POSITIVE,
2026-09-20T16:08:26.565272,Mistral-7B,SLM,7B,ollama,13,"The store is located in Poznan in a shopping center named Pestka , the company a...",NEUTRAL,financial_news_sentiment,unspecified,1,NEUTRAL,True,5475, NEUTRAL,
2026-09-20T16:08:31.277190,Mistral-7B,SLM,7B,ollama,13,"The store is located in Poznan in a shopping center named Pestka , the company a...",NEUTRAL,financial_news_sentiment,unspecified,2,NEUTRAL,True,3089, NEUTRAL,
2026-09-20T16:08:36.267478,Mistral-7B,SLM,7B,ollama,13,"The store is located in Poznan in a shopping center named Pestka , the company a...",NEUTRAL,financial_news_sentiment,unspecified,3,NEUTRAL,True,3344, NEUTRAL,
2026-09-20T16:08:42.562591,Mistral-7B,SLM,7B,ollama,14,The value of the order is USD 2.2 mn .,NEUTRAL,financial_news_sentiment,unspecified,1,NEUTRAL,True,4643, NEUTRAL,
2026-09-20T16:08:47.345006,Mistral-7B,SLM,7B,ollama,14,The value of the order is USD 2.2 mn .,NEUTRAL,financial_news_sentiment,unspecified,2,NEUTRAL,True,3101, NEUTRAL,
2026-09-20T16:08:52.194942,Mistral-7B,SLM,7B,ollama,14,The value of the order is USD 2.2 mn .,NEUTRAL,financial_news_sentiment,unspecified,3,NEUTRAL,True,3237, NEUTRAL,
2026-09-20T16:08:59.036753,Mistral-7B,SLM,7B,ollama,15,The company expects meat purchases to remain at about 8mn kilos in 2011 .,NEUTRAL,financial_news_sentiment,unspecified,1,NEUTRAL,True,5179, NEUTRAL,
2026-09-20T16:09:03.906958,Mistral-7B,SLM,7B,ollama,15,The company expects meat purchases to remain at about 8mn kilos in 2011 .,NEUTRAL,financial_news_sentiment,unspecified,2,NEUTRAL,True,3281, NEUTRAL,
2026-09-20T16:09:08.780288,Mistral-7B,SLM,7B,ollama,15,The company expects meat purchases to remain at about 8mn kilos in 2011 .,NEUTRAL,financial_news_sentiment,unspecified,3,NEUTRAL,True,3233, NEUTRAL,
2026-09-20T16:09:15.115592,Mistral-7B,SLM,7B,ollama,16,Finnish house manufacturers are targeting the strongly growing one-family house ...,NEUTRAL,financial_news_sentiment,unspecified,1,POSITIVE,False,4705, POSITIVE,
2026-09-20T16:09:19.805941,Mistral-7B,SLM,7B,ollama,16,Finnish house manufacturers are targeting the strongly growing one-family house ...,NEUTRAL,financial_news_sentiment,unspecified,2,POSITIVE,False,3084, POSITIVE,
2026-09-20T16:09:24.516139,Mistral-7B,SLM,7B,ollama,16,Finnish house manufacturers are targeting the strongly growing one-family house ...,NEUTRAL,financial_news_sentiment,unspecified,3,POSITIVE,False,3115, POSITIVE,
2026-09-20T16:09:31.008611,Mistral-7B,SLM,7B,ollama,17,The deal was worth about EUR 1.2 mn .,NEUTRAL,financial_news_sentiment,unspecified,1,NEUTRAL,True,4877, NEUTRAL,
2026-09-20T16:09:35.795834,Mistral-7B,SLM,7B,ollama,17,The deal was worth about EUR 1.2 mn .,NEUTRAL,financial_news_sentiment,unspecified,2,NEUTRAL,True,3127, NEUTRAL,
2026-09-20T16:09:40.889905,Mistral-7B,SLM,7B,ollama,17,The deal was worth about EUR 1.2 mn .,NEUTRAL,financial_news_sentiment,unspecified,3,NEUTRAL,True,3385, NEUTRAL,
2026-09-20T16:09:48.860798,Mistral-7B,SLM,7B,ollama,18,Any investment or investment activity to which this communication relates is onl...,NEUTRAL,financial_news_sentiment,unspecified,1,NEUTRAL,True,6382, NEUTRAL,
2026-09-20T16:09:53.726739,Mistral-7B,SLM,7B,ollama,18,Any investment or investment activity to which this communication relates is onl...,NEUTRAL,financial_news_sentiment,unspecified,2,NEUTRAL,True,3220, NEUTRAL,
2026-09-20T16:09:58.739759,Mistral-7B,SLM,7B,ollama,18,Any investment or investment activity to which this communication relates is onl...,NEUTRAL,financial_news_sentiment,unspecified,3,NEUTRAL,True,3420, NEUTRAL,
2026-09-20T16:10:08.143605,Mistral-7B,SLM,7B,ollama,19,Following the increase the company+EUR TM s capital totals 5.5 mln Romanian lei...,NEUTRAL,financial_news_sentiment,unspecified,1,POSITIVE,False,7779, POSITIVE,
2026-09-20T16:10:13.019407,Mistral-7B,SLM,7B,ollama,19,Following the increase the company+EUR TM s capital totals 5.5 mln Romanian lei...,NEUTRAL,financial_news_sentiment,unspecified,2,POSITIVE,False,3291, POSITIVE,
2026-09-20T16:10:17.852903,Mistral-7B,SLM,7B,ollama,19,Following the increase the company+EUR TM s capital totals 5.5 mln Romanian lei...,NEUTRAL,financial_news_sentiment,unspecified,3,POSITIVE,False,3221, POSITIVE,
2026-09-20T16:10:29.441126,Mistral-7B,SLM,7B,ollama,20,Since the association 's data do not cover sales figures from about 100 small lo...,NEGATIVE,financial_news_sentiment,unspecified,1,NEGATIVE,True,9974, NEGATIVE,
2026-09-20T16:10:34.456119,Mistral-7B,SLM,7B,ollama,20,Since the association 's data do not cover sales figures from about 100 small lo...,NEGATIVE,financial_news_sentiment,unspecified,2,NEGATIVE,True,3337, NEGATIVE,
2026-09-20T16:10:39.312944,Mistral-7B,SLM,7B,ollama,20,Since the association 's data do not cover sales figures from about 100 small lo...,NEGATIVE,financial_news_sentiment,unspecified,3,NEGATIVE,True,3248, NEGATIVE,
2026-09-20T16:10:51.263292,Mistral-7B,SLM,7B,ollama,21,"According to the Latvian business register , Uponor Latvia closed in red with LV...",NEGATIVE,financial_news_sentiment,unspecified,1,NEGATIVE,True,10302, NEGATIVE,
2026-09-20T16:10:56.171111,Mistral-7B,SLM,7B,ollama,21,"According to the Latvian business register , Uponor Latvia closed in red with LV...",NEGATIVE,financial_news_sentiment,unspecified,2,NEGATIVE,True,3301, NEGATIVE,
2026-09-20T16:11:01.343496,Mistral-7B,SLM,7B,ollama,21,"According to the Latvian business register , Uponor Latvia closed in red with LV...",NEGATIVE,financial_news_sentiment,unspecified,3,NEGATIVE,True,3547, NEGATIVE,
2026-09-20T16:11:08.232516,Mistral-7B,SLM,7B,ollama,22,The issue came up in connection with discussion with local municipalities concer...,NEUTRAL,financial_news_sentiment,unspecified,1,NEUTRAL,True,5308, NEUTRAL,
2026-09-20T16:11:13.077740,Mistral-7B,SLM,7B,ollama,22,The issue came up in connection with discussion with local municipalities concer...,NEUTRAL,financial_news_sentiment,unspecified,2,NEUTRAL,True,3192, NEUTRAL,
2026-09-20T16:11:17.900025,Mistral-7B,SLM,7B,ollama,22,The issue came up in connection with discussion with local municipalities concer...,NEUTRAL,financial_news_sentiment,unspecified,3,NEUTRAL,True,3220, NEUTRAL,
2026-09-20T16:11:26.867199,Mistral-7B,SLM,7B,ollama,23,Operating profit rose to EUR 13.1 mn from EUR 8.7 mn in the corresponding period...,POSITIVE,financial_news_sentiment,unspecified,1,POSITIVE,True,7344, POSITIVE,
2026-09-20T16:11:31.486152,Mistral-7B,SLM,7B,ollama,23,Operating profit rose to EUR 13.1 mn from EUR 8.7 mn in the corresponding period...,POSITIVE,financial_news_sentiment,unspecified,2,POSITIVE,True,3014, POSITIVE,
2026-09-20T16:11:36.180253,Mistral-7B,SLM,7B,ollama,23,Operating profit rose to EUR 13.1 mn from EUR 8.7 mn in the corresponding period...,POSITIVE,financial_news_sentiment,unspecified,3,POSITIVE,True,3091, POSITIVE,
2026-09-20T16:11:42.255791,Mistral-7B,SLM,7B,ollama,24,"Its annual capacity is some 10,000 MW .",NEUTRAL,financial_news_sentiment,unspecified,1,NEUTRAL,True,4489, NEUTRAL,
2026-09-20T16:11:47.125467,Mistral-7B,SLM,7B,ollama,24,"Its annual capacity is some 10,000 MW .",NEUTRAL,financial_news_sentiment,unspecified,2,NEUTRAL,True,3208, NEUTRAL,
2026-09-20T16:11:51.909036,Mistral-7B,SLM,7B,ollama,24,"Its annual capacity is some 10,000 MW .",NEUTRAL,financial_news_sentiment,unspecified,3,NEUTRAL,True,3183, NEUTRAL,
2026-09-20T16:11:59.387459,Mistral-7B,SLM,7B,ollama,25,"The Finnish company is building a 800,000 mt-year biodiesel plant in Singapore .",NEUTRAL,financial_news_sentiment,unspecified,1,POSITIVE,False,5854, POSITIVE,
2026-09-20T16:12:04.153542,Mistral-7B,SLM,7B,ollama,25,"The Finnish company is building a 800,000 mt-year biodiesel plant in Singapore .",NEUTRAL,financial_news_sentiment,unspecified,2,POSITIVE,False,3175, POSITIVE,
2026-09-20T16:12:08.900638,Mistral-7B,SLM,7B,ollama,25,"The Finnish company is building a 800,000 mt-year biodiesel plant in Singapore .",NEUTRAL,financial_news_sentiment,unspecified,3,POSITIVE,False,3135, POSITIVE,
2026-09-20T16:12:16.931525,Mistral-7B,SLM,7B,ollama,26,The long-standing partnership and commitment enable both parties to develop thei...,POSITIVE,financial_news_sentiment,unspecified,1,POSITIVE,True,6445, POSITIVE,
2026-09-20T16:12:21.635131,Mistral-7B,SLM,7B,ollama,26,The long-standing partnership and commitment enable both parties to develop thei...,POSITIVE,financial_news_sentiment,unspecified,2,POSITIVE,True,3084, POSITIVE,
2026-09-20T16:12:26.242325,Mistral-7B,SLM,7B,ollama,26,The long-standing partnership and commitment enable both parties to develop thei...,POSITIVE,financial_news_sentiment,unspecified,3,POSITIVE,True,3027, POSITIVE,
2026-09-20T16:12:34.022086,Mistral-7B,SLM,7B,ollama,27,"Aldata Solution , a global company engaged in supplier to consumer business proc...",NEUTRAL,financial_news_sentiment,unspecified,1,NEUTRAL,True,6176, NEUTRAL,
2026-09-20T16:12:38.639745,Mistral-7B,SLM,7B,ollama,27,"Aldata Solution , a global company engaged in supplier to consumer business proc...",NEUTRAL,financial_news_sentiment,unspecified,2,NEUTRAL,True,3039, NEUTRAL,
2026-09-20T16:12:43.233164,Mistral-7B,SLM,7B,ollama,27,"Aldata Solution , a global company engaged in supplier to consumer business proc...",NEUTRAL,financial_news_sentiment,unspecified,3,NEUTRAL,True,3017, NEUTRAL,
2026-09-20T16:12:51.927925,Mistral-7B,SLM,7B,ollama,28,The reasons behind the estimate include the rise in 2008 rent levels and several...,NEUTRAL,financial_news_sentiment,unspecified,1,NEUTRAL,True,7111, NEUTRAL,
2026-09-20T16:12:56.594206,Mistral-7B,SLM,7B,ollama,28,The reasons behind the estimate include the rise in 2008 rent levels and several...,NEUTRAL,financial_news_sentiment,unspecified,2,NEUTRAL,True,3078, NEUTRAL,
2026-09-20T16:13:01.563489,Mistral-7B,SLM,7B,ollama,28,The reasons behind the estimate include the rise in 2008 rent levels and several...,NEUTRAL,financial_news_sentiment,unspecified,3,NEUTRAL,True,3357, NEUTRAL,
2026-09-20T16:13:11.365342,Mistral-7B,SLM,7B,ollama,29,Finnish beverage company Olvi is introducing a new long drink Olvi Kultalonkero ...,NEUTRAL,financial_news_sentiment,unspecified,1,NEUTRAL,True,8174, NEUTRAL,
2026-09-20T16:13:19.755852,Mistral-7B,SLM,7B,ollama,29,Finnish beverage company Olvi is introducing a new long drink Olvi Kultalonkero ...,NEUTRAL,financial_news_sentiment,unspecified,2,NEUTRAL,True,6725, NEUTRAL,
2026-09-20T16:13:24.795073,Mistral-7B,SLM,7B,ollama,29,Finnish beverage company Olvi is introducing a new long drink Olvi Kultalonkero ...,NEUTRAL,financial_news_sentiment,unspecified,3,NEUTRAL,True,3417, NEUTRAL,
2026-09-20T16:13:31.626191,Mistral-7B,SLM,7B,ollama,30,The current reference grade instruments are challenging to operate due to their ...,NEGATIVE,financial_news_sentiment,unspecified,1,NEGATIVE,True,5172, NEGATIVE,
2026-09-20T16:13:36.636803,Mistral-7B,SLM,7B,ollama,30,The current reference grade instruments are challenging to operate due to their ...,NEGATIVE,financial_news_sentiment,unspecified,2,NEGATIVE,True,3363, NEGATIVE,
2026-09-20T16:13:41.265648,Mistral-7B,SLM,7B,ollama,30,The current reference grade instruments are challenging to operate due to their ...,NEGATIVE,financial_news_sentiment,unspecified,3,NEGATIVE,True,3039, NEGATIVE,
2026-09-20T16:14:26.871950,Llama-3.1-8B,SLM,8B,ollama,1,The company was supposed to deliver machinery to a veneer mill in the Tomsk regi...,NEUTRAL,financial_news_sentiment,unspecified,1,NEUTRAL,True,38392,NEUTRAL,
2026-09-20T16:14:31.984620,Llama-3.1-8B,SLM,8B,ollama,1,The company was supposed to deliver machinery to a veneer mill in the Tomsk regi...,NEUTRAL,financial_news_sentiment,unspecified,2,NEUTRAL,True,3291,NEUTRAL,
2026-09-20T16:14:36.649633,Llama-3.1-8B,SLM,8B,ollama,1,The company was supposed to deliver machinery to a veneer mill in the Tomsk regi...,NEUTRAL,financial_news_sentiment,unspecified,3,NEUTRAL,True,3002,NEUTRAL,
2026-09-20T16:14:43.420156,Llama-3.1-8B,SLM,8B,ollama,2,UNC Charlotte would also deploy SSH Tectia Connector to enable secure applicatio...,NEUTRAL,financial_news_sentiment,unspecified,1,NEUTRAL,True,5141,NEUTRAL,
2026-09-20T16:14:48.128913,Llama-3.1-8B,SLM,8B,ollama,2,UNC Charlotte would also deploy SSH Tectia Connector to enable secure applicatio...,NEUTRAL,financial_news_sentiment,unspecified,2,NEUTRAL,True,3059,NEUTRAL,
2026-09-20T16:14:52.762591,Llama-3.1-8B,SLM,8B,ollama,2,UNC Charlotte would also deploy SSH Tectia Connector to enable secure applicatio...,NEUTRAL,financial_news_sentiment,unspecified,3,NEUTRAL,True,2992,NEUTRAL,
2026-09-20T16:15:01.527791,Llama-3.1-8B,SLM,8B,ollama,3,"In 2009 , Lee & Man had a combined annual production capacity of close to 4.5 mi...",NEUTRAL,financial_news_sentiment,unspecified,1,NEUTRAL,True,7144,NEUTRAL,
2026-09-20T16:15:06.469714,Llama-3.1-8B,SLM,8B,ollama,3,"In 2009 , Lee & Man had a combined annual production capacity of close to 4.5 mi...",NEUTRAL,financial_news_sentiment,unspecified,2,NEUTRAL,True,3335,NEUTRAL,
2026-09-20T16:15:11.196517,Llama-3.1-8B,SLM,8B,ollama,3,"In 2009 , Lee & Man had a combined annual production capacity of close to 4.5 mi...",NEUTRAL,financial_news_sentiment,unspecified,3,NEUTRAL,True,3033,NEUTRAL,
2026-09-20T16:15:19.428058,Llama-3.1-8B,SLM,8B,ollama,4,"`` That 's a very high figure on the European scale , '' Noop said , recalling h...",NEUTRAL,financial_news_sentiment,unspecified,1,NEUTRAL,True,6606,NEUTRAL,
2026-09-20T16:15:24.092446,Llama-3.1-8B,SLM,8B,ollama,4,"`` That 's a very high figure on the European scale , '' Noop said , recalling h...",NEUTRAL,financial_news_sentiment,unspecified,2,NEUTRAL,True,3057,NEUTRAL,
2026-09-20T16:15:28.904301,Llama-3.1-8B,SLM,8B,ollama,4,"`` That 's a very high figure on the European scale , '' Noop said , recalling h...",NEUTRAL,financial_news_sentiment,unspecified,3,NEUTRAL,True,3167,NEUTRAL,
2026-09-20T16:15:37.489383,Llama-3.1-8B,SLM,8B,ollama,5,"In Finland , the corresponding service is Alma Media 's Etuovi.com , Finland 's ...",NEUTRAL,financial_news_sentiment,unspecified,1,NEUTRAL,True,6938,NEUTRAL,
2026-09-20T16:15:42.257662,Llama-3.1-8B,SLM,8B,ollama,5,"In Finland , the corresponding service is Alma Media 's Etuovi.com , Finland 's ...",NEUTRAL,financial_news_sentiment,unspecified,2,NEUTRAL,True,3124,NEUTRAL,
2026-09-20T16:15:46.981142,Llama-3.1-8B,SLM,8B,ollama,5,"In Finland , the corresponding service is Alma Media 's Etuovi.com , Finland 's ...",NEUTRAL,financial_news_sentiment,unspecified,3,NEUTRAL,True,3091,NEUTRAL,
2026-09-20T16:15:54.351938,Llama-3.1-8B,SLM,8B,ollama,6,Construction is scheduled to start in April-June 2007 and to be completed in ear...,NEUTRAL,financial_news_sentiment,unspecified,1,NEUTRAL,True,5747,NEUTRAL,
2026-09-20T16:15:59.278993,Llama-3.1-8B,SLM,8B,ollama,6,Construction is scheduled to start in April-June 2007 and to be completed in ear...,NEUTRAL,financial_news_sentiment,unspecified,2,NEUTRAL,True,3280,NEUTRAL,
2026-09-20T16:16:07.180687,Llama-3.1-8B,SLM,8B,ollama,6,Construction is scheduled to start in April-June 2007 and to be completed in ear...,NEUTRAL,financial_news_sentiment,unspecified,3,NEUTRAL,True,6236,NEUTRAL,
2026-09-20T16:16:16.840243,Llama-3.1-8B,SLM,8B,ollama,7,Finnish-owned contract manufacturer of electronics Elcoteq Hungary Kft has annou...,POSITIVE,financial_news_sentiment,unspecified,1,POSITIVE,True,7893,POSITIVE,
2026-09-20T16:16:22.614247,Llama-3.1-8B,SLM,8B,ollama,7,Finnish-owned contract manufacturer of electronics Elcoteq Hungary Kft has annou...,POSITIVE,financial_news_sentiment,unspecified,2,POSITIVE,True,4083,POSITIVE,
2026-09-20T16:16:26.987582,Llama-3.1-8B,SLM,8B,ollama,7,Finnish-owned contract manufacturer of electronics Elcoteq Hungary Kft has annou...,POSITIVE,financial_news_sentiment,unspecified,3,POSITIVE,True,2778,POSITIVE,
2026-09-20T16:16:35.548220,Llama-3.1-8B,SLM,8B,ollama,8,"The gross area of the Innova 2 project will be about 10,000 sq m ( 107,600 sq ft...",NEUTRAL,financial_news_sentiment,unspecified,1,NEUTRAL,True,6882,NEUTRAL,
2026-09-20T16:16:40.332971,Llama-3.1-8B,SLM,8B,ollama,8,"The gross area of the Innova 2 project will be about 10,000 sq m ( 107,600 sq ft...",NEUTRAL,financial_news_sentiment,unspecified,2,NEUTRAL,True,3147,NEUTRAL,
2026-09-20T16:16:45.015892,Llama-3.1-8B,SLM,8B,ollama,8,"The gross area of the Innova 2 project will be about 10,000 sq m ( 107,600 sq ft...",NEUTRAL,financial_news_sentiment,unspecified,3,NEUTRAL,True,3079,NEUTRAL,
2026-09-20T16:16:55.414840,Llama-3.1-8B,SLM,8B,ollama,9,Finnish home decoration and arts and crafts retailer Tiimari Plc ( OMX Helsinki ...,NEUTRAL,financial_news_sentiment,unspecified,1,NEGATIVE,False,8697,NEGATIVE,
2026-09-20T16:16:59.855561,Llama-3.1-8B,SLM,8B,ollama,9,Finnish home decoration and arts and crafts retailer Tiimari Plc ( OMX Helsinki ...,NEUTRAL,financial_news_sentiment,unspecified,2,NEGATIVE,False,2802,NEGATIVE,
2026-09-20T16:17:04.307537,Llama-3.1-8B,SLM,8B,ollama,9,Finnish home decoration and arts and crafts retailer Tiimari Plc ( OMX Helsinki ...,NEUTRAL,financial_news_sentiment,unspecified,3,NEGATIVE,False,2816,NEGATIVE,
2026-09-20T16:17:11.927731,Llama-3.1-8B,SLM,8B,ollama,10,Deliveries will start in the second half of 2007 and the start-up of the mill is...,NEUTRAL,financial_news_sentiment,unspecified,1,NEUTRAL,True,6030,NEUTRAL,
2026-09-20T16:17:16.574179,Llama-3.1-8B,SLM,8B,ollama,10,Deliveries will start in the second half of 2007 and the start-up of the mill is...,NEUTRAL,financial_news_sentiment,unspecified,2,NEUTRAL,True,2988,NEUTRAL,
2026-09-20T16:17:21.191119,Llama-3.1-8B,SLM,8B,ollama,10,Deliveries will start in the second half of 2007 and the start-up of the mill is...,NEUTRAL,financial_news_sentiment,unspecified,3,NEUTRAL,True,3028,NEUTRAL,
2026-09-20T16:17:28.324985,Llama-3.1-8B,SLM,8B,ollama,11,"Steek , which was set up in 2002 , is based in Bordeaux , southwestern France .",NEUTRAL,financial_news_sentiment,unspecified,1,NEUTRAL,True,5501,NEUTRAL,
2026-09-20T16:17:33.234489,Llama-3.1-8B,SLM,8B,ollama,11,"Steek , which was set up in 2002 , is based in Bordeaux , southwestern France .",NEUTRAL,financial_news_sentiment,unspecified,2,NEUTRAL,True,3239,NEUTRAL,
2026-09-20T16:17:38.063828,Llama-3.1-8B,SLM,8B,ollama,11,"Steek , which was set up in 2002 , is based in Bordeaux , southwestern France .",NEUTRAL,financial_news_sentiment,unspecified,3,NEUTRAL,True,3159,NEUTRAL,
2026-09-20T16:17:46.581970,Llama-3.1-8B,SLM,8B,ollama,12,"Outotec said it won new orders worth 492.9 mln eur during the quarter , compared...",POSITIVE,financial_news_sentiment,unspecified,1,POSITIVE,True,6921,POSITIVE,
2026-09-20T16:17:51.024908,Llama-3.1-8B,SLM,8B,ollama,12,"Outotec said it won new orders worth 492.9 mln eur during the quarter , compared...",POSITIVE,financial_news_sentiment,unspecified,2,POSITIVE,True,2786,POSITIVE,
2026-09-20T16:17:55.469485,Llama-3.1-8B,SLM,8B,ollama,12,"Outotec said it won new orders worth 492.9 mln eur during the quarter , compared...",POSITIVE,financial_news_sentiment,unspecified,3,POSITIVE,True,2843,POSITIVE,
2026-09-20T16:18:07.289504,Llama-3.1-8B,SLM,8B,ollama,13,"The store is located in Poznan in a shopping center named Pestka , the company a...",NEUTRAL,financial_news_sentiment,unspecified,1,NEUTRAL,True,10149,NEUTRAL,
2026-09-20T16:18:12.113863,Llama-3.1-8B,SLM,8B,ollama,13,"The store is located in Poznan in a shopping center named Pestka , the company a...",NEUTRAL,financial_news_sentiment,unspecified,2,NEUTRAL,True,3085,NEUTRAL,
2026-09-20T16:18:17.021392,Llama-3.1-8B,SLM,8B,ollama,13,"The store is located in Poznan in a shopping center named Pestka , the company a...",NEUTRAL,financial_news_sentiment,unspecified,3,NEUTRAL,True,3295,NEUTRAL,
2026-09-20T16:18:24.013600,Llama-3.1-8B,SLM,8B,ollama,14,The value of the order is USD 2.2 mn .,NEUTRAL,financial_news_sentiment,unspecified,1,NEUTRAL,True,5369,NEUTRAL,
2026-09-20T16:18:29.232718,Llama-3.1-8B,SLM,8B,ollama,14,The value of the order is USD 2.2 mn .,NEUTRAL,financial_news_sentiment,unspecified,2,NEUTRAL,True,3456,NEUTRAL,
2026-09-20T16:18:35.506227,Llama-3.1-8B,SLM,8B,ollama,14,The value of the order is USD 2.2 mn .,NEUTRAL,financial_news_sentiment,unspecified,3,NEUTRAL,True,4585,NEUTRAL,
2026-09-20T16:18:44.337968,Llama-3.1-8B,SLM,8B,ollama,15,The company expects meat purchases to remain at about 8mn kilos in 2011 .,NEUTRAL,financial_news_sentiment,unspecified,1,NEUTRAL,True,7171,NEUTRAL,
2026-09-20T16:18:49.248866,Llama-3.1-8B,SLM,8B,ollama,15,The company expects meat purchases to remain at about 8mn kilos in 2011 .,NEUTRAL,financial_news_sentiment,unspecified,2,NEUTRAL,True,3210,NEUTRAL,
2026-09-20T16:18:53.986238,Llama-3.1-8B,SLM,8B,ollama,15,The company expects meat purchases to remain at about 8mn kilos in 2011 .,NEUTRAL,financial_news_sentiment,unspecified,3,NEUTRAL,True,3110,NEUTRAL,
2026-09-20T16:19:00.999349,Llama-3.1-8B,SLM,8B,ollama,16,Finnish house manufacturers are targeting the strongly growing one-family house ...,NEUTRAL,financial_news_sentiment,unspecified,1,NEUTRAL,True,5275,NEUTRAL,
2026-09-20T16:19:07.201119,Llama-3.1-8B,SLM,8B,ollama,16,Finnish house manufacturers are targeting the strongly growing one-family house ...,NEUTRAL,financial_news_sentiment,unspecified,2,NEUTRAL,True,4556,NEUTRAL,
2026-09-20T16:19:12.241621,Llama-3.1-8B,SLM,8B,ollama,16,Finnish house manufacturers are targeting the strongly growing one-family house ...,NEUTRAL,financial_news_sentiment,unspecified,3,NEUTRAL,True,3398,NEUTRAL,
2026-09-20T16:19:18.709534,Llama-3.1-8B,SLM,8B,ollama,17,The deal was worth about EUR 1.2 mn .,NEUTRAL,financial_news_sentiment,unspecified,1,NEUTRAL,True,4859,NEUTRAL,
2026-09-20T16:19:23.260043,Llama-3.1-8B,SLM,8B,ollama,17,The deal was worth about EUR 1.2 mn .,NEUTRAL,financial_news_sentiment,unspecified,2,NEUTRAL,True,2911,NEUTRAL,
2026-09-20T16:19:28.421124,Llama-3.1-8B,SLM,8B,ollama,17,The deal was worth about EUR 1.2 mn .,NEUTRAL,financial_news_sentiment,unspecified,3,NEUTRAL,True,3298,NEUTRAL,
2026-09-20T16:19:38.377782,Llama-3.1-8B,SLM,8B,ollama,18,Any investment or investment activity to which this communication relates is onl...,NEUTRAL,financial_news_sentiment,unspecified,1,NEUTRAL,True,8320,NEUTRAL,
2026-09-20T16:19:42.908604,Llama-3.1-8B,SLM,8B,ollama,18,Any investment or investment activity to which this communication relates is onl...,NEUTRAL,financial_news_sentiment,unspecified,2,NEUTRAL,True,2925,NEUTRAL,
2026-09-20T16:19:47.623489,Llama-3.1-8B,SLM,8B,ollama,18,Any investment or investment activity to which this communication relates is onl...,NEUTRAL,financial_news_sentiment,unspecified,3,NEUTRAL,True,3090,NEUTRAL,
2026-09-20T16:19:57.838676,Llama-3.1-8B,SLM,8B,ollama,19,Following the increase the company+EUR TM s capital totals 5.5 mln Romanian lei...,NEUTRAL,financial_news_sentiment,unspecified,1,NEUTRAL,True,8612,NEUTRAL,
2026-09-20T16:20:04.033956,Llama-3.1-8B,SLM,8B,ollama,19,Following the increase the company+EUR TM s capital totals 5.5 mln Romanian lei...,NEUTRAL,financial_news_sentiment,unspecified,2,NEUTRAL,True,4541,NEUTRAL,
2026-09-20T16:20:08.694400,Llama-3.1-8B,SLM,8B,ollama,19,Following the increase the company+EUR TM s capital totals 5.5 mln Romanian lei...,NEUTRAL,financial_news_sentiment,unspecified,3,NEUTRAL,True,3047,NEUTRAL,
2026-09-20T16:20:18.564252,Llama-3.1-8B,SLM,8B,ollama,20,Since the association 's data do not cover sales figures from about 100 small lo...,NEGATIVE,financial_news_sentiment,unspecified,1,NEUTRAL,False,8191,NEUTRAL,
2026-09-20T16:20:25.617308,Llama-3.1-8B,SLM,8B,ollama,20,Since the association 's data do not cover sales figures from about 100 small lo...,NEGATIVE,financial_news_sentiment,unspecified,2,NEUTRAL,False,5420,NEUTRAL,
2026-09-20T16:20:34.191899,Llama-3.1-8B,SLM,8B,ollama,20,Since the association 's data do not cover sales figures from about 100 small lo...,NEGATIVE,financial_news_sentiment,unspecified,3,NEUTRAL,False,6748,NEUTRAL,
2026-09-20T16:20:44.593246,Llama-3.1-8B,SLM,8B,ollama,21,"According to the Latvian business register , Uponor Latvia closed in red with LV...",NEGATIVE,financial_news_sentiment,unspecified,1,NEUTRAL,False,8758,NEUTRAL,
2026-09-20T16:20:49.386940,Llama-3.1-8B,SLM,8B,ollama,21,"According to the Latvian business register , Uponor Latvia closed in red with LV...",NEGATIVE,financial_news_sentiment,unspecified,2,NEUTRAL,False,2999,NEUTRAL,
2026-09-20T16:20:53.921302,Llama-3.1-8B,SLM,8B,ollama,21,"According to the Latvian business register , Uponor Latvia closed in red with LV...",NEGATIVE,financial_news_sentiment,unspecified,3,NEUTRAL,False,2932,NEUTRAL,
2026-09-20T16:21:01.378110,Llama-3.1-8B,SLM,8B,ollama,22,The issue came up in connection with discussion with local municipalities concer...,NEUTRAL,financial_news_sentiment,unspecified,1,NEUTRAL,True,5849,NEUTRAL,
2026-09-20T16:21:06.090565,Llama-3.1-8B,SLM,8B,ollama,22,The issue came up in connection with discussion with local municipalities concer...,NEUTRAL,financial_news_sentiment,unspecified,2,NEUTRAL,True,3037,NEUTRAL,
2026-09-20T16:21:10.855882,Llama-3.1-8B,SLM,8B,ollama,22,The issue came up in connection with discussion with local municipalities concer...,NEUTRAL,financial_news_sentiment,unspecified,3,NEUTRAL,True,3119,NEUTRAL,
2026-09-20T16:21:19.525497,Llama-3.1-8B,SLM,8B,ollama,23,Operating profit rose to EUR 13.1 mn from EUR 8.7 mn in the corresponding period...,POSITIVE,financial_news_sentiment,unspecified,1,POSITIVE,True,6969,POSITIVE,
2026-09-20T16:21:24.178230,Llama-3.1-8B,SLM,8B,ollama,23,Operating profit rose to EUR 13.1 mn from EUR 8.7 mn in the corresponding period...,POSITIVE,financial_news_sentiment,unspecified,2,POSITIVE,True,2963,POSITIVE,
2026-09-20T16:21:28.695265,Llama-3.1-8B,SLM,8B,ollama,23,Operating profit rose to EUR 13.1 mn from EUR 8.7 mn in the corresponding period...,POSITIVE,financial_news_sentiment,unspecified,3,POSITIVE,True,2874,POSITIVE,
2026-09-20T16:21:34.951709,Llama-3.1-8B,SLM,8B,ollama,24,"Its annual capacity is some 10,000 MW .",NEUTRAL,financial_news_sentiment,unspecified,1,NEUTRAL,True,4656,NEUTRAL,
2026-09-20T16:21:39.727435,Llama-3.1-8B,SLM,8B,ollama,24,"Its annual capacity is some 10,000 MW .",NEUTRAL,financial_news_sentiment,unspecified,2,NEUTRAL,True,3105,NEUTRAL,
2026-09-20T16:21:44.481807,Llama-3.1-8B,SLM,8B,ollama,24,"Its annual capacity is some 10,000 MW .",NEUTRAL,financial_news_sentiment,unspecified,3,NEUTRAL,True,3139,NEUTRAL,
2026-09-20T16:21:51.714611,Llama-3.1-8B,SLM,8B,ollama,25,"The Finnish company is building a 800,000 mt-year biodiesel plant in Singapore .",NEUTRAL,financial_news_sentiment,unspecified,1,NEUTRAL,True,5567,NEUTRAL,
2026-09-20T16:21:56.260809,Llama-3.1-8B,SLM,8B,ollama,25,"The Finnish company is building a 800,000 mt-year biodiesel plant in Singapore .",NEUTRAL,financial_news_sentiment,unspecified,2,NEUTRAL,True,2959,NEUTRAL,
2026-09-20T16:22:02.492559,Llama-3.1-8B,SLM,8B,ollama,25,"The Finnish company is building a 800,000 mt-year biodiesel plant in Singapore .",NEUTRAL,financial_news_sentiment,unspecified,3,NEUTRAL,True,4594,NEUTRAL,
2026-09-20T16:22:13.678753,Llama-3.1-8B,SLM,8B,ollama,26,The long-standing partnership and commitment enable both parties to develop thei...,POSITIVE,financial_news_sentiment,unspecified,1,POSITIVE,True,9463,POSITIVE,
2026-09-20T16:22:18.227596,Llama-3.1-8B,SLM,8B,ollama,26,The long-standing partnership and commitment enable both parties to develop thei...,POSITIVE,financial_news_sentiment,unspecified,2,POSITIVE,True,2902,POSITIVE,
2026-09-20T16:22:22.832286,Llama-3.1-8B,SLM,8B,ollama,26,The long-standing partnership and commitment enable both parties to develop thei...,POSITIVE,financial_news_sentiment,unspecified,3,POSITIVE,True,2879,POSITIVE,
2026-09-20T16:22:32.121158,Llama-3.1-8B,SLM,8B,ollama,27,"Aldata Solution , a global company engaged in supplier to consumer business proc...",NEUTRAL,financial_news_sentiment,unspecified,1,NEUTRAL,True,7667,NEUTRAL,
2026-09-20T16:22:37.051818,Llama-3.1-8B,SLM,8B,ollama,27,"Aldata Solution , a global company engaged in supplier to consumer business proc...",NEUTRAL,financial_news_sentiment,unspecified,2,NEUTRAL,True,3330,NEUTRAL,
2026-09-20T16:22:43.737313,Llama-3.1-8B,SLM,8B,ollama,27,"Aldata Solution , a global company engaged in supplier to consumer business proc...",NEUTRAL,financial_news_sentiment,unspecified,3,NEUTRAL,True,4999,NEUTRAL,
2026-09-20T16:22:52.957208,Llama-3.1-8B,SLM,8B,ollama,28,The reasons behind the estimate include the rise in 2008 rent levels and several...,NEUTRAL,financial_news_sentiment,unspecified,1,NEUTRAL,True,7568,NEUTRAL,
2026-09-20T16:22:58.632181,Llama-3.1-8B,SLM,8B,ollama,28,The reasons behind the estimate include the rise in 2008 rent levels and several...,NEUTRAL,financial_news_sentiment,unspecified,2,NEUTRAL,True,4014,NEUTRAL,
2026-09-20T16:23:05.436834,Llama-3.1-8B,SLM,8B,ollama,28,The reasons behind the estimate include the rise in 2008 rent levels and several...,NEUTRAL,financial_news_sentiment,unspecified,3,NEUTRAL,True,5070,NEUTRAL,
2026-09-20T16:23:16.004081,Llama-3.1-8B,SLM,8B,ollama,29,Finnish beverage company Olvi is introducing a new long drink Olvi Kultalonkero ...,NEUTRAL,financial_news_sentiment,unspecified,1,NEUTRAL,True,8873,NEUTRAL,
2026-09-20T16:23:20.990891,Llama-3.1-8B,SLM,8B,ollama,29,Finnish beverage company Olvi is introducing a new long drink Olvi Kultalonkero ...,NEUTRAL,financial_news_sentiment,unspecified,2,NEUTRAL,True,3392,NEUTRAL,
2026-09-20T16:23:25.766090,Llama-3.1-8B,SLM,8B,ollama,29,Finnish beverage company Olvi is introducing a new long drink Olvi Kultalonkero ...,NEUTRAL,financial_news_sentiment,unspecified,3,NEUTRAL,True,3074,NEUTRAL,
2026-09-20T16:23:33.230409,Llama-3.1-8B,SLM,8B,ollama,30,The current reference grade instruments are challenging to operate due to their ...,NEGATIVE,financial_news_sentiment,unspecified,1,NEGATIVE,True,5785,NEGATIVE,
2026-09-20T16:23:37.794720,Llama-3.1-8B,SLM,8B,ollama,30,The current reference grade instruments are challenging to operate due to their ...,NEGATIVE,financial_news_sentiment,unspecified,2,NEGATIVE,True,2936,NEGATIVE,
2026-09-20T16:23:42.370496,Llama-3.1-8B,SLM,8B,ollama,30,The current reference grade instruments are challenging to operate due to their ...,NEGATIVE,financial_news_sentiment,unspecified,3,NEGATIVE,True,2944,NEGATIVE,
2026-09-20T16:23:50.133648,GPT-OSS-120B,LLM,70B,groq,1,The company was supposed to deliver machinery to a veneer mill in the Tomsk regi...,NEUTRAL,financial_news_sentiment,unspecified,1,NEUTRAL,True,589,NEUTRAL,
2026-09-20T16:23:53.191106,GPT-OSS-120B,LLM,70B,groq,1,The company was supposed to deliver machinery to a veneer mill in the Tomsk regi...,NEUTRAL,financial_news_sentiment,unspecified,2,NEUTRAL,True,448,NEUTRAL,
2026-09-20T16:23:56.085294,GPT-OSS-120B,LLM,70B,groq,1,The company was supposed to deliver machinery to a veneer mill in the Tomsk regi...,NEUTRAL,financial_news_sentiment,unspecified,3,NEUTRAL,True,317,NEUTRAL,
2026-09-20T16:23:59.133834,GPT-OSS-120B,LLM,70B,groq,2,UNC Charlotte would also deploy SSH Tectia Connector to enable secure applicatio...,NEUTRAL,financial_news_sentiment,unspecified,1,NEUTRAL,True,416,NEUTRAL,
2026-09-20T16:24:02.146388,GPT-OSS-120B,LLM,70B,groq,2,UNC Charlotte would also deploy SSH Tectia Connector to enable secure applicatio...,NEUTRAL,financial_news_sentiment,unspecified,2,NEUTRAL,True,395,NEUTRAL,
2026-09-20T16:24:05.066958,GPT-OSS-120B,LLM,70B,groq,2,UNC Charlotte would also deploy SSH Tectia Connector to enable secure applicatio...,NEUTRAL,financial_news_sentiment,unspecified,3,NEUTRAL,True,333,NEUTRAL,
2026-09-20T16:24:08.031931,GPT-OSS-120B,LLM,70B,groq,3,"In 2009 , Lee & Man had a combined annual production capacity of close to 4.5 mi...",NEUTRAL,financial_news_sentiment,unspecified,1,NEUTRAL,True,367,NEUTRAL,
2026-09-20T16:24:10.927366,GPT-OSS-120B,LLM,70B,groq,3,"In 2009 , Lee & Man had a combined annual production capacity of close to 4.5 mi...",NEUTRAL,financial_news_sentiment,unspecified,2,NEUTRAL,True,297,NEUTRAL,
2026-09-20T16:24:13.890278,GPT-OSS-120B,LLM,70B,groq,3,"In 2009 , Lee & Man had a combined annual production capacity of close to 4.5 mi...",NEUTRAL,financial_news_sentiment,unspecified,3,NEUTRAL,True,366,NEUTRAL,
2026-09-20T16:24:17.133163,GPT-OSS-120B,LLM,70B,groq,4,"`` That 's a very high figure on the European scale , '' Noop said , recalling h...",NEUTRAL,financial_news_sentiment,unspecified,1,INVALID,False,649,,
2026-09-20T16:24:20.186187,GPT-OSS-120B,LLM,70B,groq,4,"`` That 's a very high figure on the European scale , '' Noop said , recalling h...",NEUTRAL,financial_news_sentiment,unspecified,2,INVALID,False,471,,
2026-09-20T16:24:23.251727,GPT-OSS-120B,LLM,70B,groq,4,"`` That 's a very high figure on the European scale , '' Noop said , recalling h...",NEUTRAL,financial_news_sentiment,unspecified,3,INVALID,False,454,,
2026-09-20T16:24:26.332763,GPT-OSS-120B,LLM,70B,groq,5,"In Finland , the corresponding service is Alma Media 's Etuovi.com , Finland 's ...",NEUTRAL,financial_news_sentiment,unspecified,1,POSITIVE,False,482,POSITIVE,
2026-09-20T16:24:29.415671,GPT-OSS-120B,LLM,70B,groq,5,"In Finland , the corresponding service is Alma Media 's Etuovi.com , Finland 's ...",NEUTRAL,financial_news_sentiment,unspecified,2,POSITIVE,False,491,POSITIVE,
2026-09-20T16:24:32.459312,GPT-OSS-120B,LLM,70B,groq,5,"In Finland , the corresponding service is Alma Media 's Etuovi.com , Finland 's ...",NEUTRAL,financial_news_sentiment,unspecified,3,POSITIVE,False,466,POSITIVE,
2026-09-20T16:24:35.387625,GPT-OSS-120B,LLM,70B,groq,6,Construction is scheduled to start in April-June 2007 and to be completed in ear...,NEUTRAL,financial_news_sentiment,unspecified,1,NEUTRAL,True,348,NEUTRAL,
2026-09-20T16:24:38.343885,GPT-OSS-120B,LLM,70B,groq,6,Construction is scheduled to start in April-June 2007 and to be completed in ear...,NEUTRAL,financial_news_sentiment,unspecified,2,NEUTRAL,True,362,NEUTRAL,
2026-09-20T16:24:41.308046,GPT-OSS-120B,LLM,70B,groq,6,Construction is scheduled to start in April-June 2007 and to be completed in ear...,NEUTRAL,financial_news_sentiment,unspecified,3,NEUTRAL,True,385,NEUTRAL,
2026-09-20T16:24:44.366463,GPT-OSS-120B,LLM,70B,groq,7,Finnish-owned contract manufacturer of electronics Elcoteq Hungary Kft has annou...,POSITIVE,financial_news_sentiment,unspecified,1,POSITIVE,True,479,POSITIVE,
2026-09-20T16:24:47.404848,GPT-OSS-120B,LLM,70B,groq,7,Finnish-owned contract manufacturer of electronics Elcoteq Hungary Kft has annou...,POSITIVE,financial_news_sentiment,unspecified,2,POSITIVE,True,457,POSITIVE,
2026-09-20T16:24:50.506758,GPT-OSS-120B,LLM,70B,groq,7,Finnish-owned contract manufacturer of electronics Elcoteq Hungary Kft has annou...,POSITIVE,financial_news_sentiment,unspecified,3,POSITIVE,True,522,POSITIVE,
2026-09-20T16:24:53.589699,GPT-OSS-120B,LLM,70B,groq,8,"The gross area of the Innova 2 project will be about 10,000 sq m ( 107,600 sq ft...",NEUTRAL,financial_news_sentiment,unspecified,1,NEUTRAL,True,496,NEUTRAL,
2026-09-20T16:24:56.651800,GPT-OSS-120B,LLM,70B,groq,8,"The gross area of the Innova 2 project will be about 10,000 sq m ( 107,600 sq ft...",NEUTRAL,financial_news_sentiment,unspecified,2,NEUTRAL,True,476,NEUTRAL,
2026-09-20T16:24:59.736134,GPT-OSS-120B,LLM,70B,groq,8,"The gross area of the Innova 2 project will be about 10,000 sq m ( 107,600 sq ft...",NEUTRAL,financial_news_sentiment,unspecified,3,NEUTRAL,True,500,NEUTRAL,
2026-09-20T16:25:02.791183,GPT-OSS-120B,LLM,70B,groq,9,Finnish home decoration and arts and crafts retailer Tiimari Plc ( OMX Helsinki ...,NEUTRAL,financial_news_sentiment,unspecified,1,NEGATIVE,False,477,NEGATIVE,
2026-09-20T16:25:05.853777,GPT-OSS-120B,LLM,70B,groq,9,Finnish home decoration and arts and crafts retailer Tiimari Plc ( OMX Helsinki ...,NEUTRAL,financial_news_sentiment,unspecified,2,NEGATIVE,False,477,NEGATIVE,
2026-09-20T16:25:08.909251,GPT-OSS-120B,LLM,70B,groq,9,Finnish home decoration and arts and crafts retailer Tiimari Plc ( OMX Helsinki ...,NEUTRAL,financial_news_sentiment,unspecified,3,NEGATIVE,False,469,NEGATIVE,
2026-09-20T16:25:11.820217,GPT-OSS-120B,LLM,70B,groq,10,Deliveries will start in the second half of 2007 and the start-up of the mill is...,NEUTRAL,financial_news_sentiment,unspecified,1,NEUTRAL,True,325,NEUTRAL,
2026-09-20T16:25:14.782595,GPT-OSS-120B,LLM,70B,groq,10,Deliveries will start in the second half of 2007 and the start-up of the mill is...,NEUTRAL,financial_news_sentiment,unspecified,2,NEUTRAL,True,382,NEUTRAL,
2026-09-20T16:25:17.742826,GPT-OSS-120B,LLM,70B,groq,10,Deliveries will start in the second half of 2007 and the start-up of the mill is...,NEUTRAL,financial_news_sentiment,unspecified,3,NEUTRAL,True,380,NEUTRAL,
2026-09-20T16:25:20.828694,GPT-OSS-120B,LLM,70B,groq,11,"Steek , which was set up in 2002 , is based in Bordeaux , southwestern France .",NEUTRAL,financial_news_sentiment,unspecified,1,NEUTRAL,True,504,NEUTRAL,
2026-09-20T16:25:23.763551,GPT-OSS-120B,LLM,70B,groq,11,"Steek , which was set up in 2002 , is based in Bordeaux , southwestern France .",NEUTRAL,financial_news_sentiment,unspecified,2,NEUTRAL,True,343,NEUTRAL,
2026-09-20T16:25:26.794920,GPT-OSS-120B,LLM,70B,groq,11,"Steek , which was set up in 2002 , is based in Bordeaux , southwestern France .",NEUTRAL,financial_news_sentiment,unspecified,3,NEUTRAL,True,436,NEUTRAL,
2026-09-20T16:25:29.817798,GPT-OSS-120B,LLM,70B,groq,12,"Outotec said it won new orders worth 492.9 mln eur during the quarter , compared...",POSITIVE,financial_news_sentiment,unspecified,1,POSITIVE,True,442,POSITIVE,
2026-09-20T16:25:32.791052,GPT-OSS-120B,LLM,70B,groq,12,"Outotec said it won new orders worth 492.9 mln eur during the quarter , compared...",POSITIVE,financial_news_sentiment,unspecified,2,POSITIVE,True,375,POSITIVE,
2026-09-20T16:25:35.771729,GPT-OSS-120B,LLM,70B,groq,12,"Outotec said it won new orders worth 492.9 mln eur during the quarter , compared...",POSITIVE,financial_news_sentiment,unspecified,3,POSITIVE,True,404,POSITIVE,
2026-09-20T16:25:38.684383,GPT-OSS-120B,LLM,70B,groq,13,"The store is located in Poznan in a shopping center named Pestka , the company a...",NEUTRAL,financial_news_sentiment,unspecified,1,NEUTRAL,True,333,NEUTRAL,
2026-09-20T16:25:41.712230,GPT-OSS-120B,LLM,70B,groq,13,"The store is located in Poznan in a shopping center named Pestka , the company a...",NEUTRAL,financial_news_sentiment,unspecified,2,NEUTRAL,True,447,NEUTRAL,
2026-09-20T16:25:44.855588,GPT-OSS-120B,LLM,70B,groq,13,"The store is located in Poznan in a shopping center named Pestka , the company a...",NEUTRAL,financial_news_sentiment,unspecified,3,NEUTRAL,True,554,NEUTRAL,
2026-09-20T16:25:47.793867,GPT-OSS-120B,LLM,70B,groq,14,The value of the order is USD 2.2 mn .,NEUTRAL,financial_news_sentiment,unspecified,1,NEUTRAL,True,353,NEUTRAL,
2026-09-20T16:25:50.744610,GPT-OSS-120B,LLM,70B,groq,14,The value of the order is USD 2.2 mn .,NEUTRAL,financial_news_sentiment,unspecified,2,NEUTRAL,True,371,NEUTRAL,
2026-09-20T16:25:53.675935,GPT-OSS-120B,LLM,70B,groq,14,The value of the order is USD 2.2 mn .,NEUTRAL,financial_news_sentiment,unspecified,3,NEUTRAL,True,343,NEUTRAL,
2026-09-20T16:25:56.609497,GPT-OSS-120B,LLM,70B,groq,15,The company expects meat purchases to remain at about 8mn kilos in 2011 .,NEUTRAL,financial_news_sentiment,unspecified,1,NEUTRAL,True,339,NEUTRAL,
2026-09-20T16:25:59.638560,GPT-OSS-120B,LLM,70B,groq,15,The company expects meat purchases to remain at about 8mn kilos in 2011 .,NEUTRAL,financial_news_sentiment,unspecified,2,NEUTRAL,True,451,NEUTRAL,
2026-09-20T16:26:02.654156,GPT-OSS-120B,LLM,70B,groq,15,The company expects meat purchases to remain at about 8mn kilos in 2011 .,NEUTRAL,financial_news_sentiment,unspecified,3,NEUTRAL,True,420,NEUTRAL,
2026-09-20T16:26:05.608139,GPT-OSS-120B,LLM,70B,groq,16,Finnish house manufacturers are targeting the strongly growing one-family house ...,NEUTRAL,financial_news_sentiment,unspecified,1,POSITIVE,False,377,POSITIVE,
2026-09-20T16:26:08.458784,GPT-OSS-120B,LLM,70B,groq,16,Finnish house manufacturers are targeting the strongly growing one-family house ...,NEUTRAL,financial_news_sentiment,unspecified,2,POSITIVE,False,267,POSITIVE,
2026-09-20T16:26:11.455794,GPT-OSS-120B,LLM,70B,groq,16,Finnish house manufacturers are targeting the strongly growing one-family house ...,NEUTRAL,financial_news_sentiment,unspecified,3,POSITIVE,False,406,POSITIVE,
2026-09-20T16:26:14.532340,GPT-OSS-120B,LLM,70B,groq,17,The deal was worth about EUR 1.2 mn .,NEUTRAL,financial_news_sentiment,unspecified,1,NEUTRAL,True,498,NEUTRAL,
2026-09-20T16:26:17.577487,GPT-OSS-120B,LLM,70B,groq,17,The deal was worth about EUR 1.2 mn .,NEUTRAL,financial_news_sentiment,unspecified,2,NEUTRAL,True,461,NEUTRAL,
2026-09-20T16:26:20.674403,GPT-OSS-120B,LLM,70B,groq,17,The deal was worth about EUR 1.2 mn .,NEUTRAL,financial_news_sentiment,unspecified,3,NEUTRAL,True,512,NEUTRAL,
2026-09-20T16:26:23.663049,GPT-OSS-120B,LLM,70B,groq,18,Any investment or investment activity to which this communication relates is onl...,NEUTRAL,financial_news_sentiment,unspecified,1,NEUTRAL,True,412,NEUTRAL,
2026-09-20T16:26:26.758136,GPT-OSS-120B,LLM,70B,groq,18,Any investment or investment activity to which this communication relates is onl...,NEUTRAL,financial_news_sentiment,unspecified,2,NEUTRAL,True,516,NEUTRAL,
2026-09-20T16:26:29.694072,GPT-OSS-120B,LLM,70B,groq,18,Any investment or investment activity to which this communication relates is onl...,NEUTRAL,financial_news_sentiment,unspecified,3,NEUTRAL,True,354,NEUTRAL,
2026-09-20T16:26:32.826421,GPT-OSS-120B,LLM,70B,groq,19,Following the increase the company+EUR TM s capital totals 5.5 mln Romanian lei...,NEUTRAL,financial_news_sentiment,unspecified,1,NEUTRAL,True,513,NEUTRAL,
2026-09-20T16:26:35.831786,GPT-OSS-120B,LLM,70B,groq,19,Following the increase the company+EUR TM s capital totals 5.5 mln Romanian lei...,NEUTRAL,financial_news_sentiment,unspecified,2,NEUTRAL,True,407,NEUTRAL,
2026-09-20T16:26:38.922555,GPT-OSS-120B,LLM,70B,groq,19,Following the increase the company+EUR TM s capital totals 5.5 mln Romanian lei...,NEUTRAL,financial_news_sentiment,unspecified,3,NEUTRAL,True,502,NEUTRAL,
2026-09-20T16:26:42.017987,GPT-OSS-120B,LLM,70B,groq,20,Since the association 's data do not cover sales figures from about 100 small lo...,NEGATIVE,financial_news_sentiment,unspecified,1,NEGATIVE,True,515,NEGATIVE,
2026-09-20T16:26:45.132721,GPT-OSS-120B,LLM,70B,groq,20,Since the association 's data do not cover sales figures from about 100 small lo...,NEGATIVE,financial_news_sentiment,unspecified,2,NEGATIVE,True,514,NEGATIVE,
2026-09-20T16:26:48.191069,GPT-OSS-120B,LLM,70B,groq,20,Since the association 's data do not cover sales figures from about 100 small lo...,NEGATIVE,financial_news_sentiment,unspecified,3,NEGATIVE,True,470,NEGATIVE,
2026-09-20T16:26:51.353755,GPT-OSS-120B,LLM,70B,groq,21,"According to the Latvian business register , Uponor Latvia closed in red with LV...",NEGATIVE,financial_news_sentiment,unspecified,1,NEGATIVE,True,513,NEGATIVE,
2026-09-20T16:26:54.474839,GPT-OSS-120B,LLM,70B,groq,21,"According to the Latvian business register , Uponor Latvia closed in red with LV...",NEGATIVE,financial_news_sentiment,unspecified,2,NEGATIVE,True,538,NEGATIVE,
2026-09-20T16:26:57.603799,GPT-OSS-120B,LLM,70B,groq,21,"According to the Latvian business register , Uponor Latvia closed in red with LV...",NEGATIVE,financial_news_sentiment,unspecified,3,NEGATIVE,True,528,NEGATIVE,
2026-09-20T16:27:00.649735,GPT-OSS-120B,LLM,70B,groq,22,The issue came up in connection with discussion with local municipalities concer...,NEUTRAL,financial_news_sentiment,unspecified,1,NEUTRAL,True,451,NEUTRAL,
2026-09-20T16:27:03.630999,GPT-OSS-120B,LLM,70B,groq,22,The issue came up in connection with discussion with local municipalities concer...,NEUTRAL,financial_news_sentiment,unspecified,2,NEUTRAL,True,402,NEUTRAL,
2026-09-20T16:27:06.561183,GPT-OSS-120B,LLM,70B,groq,22,The issue came up in connection with discussion with local municipalities concer...,NEUTRAL,financial_news_sentiment,unspecified,3,NEUTRAL,True,330,NEUTRAL,
2026-09-20T16:27:09.519354,GPT-OSS-120B,LLM,70B,groq,23,Operating profit rose to EUR 13.1 mn from EUR 8.7 mn in the corresponding period...,POSITIVE,financial_news_sentiment,unspecified,1,POSITIVE,True,383,POSITIVE,
2026-09-20T16:27:12.577067,GPT-OSS-120B,LLM,70B,groq,23,Operating profit rose to EUR 13.1 mn from EUR 8.7 mn in the corresponding period...,POSITIVE,financial_news_sentiment,unspecified,2,POSITIVE,True,472,POSITIVE,
2026-09-20T16:27:15.585107,GPT-OSS-120B,LLM,70B,groq,23,Operating profit rose to EUR 13.1 mn from EUR 8.7 mn in the corresponding period...,POSITIVE,financial_news_sentiment,unspecified,3,POSITIVE,True,415,POSITIVE,
2026-09-20T16:27:18.671042,GPT-OSS-120B,LLM,70B,groq,24,"Its annual capacity is some 10,000 MW .",NEUTRAL,financial_news_sentiment,unspecified,1,NEUTRAL,True,497,NEUTRAL,
2026-09-20T16:27:21.813200,GPT-OSS-120B,LLM,70B,groq,24,"Its annual capacity is some 10,000 MW .",NEUTRAL,financial_news_sentiment,unspecified,2,NEUTRAL,True,564,NEUTRAL,
2026-09-20T16:27:24.902888,GPT-OSS-120B,LLM,70B,groq,24,"Its annual capacity is some 10,000 MW .",NEUTRAL,financial_news_sentiment,unspecified,3,NEUTRAL,True,516,NEUTRAL,
2026-09-20T16:27:27.941297,GPT-OSS-120B,LLM,70B,groq,25,"The Finnish company is building a 800,000 mt-year biodiesel plant in Singapore .",NEUTRAL,financial_news_sentiment,unspecified,1,POSITIVE,False,454,POSITIVE,
2026-09-20T16:27:31.086805,GPT-OSS-120B,LLM,70B,groq,25,"The Finnish company is building a 800,000 mt-year biodiesel plant in Singapore .",NEUTRAL,financial_news_sentiment,unspecified,2,POSITIVE,False,561,POSITIVE,
2026-09-20T16:27:34.216945,GPT-OSS-120B,LLM,70B,groq,25,"The Finnish company is building a 800,000 mt-year biodiesel plant in Singapore .",NEUTRAL,financial_news_sentiment,unspecified,3,POSITIVE,False,546,POSITIVE,
2026-09-20T16:27:37.128126,GPT-OSS-120B,LLM,70B,groq,26,The long-standing partnership and commitment enable both parties to develop thei...,POSITIVE,financial_news_sentiment,unspecified,1,POSITIVE,True,330,POSITIVE,
2026-09-20T16:27:40.081409,GPT-OSS-120B,LLM,70B,groq,26,The long-standing partnership and commitment enable both parties to develop thei...,POSITIVE,financial_news_sentiment,unspecified,2,POSITIVE,True,356,POSITIVE,
2026-09-20T16:27:43.025773,GPT-OSS-120B,LLM,70B,groq,26,The long-standing partnership and commitment enable both parties to develop thei...,POSITIVE,financial_news_sentiment,unspecified,3,POSITIVE,True,360,POSITIVE,
2026-09-20T16:27:46.097381,GPT-OSS-120B,LLM,70B,groq,27,"Aldata Solution , a global company engaged in supplier to consumer business proc...",NEUTRAL,financial_news_sentiment,unspecified,1,NEUTRAL,True,480,NEUTRAL,
2026-09-20T16:27:49.153064,GPT-OSS-120B,LLM,70B,groq,27,"Aldata Solution , a global company engaged in supplier to consumer business proc...",NEUTRAL,financial_news_sentiment,unspecified,2,NEUTRAL,True,480,NEUTRAL,
2026-09-20T16:27:52.118243,GPT-OSS-120B,LLM,70B,groq,27,"Aldata Solution , a global company engaged in supplier to consumer business proc...",NEUTRAL,financial_news_sentiment,unspecified,3,NEUTRAL,True,383,NEUTRAL,
2026-09-20T16:27:55.254243,GPT-OSS-120B,LLM,70B,groq,28,The reasons behind the estimate include the rise in 2008 rent levels and several...,NEUTRAL,financial_news_sentiment,unspecified,1,POSITIVE,False,547,POSITIVE,
2026-09-20T16:27:58.176651,GPT-OSS-120B,LLM,70B,groq,28,The reasons behind the estimate include the rise in 2008 rent levels and several...,NEUTRAL,financial_news_sentiment,unspecified,2,POSITIVE,False,352,POSITIVE,
2026-09-20T16:28:01.253697,GPT-OSS-120B,LLM,70B,groq,28,The reasons behind the estimate include the rise in 2008 rent levels and several...,NEUTRAL,financial_news_sentiment,unspecified,3,POSITIVE,False,478,POSITIVE,
2026-09-20T16:28:04.353534,GPT-OSS-120B,LLM,70B,groq,29,Finnish beverage company Olvi is introducing a new long drink Olvi Kultalonkero ...,NEUTRAL,financial_news_sentiment,unspecified,1,POSITIVE,False,511,POSITIVE,
2026-09-20T16:28:07.402357,GPT-OSS-120B,LLM,70B,groq,29,Finnish beverage company Olvi is introducing a new long drink Olvi Kultalonkero ...,NEUTRAL,financial_news_sentiment,unspecified,2,POSITIVE,False,473,POSITIVE,
2026-09-20T16:28:10.309969,GPT-OSS-120B,LLM,70B,groq,29,Finnish beverage company Olvi is introducing a new long drink Olvi Kultalonkero ...,NEUTRAL,financial_news_sentiment,unspecified,3,POSITIVE,False,327,POSITIVE,
2026-09-20T16:28:13.349333,GPT-OSS-120B,LLM,70B,groq,30,The current reference grade instruments are challenging to operate due to their ...,NEGATIVE,financial_news_sentiment,unspecified,1,NEGATIVE,True,456,NEGATIVE,
2026-09-20T16:28:16.421193,GPT-OSS-120B,LLM,70B,groq,30,The current reference grade instruments are challenging to operate due to their ...,NEGATIVE,financial_news_sentiment,unspecified,2,NEGATIVE,True,476,NEGATIVE,
2026-09-20T16:28:19.363111,GPT-OSS-120B,LLM,70B,groq,30,The current reference grade instruments are challenging to operate due to their ...,NEGATIVE,financial_news_sentiment,unspecified,3,NEGATIVE,True,359,NEGATIVE,
